first_name,middle_name,last_name,badge_count,profile_url
Shiva Sagar,,M,17,/users/shiva-sagar-m.9963b9a5/badges
Yeshwantrao,Tulshidas,Naik,1,/users/yeshwantrao-naik/badges
Muthyala,,Sandeep,1,/users/muthyala-sandeep/badges
Akshay,,Algeri,22,/users/akshay-algeri/badges
Naveen,,Kunder,20,/users/naveenkunder/badges
Papit,,Agrawal,1,/users/papit-agrawal.8918916d/badges
Konark,,Mittal,1,/users/konarkm68/badges
Hoysala,,Garudanagiri,13,/users/hoysala-garudanagiri/badges
Kanishk,,Jain,6,/users/kanishk-jain.77398db6/badges
vaibhavi,,k,6,/users/vaibhavi-k.bd7f6225/badges
Imran,,S,6,/users/imran-s.b116b973/badges
Padmasutha,,Vijayakumar,5,/users/padmasutha-vijayakumar/badges
Arunava,,Majumdar,7,/users/arunava-majumdar.7f6f9a63/badges
Vaishnavi,,Zanwar,7,/users/vaishnavi-zanwar.8505d235/badges
Shankar,,Mani,4,/users/shankar-mani.ad64527c/badges
Tresa,,Vinod,6,/users/tresa-vinod/badges
VinayKumar,,MB,6,/users/vinaykumar-mb/badges
Dheeraj,Kumar,Sah,16,/users/dheeraj-sah.db746fda/badges
Sachin,,Gowda,2,/users/sachin-gowda.ef7a73f3/badges
Aditi,,Bhatnagar,1,/users/aditi-bhatnagar.ab2f2327/badges
Sindhu,,Tadapaneni,1,/users/sindhu-tadapaneni/badges
Rajesh,,C N,22,/users/rajesh-c-n/badges
BAVISETTI ABHIRAM,,.,1,/users/bavisetti-abhiram/badges
Shashank,,SN,5,/users/shashank-sn/badges
Anila,,Annaparthi,1,/users/anila-annaparthi/badges
Madhav,,Achalla,4,/users/madhav-achalla.4a8b7bda/badges
Prasad,,Nimishakavi,1,/users/prasad-nimishakavi/badges
Manonmani,,Mayilsamy,1,/users/manonmani-mayilsamy/badges
Harish,,Saini,1,/users/harish-saini.669e32fa/badges
Rajesh,,Madamala,7,/users/rajesh-madamala/badges
Namrata,,Khargekar,1,/users/namrata-khargekar.ea926e2d/badges
Lavanya,,Nuthalapati,1,/users/lavanya-nuthalapati.a77c834d/badges
Sukumar,,Poreddy,6,/users/sukumar-poreddy/badges
Vinay,,C,18,/users/vinay-c.f7b7d8ef/badges
Praveen,,Huliyappanavar,17,/users/praveen-huliyappanavar/badges
Kusuri,,Karthik,1,/users/kusuri-karthik/badges
Balaji,,Sriramdas,12,/users/balaji-sriramdas/badges
Ajeet,Kumar,Chouksey,4,/users/ajeet-chouksey/badges
Namratha,,S,6,/users/namratha-s.a33d6625/badges
Arun,,Patnaik,6,/users/arun-patnaik.df0b80d2/badges
Surya,,M,1,/users/surya-m.56ec411e/badges
Subhabrata,,De,2,/users/subhabrata-de.b92b8354/badges
DUDYALA,,DIVYA SAI PRATHYUSHA,1,/users/dudyala-divya-sai-prathyusha/badges
Sushma,,S,1,/users/sushma-s.1429c220/badges
Adersh,,Ajith,1,/users/adersh-ajith/badges
Srikanth,,Adepu,1,/users/srikanth-adepu.91a63a80/badges
Monica,,P K,1,/users/monica-p-k.264c54d8/badges
Evin,,Tom,1,/users/evin-tom.2457a26f/badges
Sooraj,,Nair,1,/users/sooraj.r.nair/badges
Ashu,,Goyal,1,/users/ashu-goyal.32ed0522/badges
Bhaskar,,Jalagam,1,/users/bhaskar-jalagam.8217e94d/badges
Prateek Rai,,Srivastav,15,/users/prateek-rai-srivastav.78e79fcf/badges
Priyanshi,,Raghav,1,/users/priyanshi-raghav.8c1aabdf/badges
Shubhank,,Sharma,1,/users/shubhank-sharma.bb1a569d/badges
Kashish,,Singh,1,/users/kashish-singh.5933f1c1/badges
Srinivas,,Modhugula,1,/users/srinivas-modhugula/badges
Shaik,Ghouse,Rabbani,2,/users/shaik-rabbani.2f66ecc7/badges
Sangavi,,N,1,/users/sangavi-n.b2af27ab/badges
Uma,,Mahesh,1,/users/uma-mahesh.142bf88c/badges
MEDA,,KARTHIK,2,/users/meda-karthik.23bd7be5/badges
Shubham,,Pawar,1,/users/shubham-pawar.1fa62c43/badges
Hema Sri,,Bhavani,1,/users/hema-sri-bhavani/badges
Riya,,Belekar,1,/users/riya-belekar.a58791b2/badges
Venkatachalam,,A,1,/users/venkatachalam-a.7755776b/badges
Stephie,,Mercy,15,/users/stephie-mercy/badges
Rohit,,Kale,12,/users/rohit-kale.873334b5/badges
Mamidala,,Supriya,1,/users/mamidala-supriya/badges
Aniruddha,,Jere,7,/users/aniruddha-jere/badges
Akshay,,Kumar,13,/users/akshay-kumar.26f4470d/badges
Ashutosh,,Dubey,1,/users/ashutosh-dubey.21fed934/badges
Sriuthragomathi,,S,1,/users/sriuthragomathi-s/badges
NARENDRA,,SAI,1,/users/narendra-sai.7fb4ec89/badges
A S,,Kavyashri,4,/users/a-s-kavyashri/badges
aritra,,chakraborty,1,/users/aritra-chakraborty.e20e8dcd/badges
Sandeep,,Doddamani,20,/users/sandeep-doddamani/badges
Bhavyashree,,SS,11,/users/bhavyashree-ss/badges
KURUVA,,SANDEEP,17,/users/kuruva-sandeep.62288725/badges
PRAVENDRA,,RAJPUT,5,/users/pravendra-rajput/badges
Narasimha,,Kudva,21,/users/narasimha-kudva.d13f4b52/badges
Arpit,,Jere,17,/users/arpit-jere/badges
Mirra,,VALLIAMMAI,1,/users/mirra-valliammai/badges
Kuldeep,,Saini,22,/users/kuldeep-saini.9be84ec9/badges
Selvan,,Sellamuthu,1,/users/selvan-sellamuthu.99f152ab/badges
Nuthi,,Prathyusha,20,/users/nuthi-prathyusha/badges
Dasari Ramesh,,Kumar,19,/users/ramesh.dasari/badges
Shobini,,Vemuri,1,/users/shobini-vemuri/badges
Pradeep,,Kumar M,1,/users/pradeep-kumar-m.66d863da/badges
Akshay,,Hosur,16,/users/akshay-hosur/badges
Hrithik,,Banerjee,1,/users/hrithik-banerjee.9dda20b9/badges
Shashank,,Gupta,1,/users/shashank-gupta.e8df030c/badges
Manimaran,,G,1,/users/manimaran-g.d81fcd12/badges
Santhosh,,G,1,/users/santhosh-g.b0ed85b2/badges
Mihir,,Kulkarni,15,/users/mihir-kulkarni.00d25bea/badges
Thulsi Ram,,Vijaya Kumar,11,/users/thulsiramvijayakumar/badges
Nagaraju,,Matta,6,/users/nagaraju-matta.27ed854e/badges
Kosuri,,Sai Lakshmi,1,/users/kosuri-sai-lakshmi.2a37fbd5/badges
rajnish,,virpate,1,/users/rajnish-virpate/badges
Manvendra Singh,,Rathore,1,/users/manvendra-singh-rathore.557a5407/badges
Soumya,,Datta,9,/users/soumya-datta.23bfcf3f/badges
Utkarsh,,Patil,1,/users/utkarsh-patil.4d0e4183/badges
Dhananjay,,Pratap singh,1,/users/dhananjay-pratap-singh.b0dc4063/badges
Yogesh,,Patil,1,/users/yogesh-patil.9e91ae2f/badges
SOMPALLI,,RAMU,1,/users/sompalli-ramu/badges
Chirag,,Jain,1,/users/chirag-jain.24060e17/badges
lohika,,lohi,1,/users/lohika-lohi/badges
sakshi,,relkar,1,/users/sakshi-relkar/badges
Sanjana,,Varri,1,/users/sanjana-varri/badges
Meelu,,Mohandas C,1,/users/meelu-mohandas-c/badges
Veerababu,,Mallavarapu,10,/users/veerababu-mallavarapu/badges
Saran,,Dhandapani Brindha,14,/users/saran-dhandapani-brindha/badges
NIKHIL,,GOWDA N,16,/users/nikhil-gowda-n/badges
Soumya,,Mandal,1,/users/soumya-mandal.c31d40ce/badges
Ankita,,Prabhakar(Wipro),1,/users/ankita-prabhakar-wipro/badges
Meghana,,Prasad,10,/users/meghana-prasad.ccba07e8/badges
Suruchi,,Gaitonde,2,/users/suruchi-gaitonde/badges
Arindam,,Das,12,/users/arindam-das.b63d3f5f/badges
Indrajit,,Biswas,2,/users/indrajit-biswas.db25ca50/badges
Nagaraj,,Bhairaji,10,/users/nagaraj-bhairaji/badges
Linu,,Lukose,1,/users/linu-lukose/badges
Geeta,,Chopra,1,/users/geeta-chopra.029432b5/badges
Vineet,,Kumar,10,/users/vineet-kumar.df01a9b4/badges
Sukumar,,Paul,1,/users/sukumar-paul.30c333f7/badges
Ummer Farooque,,M,1,/users/ummer-farooque-m/badges
Ankita,,Biswas,1,/users/ankita-biswas.6b9109ce/badges
Adithya,,MS,17,/users/adithya-ms.f90708a6/badges
Alekya,,Immidisetty,1,/users/alekya-immidisetty/badges
Sanjay,,T,1,/users/sanjay-t.a629e230/badges
Satyam,,Srivastava,1,/users/satyam-srivastava.f5afd8aa/badges
Rishindra Varma,,Manthena,1,/users/rishindra-varma-manthena.401df5d8/badges
Sajith,,Radhakrishnan,2,/users/sajith-radhakrishnan.57f2f1c2/badges
sudheer,,chandra,6,/users/sudheer-chandra/badges
Naresh,,Pulipati,5,/users/naresh-pulipati.ae46f09f/badges
REDDY MEGHANA,,DULLA,1,/users/reddy-meghana-dulla/badges
Shiva Bhargavi,,Annapureddy,1,/users/shiva-bhargavi-annapureddy.e8dedfa1/badges
Pranayan,,Das,1,/users/pranayan-das.3a00d264/badges
Pooja,,Bhagavan,1,/users/pooja-bhagavan.813e348e/badges
Karthikeyan,,S,1,/users/karthikeyan-s.aaeec709/badges
Vijayalakshmi,,T,2,/users/vijayalakshmi-t.c772b577/badges
Balananthini,,Nagarajan,1,/users/balananthini-nagarajan.2fcdbfc4/badges
ASHIKA,,PARVEEN,1,/users/ashika-parveen/badges
Mownika,,S,1,/users/s-mownika/badges
Malathi,,Gudapati,1,/users/malathi-gudapati.18cfb638/badges
Archana,,Anoop,1,/users/archana-anoop/badges
Ishaan,,Sharma,1,/users/ishaan-sharma.9e98b30c/badges
Deepa,,Toravi,15,/users/deepa-toravi/badges
Anis,,Patel,1,/users/anis-patel.b4dca43d/badges
Shankaragoud,,Biradar,18,/users/shankaragoud-biradar.23a05304/badges
Raghavendra,,Shirashyad,16,/users/raghavendra-shirashyad/badges
Mohan,,B S,3,/users/mohan-s.6b62fc53/badges
Konkala,,Rajasekhar Reddy,12,/users/rajasekhar-reddy-konkala/badges
Praveen,K,Rugi,16,/users/praveen-rugi.9753a90e/badges
Priya,,Solanki,12,/users/priya-solanki.8042de6e/badges
Nagaraj,,Hubli Viswanath,1,/users/nagaraj-hubli-viswanath/badges
AmruthaRavali,,Kunisetti,1,/users/amrutharavali-kunisetti/badges
Prashant,,Kamboj,1,/users/prashant-kamboj.adbc3e52/badges
Harika,,Reddy,1,/users/harika-reddy.2a2e1bfb/badges
SIRISHA,,MANJUNATH,1,/users/sirisha-manjunath.a84c95e3/badges
Ghanta,,Nikhitha,1,/users/ghanta-nikhitha/badges
Shivam,,.,1,/users/shivam.f9a3c191/badges
SAMANWITA,,HARICHANDAN,1,/users/samanwita-harichandan/badges
Lokesh,,Reddy,1,/users/lokesh-reddy.4264f13b/badges
Deepika,,H,1,/users/deepika-h.be9d5e05/badges
Praveen,,Sinha,1,/users/praveen-sinha.dd814443/badges
Saurabh Nath,,Tiwari,1,/users/saurabh-nath-tiwari/badges
Sourabh,,Mengi,1,/users/sourabhmengi/badges
Pasupatheeswaran,,Nallathambi,1,/users/pasupatheeswaran-nallathambi.01ef9b74/badges
Bishal Kumar,,Thakur,1,/users/bishal-kumar-thakur/badges
Sucheta,,Krishnarao Belvi,1,/users/sucheta-krishnarao-belvi/badges
Priyanka,,Satapathy,1,/users/priyanka-satapathy.4a054fc3/badges
Pragti,,.,1,/users/study.pragti/badges
Vivek,,Kaushik,1,/users/vivek-kaushik.6d068ae8/badges
Piyush,,Vishwakarma,1,/users/piyush-vishwakarma.bd659395/badges
Tejaram,,Sutar,1,/users/tejaram-sutar/badges
Mahesh,,Chittimi,1,/users/mahesh-chittimi/badges
Chandra Bhushan,,Singh,1,/users/chandra-bhushan-singh.fb1d28c2/badges
Prasun,,Dasgupta,1,/users/prasun-dasgupta.42aad7fd/badges
ASHIM,,MAHAJAN,1,/users/ashim-mahajan/badges
Garima,,Jain,1,/users/garima-jain.2bc07141/badges
Sindu,,K,1,/users/sindu-k.b909b70e/badges
Srijan,,Shekhar,1,/users/srijan-shekhar.a31fbec7/badges
Ujjwal,,Sharma,1,/users/ujjwal-sharma.03f83b17/badges
AJAY KUMAR,,K,1,/users/ajay-kumar-k.fdc3422a/badges
SUNKARA SRUJAN BHARGAV,,.,1,/users/sunkara-srujan-bhargav/badges
Vikas,,Damle,1,/users/vikas-damle/badges
Sai Kumar,,Pallerla,1,/users/sai-kumar-pallerla.112e2fc2/badges
Hemanth,,Devarayanadurga,2,/users/hemanth-devarayanadurga.f669ea0d/badges
Himanshu,,Sharma,1,/users/himanshu-sharma.85aac579/badges
Upendra,,Lingam,1,/users/upendra-lingam.0321753e/badges
Janani,,Ramya T R,1,/users/janani-ramya-t-r.f6c75e03/badges
Prerna,,Singh,1,/users/prerna-singh.52edc706/badges
Devi,,Simma,1,/users/devi-simma/badges
Jayamala,,Jamedar,1,/users/jayamala-jamedar/badges
Prabhu,,Galebe Rachanna,1,/users/prabhu-galebe-rachanna/badges
Nirmal,,Jeyapal,2,/users/nirmal-jeyapal/badges
Mehul,,Chopra,2,/users/mehul-chopra.26de134d/badges
Sai,,Pavan,1,/users/sai-pavan.67577279/badges
Bhanu Prakash,,Nattala,1,/users/bhanu-prakash-nattala.4d053ef3/badges
Gopal,,Pattanaik,1,/users/gopal-pattanaik/badges
Venkata Janendra,,Pachigolla,1,/users/venkata-janendra-pachigolla/badges
Abhay,,Chadha,1,/users/abhay-chadha.6043d65c/badges
Shalini,,R,2,/users/shalini-r.fff753b8/badges
Santanu,,Chowdhury,2,/users/santanu-chowdhury.1dd8b434/badges
Pranitha,,Enjamuri,1,/users/pranitha-enjamuri/badges
Vijender,,SINGH,1,/users/vijender-singh.6726f672/badges
Prabhash Kumar,,Prabhat,1,/users/prabhash-kumar-prabhat/badges
Ishnimrat,,Kaur,2,/users/ishnimrat-kaur.6c599280/badges
Amul,,Kumar,1,/users/amul-kumar/badges
Rajneet,,Kaur,1,/users/rajneet-kaur.64608ab8/badges
Raushan,,Singh,1,/users/raushan-singh.6090682a/badges
VANITHASREE,,SUBRAMANIAN,1,/users/vanithasree-subramanian/badges
Deepthi,,Anantharam,4,/users/deepthi-anantharam/badges
Ashish,,Roy,1,/users/ashish-roy.c0a442fc/badges
shivam,,Singh,1,/users/shivam-singh.d5bcb108/badges
Jyoti,,Sharma,1,/users/jyoti-sharma.ca3f4381/badges
Indrajit,,Banerjee,1,/users/indrajit-banerjee.f98d31ed/badges
Dilsher,,Grewal,1,/users/dilsher-grewal/badges
MANDY,,BANDARU,1,/users/mandy-bandaru/badges
Harsh,,Mangal,1,/users/harsh-mangal.7dcb5228/badges
Jayasurya,,M,1,/users/jayasurya-m.edb95b1e/badges
Kiran,,Borana,1,/users/kiran-borana/badges
BHARATI,,SWAMI,1,/users/bharati-swami.59b487cb/badges
NaveenKumar,,Gopagani,1,/users/naveenkumar-gopagani/badges
Suryaprakash,,Maurya,1,/users/suryaprakash-maurya.0218fc70/badges
Akhila,,Surendran,1,/users/akhila-surendran.cb32c03d/badges
Eswarraj,,B,1,/users/eswarraj-b/badges
Rohit,,Goyal,1,/users/rohit-goyal.91601186/badges
Aditi,,Jain,1,/users/aditi-jain.d4b8d64f/badges
Noone,,Ramya,1,/users/noone-ramya/badges
Ashutosh,,Upadhyay,1,/users/ashutosh-upadhyay.c1d45eba/badges
Heera,,Jaiswal,1,/users/heera-jaiswal/badges
Sambit,,Baliarsingh,1,/users/sambit-baliarsingh.300d5358/badges
Ashwini,,Vatsa,1,/users/ashwini-vatsa/badges
Shaik,,Abedeen Asra,11,/users/abededeen-asra/badges
Hemavathi,,N,1,/users/hemavathi-n.3f5bfae5/badges
Snehal,,Kshirsagar,1,/users/snehal-kshirsagar.c6841ad5/badges
Ramesh,,Ramasamy,1,/users/ramesh-ramasamy.dcdbfd83/badges
Niranjana,,K,19,/users/niranjana-koni/badges
Jaina,,Vinod Kumar,14,/users/jaina-vinod-kumar/badges
Karthick,,Manikandan,10,/users/karthick-manikandan.ac216814/badges
Deepika,,Malik,1,/users/deepika-malik/badges
Megha,,Kayal,1,/users/megha-kayal/badges
Dhanashree_,,Kedari,1,/users/dhanashree_-kedari/badges
Vijayendra,,Shah,1,/users/vijayendra-shah/badges
Abhishek,,Arya,1,/users/abhishek-arya.4bc5246b/badges
Jyothika,,Kamuju,1,/users/jyothika-kamuju/badges
Amruta,,Patil,1,/users/amruta-patil.7633a665/badges
Vinod,,Vijayan,1,/users/vinod-vijayan.a3028d9b/badges
Lavanya,,eswaran,1,/users/lavanya-eswaran.607c0244/badges
Deepthy,,Mathews,1,/users/deepthy-mathews/badges
Santhosh Kumar,,Singaraju,9,/users/santhosh-s.be993228/badges
Venkata krishna,,Kalva,1,/users/venkata-krishna-kalva.7740f0a4/badges
Shirisha,,Madur,1,/users/shirisha-madur/badges
Vignesh,,balaji,1,/users/vignesh-balaji.db9638ef/badges
Keerthana,,B,1,/users/keerthana-b.0f0a8202/badges
PONUGOTI DUGESH,,.,1,/users/ponugoti-dugesh/badges
Nazeema,,Shaik,1,/users/nazeema-shaik.8c0d6fe3/badges
Shreyas,,N,1,/users/shreyas-n.e4e5326a/badges
Kotari,,Chenchu Parameswar,1,/users/kotari-chenchu-parameswar.82aec883/badges
Yasher,,Mahmood,1,/users/yasher-mahmood/badges
Nithin,,Thampi,1,/users/nithin-thampi.a58aced3/badges
Santosh.,,Anantharamaiah,1,/users/santosh-anantharamaiah/badges
Anitha,,Manian,1,/users/anitha-manian/badges
AEKULA JHANSI,,.,1,/users/aekula-jhansi/badges
Lakshmi Narasimhan,,R,1,/users/lakshmi-narasimhan-r.d6e83fe4/badges
Janhavi,,Phirke,1,/users/janhavi-phirke.54b53274/badges
Rupesh,,Nahar,1,/users/rupesh-nahar.749f3092/badges
Aishani,,Banerjee,1,/users/aishani-banerjee/badges
sampath,,Madineni,1,/users/sampath-madineni.4e8feaf5/badges
Harish,,Porandla,1,/users/harish-porandla/badges
Sunkesula,,Thaniya,1,/users/sunkesula-thaniya/badges
Subhadip,,Mondal,1,/users/subhadip-mondal.1e1cc8aa/badges
Md Chand,,Ansari,1,/users/md-chand-ansari/badges
Kundan,,Thakur,1,/users/kundan-thakur.9ae6ba35/badges
Swati,,Upadhyay,1,/users/swati-upadhyay.e39fc03d/badges
Bibek,,Rana,1,/users/bibek-rana.55cdaeaf/badges
Abhishek Kumar,,Dixit,1,/users/abhishek-kumar-dixit/badges
JEGADEESAN,,PONNUSAMY,2,/users/jegadeesan-ponnusamy.8949595d/badges
Anshu,,Singh,1,/users/anshu-singh.978dad42/badges
Anand,,Singh,1,/users/anand-singh.1756676d/badges
Pulkit,,Darwani,1,/users/pulkit-darwani/badges
Divanshu,,Yadav,1,/users/divanshu-yadav/badges
Reddysubbareddy,,Chintamreddy,1,/users/reddysubbareddy-chintamreddy/badges
Ankit,,Kumar,2,/users/ankit-kumar.e5019827/badges
gayatri,,Adke,1,/users/gayatri-adke/badges
Sonam,,Vitthal,1,/users/sonam-vitthal/badges
Parthasarathi,,Sett,1,/users/parthasarathi-sett/badges
Rincy,,Johnson,1,/users/rincy-johnson/badges
Athira,,TM,1,/users/athira-tm.60034bd8/badges
Abhishek,,Raj,1,/users/abhishek-raj.ea2fdea7/badges
Bhoomika,,Rawat,1,/users/bhoomika-rawat/badges
Vikas,,Kumar,3,/users/vikas-kumar.f2428a4d/badges
Anand,,Bikkavilli,1,/users/anand-bikkavilli.73015553/badges
Aravindu,,S,1,/users/aravindu-s/badges
Bhuvandhavee,,Mollagiri,1,/users/bhuvandhavee-mollagiri/badges
Vishal,,Agarwal,2,/users/vishal-agarwal.4a26457b/badges
Vishnu Vardhan,,Gollapalli,1,/users/vishnu-vardhan-gollapalli/badges
Sneha,,Sharma,1,/users/sneha-sharma.974919c0/badges
Ramalinga Raju,,Pusapadi Srirenga Raja,1,/users/ramalinga-raju-pusapadi-srirenga-raja/badges
Abhiram,,Tamarapalli,1,/users/abhiram-tamarapalli.51fcce5b/badges
Disha,,Hondadkatti,1,/users/disha-hondadkatti.4fe30720/badges
MONIKASHREE,,NAGESH,1,/users/monikashree-nagesh/badges
Raakesh,,Devan,2,/users/raakesh-devan.469771ce/badges
Rashi,,Gupta,1,/users/rashi-gupta.1ad3ac49/badges
Anubhav,,.,1,/users/anubhav.ce201c1a/badges
Susovan,,Maji,1,/users/susovan-maji.cc9a3b90/badges
DADE,,SAICHARAN,1,/users/dade-saicharan/badges
GANGISETTY SATYA RAMA NAGA HOTHASAN,,22BCB7300,1,/users/gangisetty-satya-rama-naga-hothasan-22bcb7300/badges
srithy,,p,1,/users/srithy-p/badges
Amit Kumar,,Biswas,1,/users/amit-kumar-biswas.989c2a84/badges
Vaibhav,,Singla,1,/users/vaibhav-singla.cf17e400/badges
Kumar,,Gautam,1,/users/kumar-gautam.9728f726/badges
Kiran Kumar,,M,1,/users/kiran-kumar-m.e66ebf22/badges
Moorthy,,Thankappan,1,/users/moorthy-thankappan/badges
Kamaleswaran,,Selvakumar,1,/users/kamaleswaran-selvakumar/badges
Ignatious,,Pauly,1,/users/ignatious-pauly/badges
saisrinivas,,korasikha,1,/users/saisrinivas-korasikha/badges
Nikhil,,Sharma,1,/users/nikhil-sharma.c4c62b8a/badges
Abhilash,,Issac,5,/users/abhilash-issac/badges
Sandeepan Roy,,Choudhary,1,/users/sandeepan-roy-choudhary/badges
Dheeraj,,Dogiparthi,1,/users/dheeraj-dogiparthi/badges
SHRADHA,,Jadhav,1,/users/shradha-jadhav.672ccc53/badges
George,,Fernandez,1,/users/george-fernandez.e25cf20d/badges
Vemula,,Yedukondalu,1,/users/vemula-yedukondalu.ac0e4fa1/badges
Hiranmayee,,Chakkilam,1,/users/hiranmayee-chakkilam/badges
Raghavendra,,Pai,1,/users/raghavendra-pai.9fe41976/badges
Jaswanth Kumar,,K,2,/users/jaswanth-kumar-k.ed1f8dad/badges
Sai Satwik,,Neelam,1,/users/sai-satwik-neelam.59e22cfc/badges
jakkampudi,,raviteja,1,/users/jakkampudi-raviteja/badges
Vineeth,,Gowda A B,1,/users/vineeth-gowda-a-b/badges
Manish,,Kumar,1,/users/manish-kumar.02b3ceb9/badges
Hamsini,,P,1,/users/hamsini-p.aaf3b8f3/badges
PRATIK JATINDRA,,PAWAR,1,/users/pratik-jatindra-pawar/badges
Pavithra,,R R,1,/users/pavithra-r-r.07ae6f5a/badges
Gayathri,,P S,1,/users/gayathri-p-s.eb97cc23/badges
Athira,,VK,1,/users/athira-vk.0e0cfcd4/badges
Ajmi,,Neeliyanickal Ibrahim,1,/users/ajmi-neeliyanickal-ibrahim/badges
Arjun,,Pal,1,/users/arjun-pal.feb24f1f/badges
Rushitha,,Mandhalapu,1,/users/rushitha-mandhalapu/badges
John,,Mathew,1,/users/john-mathew.781e3a92/badges
Meraj,,Ahmed,1,/users/meraj-ahmed.0a0c6faa/badges
Srinivaasan,,Chidambaram,1,/users/srinivaasan-chidambaram.26fc30f8/badges
hariz,,nifty,1,/users/hariz-nifty/badges
Manjil,,Khambe,1,/users/manjil-khambe/badges
Shweta Arya,,Munjal,1,/users/shweta-arya-munjal/badges
Mohit,,Jain,1,/users/mohit-jain.11b3ef83/badges
Deepak,,Gondkar,1,/users/deepak-gondkar/badges
Arya,,Babu MB,1,/users/arya-babu-mb/badges
Sandhya,,Thurpati,1,/users/sandhya-thurpati/badges
avdhesh,,Porwal,1,/users/avdhesh-porwal/badges
Jaya,,A R,1,/users/jaya-a-r.c1bdf80c/badges
Pushparoja,,S,1,/users/pushparoja-s/badges
Nameera,,Shaik,1,/users/nameera-shaik.c5fab0f1/badges
Neenu,,Peter,1,/users/neenu-peter/badges
Abhishek,,Sarkar,1,/users/abhishek-sarkar.04ee2d8f/badges
poornima,,.,1,/users/poornima.d9ad62f3/badges
Bhanu priya,,Paladi,1,/users/bhanu-priya-paladi/badges
Bhuma,,Ramyasree,1,/users/bhuma-ramyasree/badges
Ananya,,Bhat K S,2,/users/ananya-bhat-k-s.e4faec92/badges
Akhilesh,,Pal,1,/users/akhilesh-pal.6bf06d81/badges
Anwar,,Basha,1,/users/anwar-basha.e1aac98a/badges
Athira,,V,1,/users/athira-v.bc84ad57/badges
MEIYANANTHAN,,R,1,/users/meiyananthan-r.3daf7774/badges
Prakriti,,Sharma,1,/users/prakriti-sharma.ebc18691/badges
Lokesh,,Raju,1,/users/lokesh-raju.f871db5b/badges
Kalidindi Krishna,,Teja,1,/users/kalidindi-krishna-teja/badges
Purimetla,,Ashwini,1,/users/purimetla-ashwini/badges
Sivasubramaniyam,,S,1,/users/sivasubramaniyam-s/badges
Pranoti,,Govekar,1,/users/pranoti-govekar.b80f0633/badges
Manish,,Dubey,1,/users/manish-dubey.2cfb0f7b/badges
Ahamed Mydeen,,T M,1,/users/ahamed-mydeen-t-m/badges
Utkarsh,,Tripathi,1,/users/utkarsh-tripathi.d20a4d11/badges
Manish,,Rathour,1,/users/manish-rathour.efc11de5/badges
Jayateerth,,Kulkarni,1,/users/jayateerth-kulkarni.90a91e4d/badges
shaheda,,Mohammed,1,/users/shaheda-mohammed/badges
Jyothi,,Kanusu,1,/users/jyothi-kanusu/badges
shivaprasad,,naik koli,1,/users/shivaprasad-naik-koli/badges
Gayathri,,G,1,/users/gayathri-g.6d81ed45/badges
Angshuman,,Mukherjee,2,/users/angshuman-mukherjee/badges
Faithlin,,f...l@ltimindtree.com,2,/users/faithlin-f-l-ltimindtree-com/badges
Divya,,Krishna,1,/users/divya-krishna.e836ed7b/badges
sai kiran,,Bikshanuta,1,/users/sai-kiran-bikshanuta/badges
Paramesh,,Mk,1,/users/paramesh-mk.1f828a38/badges
Pavan Kumar,,Arvapally,1,/users/pavan-kumar-arvapally.49c1490a/badges
Kshitij,,Jadhav,1,/users/kshitij-jadhav.edd1233a/badges
Sankarram,,G,1,/users/sankarram-g.a10a74ec/badges
Nikita,,Shinolkar,1,/users/nikita-shinolkar/badges
Prity,,Aherwal,1,/users/prity-aherwal/badges
Kanika,,Gupta,1,/users/kanika-gupta.c6c729ec/badges
Pragathi,,Panda,1,/users/pragathi-panda/badges
Jayalakshmi,,Karni,1,/users/jayalakshmi-karni/badges
Aniket,,Verma,1,/users/aniket-verma.361bc06e/badges
Balusu,,Naga Sai,1,/users/balusu-naga-sai/badges
Sanjay,,Goud,1,/users/sanjay-goud/badges
shashi kiran lakshmansandra,,masthara ranganath,1,/users/shashi-kiran-lakshmansandra-masthara-ranganath/badges
Lakshmi,,Narayanan,1,/users/lakshmi-narayanan.f80cd689/badges
Srilekha,,Kasanagottu,1,/users/srilekha-kasanagottu/badges
Loka priya,,M,1,/users/loka-priya-m/badges
ketan,,kulkarni,1,/users/ketan-kulkarni.da3fdadf/badges
Vidhya,,Pavan,1,/users/vidhya-pavan/badges
Vijaykumar,,Ramasamy,2,/users/vijaykumar-ramasamy/badges
Nagesh,,G N,2,/users/nagesh-g-n.43eafb52/badges
Mounika,,Lunavath,1,/users/mounika-lunavath/badges
Aakanksha,,v,1,/users/aakanksha-v/badges
Kishore,,R,1,/users/kishore-r.ee801346/badges
Rajesh,,Mag,1,/users/rajeshmag/badges
Kushal,,Reddy,1,/users/kushal-reddy.c58c5493/badges
ratan,,karande,1,/users/ratan-karande.61859f70/badges
Santhosh Kumar,,Shanmugam,1,/users/santhosh-kumar-shanmugam.7278861f/badges
Varsha,,Kadam,1,/users/varsha-kadam.42ca2593/badges
Ramanan,,Sambandam,1,/users/ramanan-sambandam/badges
pankaj,,pandey,1,/users/pankaj-pandey.5a0ee45e/badges
Rithika,,Tamada,1,/users/rithika-tamada.490ff841/badges
Pratibha Shriprakash,,Yadav,1,/users/pratibha-shriprakash-yadav/badges
Panshul,,Sharma,1,/users/panshul-sharma/badges
Ashwani,,Singh,1,/users/ashwani-singh.d2fba5db/badges
Tarun,,Metla,1,/users/tarun-metla/badges
GANDIKOTA,,Kumar,1,/users/gandikota-kumar/badges
Bhadrisetty Veera Harsha,,Sai,1,/users/bhadrisetty-veera-harsha-sai.4bffcd81/badges
Jyothi,,Mp,1,/users/jyothi-mp.f60b546a/badges
Govindprasad,,Charkha,1,/users/govindprasad-charkha/badges
Dineshkumar,,S,1,/users/dineshkumar-s.5421b90a/badges
Raghul,,P,1,/users/raghul-p.678f1998/badges
Veera Siva Manikanta,,Marukurthi,1,/users/veera-siva-manikanta-marukurthi/badges
Pooja,,Swargam,1,/users/pooja-swargam/badges
Sobiya,,S K,1,/users/sobiya-s-k.62e8899a/badges
BHARGAV RAJ,,SAKALA,1,/users/bhargav-raj-sakala/badges
Mahima,,Rawat,1,/users/mahima-rawat.96ece7f7/badges
Haritha,,Ramachandran,2,/users/haritha-ramachandran.1bfecf0b/badges
MANASA,,KRISHNAREDDY,1,/users/manasa-krishnareddy/badges
Harichandana,,Arava,1,/users/harichandana-arava/badges
Mandvi,,Chouhan,1,/users/mandvi-chouhan/badges
Prajwal,,Nayak,1,/users/prajwal-nayak.2992f298/badges
VARSHINI,,GOLI,1,/users/varshini-goli.0a0a6ac8/badges
Akshay,,Mahajan,1,/users/akshay-mahajan.32c9f262/badges
T,,Sindhu,1,/users/t-sindhu.fb828c4d/badges
Nancy,,gara,1,/users/nancy-gara/badges
PAPPIREDDY,,SIVARANI,1,/users/pappireddy-sivarani/badges
Sura,,Chandra Kiranreddy,1,/users/sura-chandra-kiranreddy/badges
Nihala,,Ziad,1,/users/nihala-ziad/badges
Swathi,,Medi,1,/users/swathi-medi.a63b434e/badges
Bala Padmaja Praveena,,Praveena1012,1,/users/bala-padmaja-praveena-praveena1012/badges
Gnana Deepika,,Alapati,1,/users/gnana-deepika-alapati/badges
Prateksha,,R,1,/users/prateksha-r/badges
Bhavya Rasagna,,Kommuri,1,/users/bhavya-rasagna-kommuri/badges
Tejas,,Padhye,1,/users/tejas-padhye/badges
Jyothi,,Balamina,2,/users/jyothi-balamina/badges
Ramya,,M,1,/users/ramya-m.4c456abe/badges
Anvesh,,Bonagiri,1,/users/anvesh-bonagiri.186e97b7/badges
Nupur,,Mishra,1,/users/nupur-mishra.126832ac/badges
Vamshi,,Unnam,1,/users/vamshi-unnam.ecfda18d/badges
Vishal,,Mondal,1,/users/vishal-mondal.ed60b8c3/badges
Harsha Vardhan,,Paluri,1,/users/harsha-vardhan-paluri/badges
Pradeepsinh,,Rathod,2,/users/pradeep-rathod.75279657/badges
Jyothi,,Bali,1,/users/jyothi-bali.6b8ff69e/badges
Ranjit,,Kumar,1,/users/ranjit-kumar.9303e7fe/badges
Manidhar,,Grandhi,1,/users/manidhar-grandhi/badges
UTTAMA,,DUTTA,1,/users/uttama-dutta/badges
Mouriya,,Udayakumar,1,/users/mouriya-udayakumar/badges
saranya,,singh,1,/users/saranya-singh.9bf11117/badges
Ankit,,Mahapatra,1,/users/ankit-mahapatra.c6740bbb/badges
BCM-224,,V,1,/users/bcm-224-v/badges
Rupaa,,Ravi Chander,2,/users/rupaa-ravi-chander.29478293/badges
Kiran,,Yandamuri,1,/users/kiran-yandamuri/badges
Bhushan,,Bhabal,1,/users/bhushan-bhabal/badges
vidyasri,,bodapati,1,/users/vidyasri-bodapati.f90e2e59/badges
Hari Prasaath,,Rengarajan,1,/users/hari-prasaath-rengarajan.d104712a/badges
Jasima Parveen,,A,1,/users/jasima-parveen-a/badges
Subhamay,,Paul,2,/users/subhamay-paul.dddb5f74/badges
Alige,,Kishore,1,/users/alige-kishore.588749d2/badges
Manasa,,Veena,1,/users/manasa-veena.9badf87a/badges
Vignesh,,K,1,/users/vignesh-k.a8f7ccb7/badges
RAHUL,,KUMAR,1,/users/rahul-kumar.86bb0f5b/badges
Ejas,,Mohammed,1,/users/ejas-mohammed/badges
Omkar,Babasaheb,Yadav,2,/users/omkar-yadav.221f898d/badges
Karthick Raja,,B,1,/users/karthick-raja-b.ec58cc52/badges
Rajasekhar Gupta,,Desu,1,/users/rajasekhar-gupta-desu/badges
Preethi,,Rajappa,1,/users/preethi-rajappa/badges
Thilaga,,P,1,/users/thilaga-p/badges
Abbadasula,,Kiran Sai Tejaswini,1,/users/abbadasula-kiran-sai-tejaswini/badges
Drishant,,Sharma,1,/users/drishant-sharma/badges
Varsha,,Markale,1,/users/varsha-markale/badges
Kamal,,Karayat,1,/users/kamal-karayat.f99b012f/badges
RITHIKA S,,23CB041,1,/users/rithika-s-23cb041/badges
Chaitali,,kuyate,1,/users/chaitali-kuyate.a6851797/badges
Vardhamsetti,,Gurulikhitha,2,/users/vardhamsetti-gurulikhitha/badges
Anandhalakshmi,,S,1,/users/anandhalakshmi-s/badges
Rahul,,Verma,1,/users/rahul-verma.5e9d42c3/badges
Selvakumar,,K,1,/users/selvakumar-k.2518500c/badges
Sushmitha,,Kella,1,/users/sushmitha-kella/badges
sahil,,patel,1,/users/sahil-patel.291ff204/badges
Ramya,,kc,1,/users/ramya-kc.8ddecc9f/badges
Saswati,,Parida,1,/users/saswati-parida.79c2857b/badges
Saleha,,Ali,1,/users/saleha-ali.cb1e0755/badges
Rithvik,,Rajani Kanth Sasi,1,/users/rithvik-rajani-kanth-sasi.ee527b67/badges
Bethi,,Anoohya,1,/users/bethi-anoohya/badges
Naga Lakshmi,,Nuvvala,1,/users/naga-lakshmi-nuvvala/badges
priyanka,,pl,1,/users/priyanka-pl/badges
Arunprasad,,Kanakarajan,1,/users/arunprasad-kanakarajan/badges
Gnaneswara Reddy,,Tamma,1,/users/gnaneswara-reddy-tamma/badges
KRUTHIKA,,J R,1,/users/kruthika-j-r/badges
Sindhu,,V,1,/users/sindhu-v.d6ab31ba/badges
Gedela,,Vamsi,1,/users/gedela-vamsi/badges
Monica,,Pappu,1,/users/monica-pappu/badges
Hemandhbabu,,A,1,/users/hemandhbabu-a/badges
Sowmya,,Duvvuru,1,/users/sowmya-duvvuru/badges
Hareram,,Narukurthi,1,/users/hareram-narukurthi/badges
deepika,,lakhera,1,/users/deepika-lakhera.8b12d79e/badges
Jithu,,George,1,/users/jithu-george.0de16d56/badges
pritam,,sarkar,1,/users/pritam-sarkar.173038ee/badges
512-Vivek,,Pasupunuti,1,/users/512-vivek-pasupunuti/badges
DHANA SRI RAM,,PANDURI,1,/users/dhana-sri-ram-panduri/badges
Supriya,,Parimireddy,1,/users/supriya-parimireddy/badges
Saravana,,Kumaran,1,/users/saravana-kumaran.17c7b520/badges
Saloni,,Patni,1,/users/saloni-patni/badges
Srivarshini,,senthilkumar,1,/users/srivarshini-senthilkumar.06450f84/badges
Sahith,,Soma,1,/users/sahith-soma/badges
Manish Kumar,,Allam,1,/users/manish-kumar-allam/badges
Kishan,,Thaker,1,/users/kishan-thaker/badges
Sanjeet,,Uchil,1,/users/sanjeet-uchil.05c6e579/badges
Anshul,,Mishra,1,/users/anshul-mishra.0f7896eb/badges
Anitha,,Gangireddy Gari,1,/users/anitha-gangireddy-gari/badges
Anil,,KUMAR,1,/users/anil-kumar.e238a129/badges
Mahadev,,Bhoumick,1,/users/mahadev-bhoumick/badges
Manu,,Mohan,1,/users/manu-mohan.87f9549a/badges
Shaswata,,Mohanta,1,/users/shaswata-mohanta/badges
Gopala,,Tejaswi,1,/users/gopala-tejaswi.c6c1bc2d/badges
Amisha,,Rao,1,/users/amisha-rao/badges
Vinay Kumar Reddy,,Kollamaram,1,/users/vinay-kumar-reddy-kollamaram.db069e78/badges
Rajesh,,Ganesan,1,/users/rajesh-ganesan.136d0987/badges
Abhishek,,Sharma,1,/users/abhishek-sharma.4eaabc25/badges
Divya chandana,,Sirasapalli,1,/users/divya-chandana-sirasapalli/badges
Maddi,,Naga babu,1,/users/maddi-naga-babu/badges
MANIKANDAN,,K S,1,/users/manikandan-k-s.68a34793/badges
Mahalakshmi,,Surla,2,/users/mahalakshmi-surla/badges
surya,,mohanty,1,/users/surya-mohanty.83b6c042/badges
Naveen,,Baarla,1,/users/naveen-baarla/badges
Kumaravelu,,V P,2,/users/kumaravelu-v-p/badges
NITHYA,,KRISHNAN,1,/users/nithya-krishnan.05d04e5a/badges
Nitya Prakash,,B,1,/users/nitya-prakash-b/badges
Kola,,Arun kumar,1,/users/kola-arun-kumar/badges
THANOJ KUMAR,,KATEPALLY,1,/users/thanoj-kumar-katepally/badges
uzma,,idrees,1,/users/uzma-idrees/badges
Keshia,,Adrin,1,/users/keshia-adrin/badges
Sandeep Srinivas,,Batta,1,/users/sandeep-srinivas-batta/badges
Alia,,Jannati,1,/users/alia-jannati/badges
Ashok,,Bodempudi,1,/users/ashok-bodempudi.c289c4b8/badges
Anand,,Sree,1,/users/anand-sree/badges
Prashant,,Maurya,1,/users/prashant-maurya.86a33485/badges
Utsav Akash,,Naskar,1,/users/utsav-akash-naskar/badges
Ramyasri,,Patagolusu,1,/users/ramyasri-patagolusu/badges
Pedada,,Balaji,1,/users/pedada-balaji/badges
Omkar,,Shinde,1,/users/omkar-shinde.1fc0af67/badges
Roja,,Yammanuru,1,/users/roja-yammanuru/badges
Anil Kumar,,Devaki,1,/users/anil-kumar-devaki/badges
Shweta,,Gupta,1,/users/shweta-gupta.15277a7a/badges
Nallavelli,,Lavanya,1,/users/nallavelli-lavanya.09252565/badges
Sakshi,,Sharma,1,/users/sakshi-sharma.29a0208c/badges
Karthick Raja,,R,1,/users/karthick-raja-r.d1a9ca66/badges
Sashi Kiran,,S,1,/users/sashi-kiran-s/badges
Jyotsana,,Patel,1,/users/jyotsana-patel/badges
Mokadi,,Surya Prasad,1,/users/mokadi-surya-prasad/badges
Shubham,,Singh,1,/users/shubham-singh.bdfd0719/badges
Padmapriya,,Sathyaseelan,1,/users/padmapriya-sathyaseelan/badges
vikhitha,,raavi,1,/users/vikhitha-raavi.ec6da2ad/badges
BONY,,MATHEW THOMAS,1,/users/bony-mathew-thomas.5c473a6e/badges
Mallela Nikhil,,Reddy,1,/users/mallela-nikhil-reddy/badges
Harika sarada,,Simhadri,1,/users/harika-sarada-simhadri/badges
Asha,,John,1,/users/asha-john.510e7cd0/badges
Lavanya,,Iavanya,1,/users/lavanya-iavanya/badges
Gayathri,,S,1,/users/gayathri-s.0a0bb2c8/badges
SANTHOSH,,K,1,/users/santhosh-k.5057750b/badges
Vignesh,,Hariram,1,/users/vignesh-hariram/badges
Shanmukha,,Kuchimanchi,1,/users/shanmukha-kuchimanchi/badges
Arun,,Thudi,1,/users/arun-thudi/badges
Megha,,Jain,1,/users/megha-jain.107505c0/badges
Keerthika,,Peravali.,1,/users/keerthika-peravali.2e8d53dc/badges
S Saraswathi,,Kamachi,1,/users/s-saraswathi-kamachi/badges
Ankita,,Phadatare,1,/users/ankita-phadatare.61a5e3bb/badges
Charan,,E,1,/users/charan-e.22a34759/badges
Amol,,Mandloi,1,/users/amol-mandloi.9b179735/badges
Ruban,,J,1,/users/ruban-j.82a4967f/badges
Sneha,,Indalkar,1,/users/sneha-indalkar/badges
Adarsh,,Lokhande,3,/users/adarsh-lokhande/badges
Jallender,,Reddy,1,/users/jallender-reddy/badges
parvez,,Khan,1,/users/parvez-khan.ec593be1/badges
Pranay kumar,,Burra,1,/users/pranay-kumar-burra/badges
Akhila,,Kode,1,/users/akhila-kode.6c3175b0/badges
Arunanshu,,Nayak,1,/users/arunanshu-nayak/badges
Remya,,Ravi,1,/users/remya-ravi.f0b7126a/badges
Thamaraikannan,,A,2,/users/thamaraikannan-a/badges
Nisam,,P,1,/users/nisam-p/badges
Ranjith,,L,1,/users/ranjith-l.1f93ca77/badges
Shital Ramdas,,Kumbhar,1,/users/shital-ramdas-kumbhar/badges
Chithra,,Shetty,1,/users/chithra-shetty/badges
Manish,,Kumar,2,/users/manish-kumar.20523820/badges
Vicky,,Kumar,1,/users/vicky-kumar.a90ae262/badges
Atul,,Chand,1,/users/atul-chand.e3739d88/badges
Sahana,,Reddy,2,/users/sahana-reddy.ff0de870/badges
MAYUR,,M URS,2,/users/mayur-m-urs/badges
Subnum,,Begum,1,/users/subnum-begum/badges
Abhishek,,Kumar,1,/users/abhishek-kumar.1e5dbf88/badges
Cyrus,,Coutinho,1,/users/cyrus-coutinho/badges
kanaka,,kalyan,1,/users/kanaka-kalyan.8d1d4b4f/badges
sujith,,Ummadisetty,1,/users/sujith-ummadisetty.5457dd52/badges
Manoranjan,,Choudhury,1,/users/manoranjan-choudhury/badges
Karthik,,S,1,/users/karthik-s.c430d8bb/badges
Molleti,,Lavanya,1,/users/molleti-lavanya/badges
Swetha,,A R,1,/users/swetha-a-r.dfb35fa0/badges
Luttika Jenifer,,J C,1,/users/luttika-jenifer-j-c.a6489492/badges
Ranjit,,M,1,/users/ranjit-m.6167aac8/badges
Dinesh,,G,1,/users/dinesh-g.135c602b/badges
Subhash,,Bhat,1,/users/subhash-bhat.cc68e613/badges
Raja Lakshmi,,S,1,/users/raja-lakshmi-s.e08a5ac8/badges
Karthik,,Varma K,1,/users/karthik-varma-k/badges
Regalagadda Jahnavi,,Sri,1,/users/regalagadda-jahnavi-sri/badges
Sudarshan,,Verma,1,/users/sudarshan-verma/badges
Arun,,Nethaaji,1,/users/arun-nethaaji/badges
Nandhini,,B,1,/users/nandhini-b.e29d67e6/badges
Navya,,Andra,1,/users/navya-andra/badges
Malladi,,Priyanka,1,/users/malladi-priyanka/badges
Shiva,,Charan Narayanadas,1,/users/shiva-charan-narayanadas/badges
Aaron,,Correya,1,/users/aaron-correya/badges
AKSHITHA,,karkera,1,/users/akshitha-karkera/badges
Harshada,,Koppal,1,/users/harshada-koppal/badges
Thanukrishnan,,Raveendran,1,/users/thanukrishnan-raveendran/badges
Guhapriya,,LS,1,/users/guhapriya-ls/badges
Aparana,,M,1,/users/aparana-m.e938ead9/badges
Kavishwar,,Choudhari,1,/users/kavishwar-choudhari/badges
Tejaswi Devi,,Pericharla,1,/users/tejaswi-devi-pericharla/badges
Rajagopal,,Mandadi,1,/users/rajagopal-mandadi.93b4e9d6/badges
Balu,,Pushpanjali,1,/users/balu-pushpanjali.5c5b8c6a/badges
Sarika,,Sharma,1,/users/sarika-sharma.648de90e/badges
Sampada,,Patil,1,/users/sampada-patil.b37798e7/badges
Syed Ahrar,,Hussaini,1,/users/syed-ahrar-hussaini/badges
Mohammed,,Muddassir,1,/users/mohammed-muddassir.75e4bb62/badges
revathy,,k,1,/users/revathy-k.0d32c249/badges
Mohamed Ismail Shereef,,N,1,/users/mohamed-ismail-shereef-n/badges
Rathika,,Ramdas,1,/users/rathika-ramdas/badges
Gali Sai Goutham,,Reddy,2,/users/gali-sai-goutham-reddy/badges
Sharanya,,K J,1,/users/sharanya-k-j/badges
Madhangi,,V,1,/users/madhangi-v/badges
Kanishk,,Gupta,1,/users/kanishk-gupta.febb451c/badges
Sonali,,Bodke,1,/users/sonali-bodke/badges
Divya,,Sundaresan,1,/users/divya-sundaresan.313d1f6f/badges
Sivatharani,,A,1,/users/sivatharani-a/badges
Surendhar,,P,2,/users/surendhar-p.c9a70b9d/badges
Abdul,,Rahman,1,/users/abdul-rahman.49eff8bc/badges
Raksha,,R,1,/users/raksha-r.9effebb8/badges
Sharanu,,FD,1,/users/sharanu-fd/badges
Harish,,raj,1,/users/harish-raj.07291b4e/badges
Sai Deepika,,Janaki,1,/users/sai-deepika-janaki/badges
Sriram,,Vemula,1,/users/sriram-vemula/badges
Richa,,Sharma,1,/users/richa-sharma.c74da303/badges
Heli,,Vasavada,1,/users/heli-vasavada/badges
Sandhiya Devi,,Murugesan,1,/users/sandhiya-devi-murugesan/badges
Nikhil,,Yamelwar,1,/users/nikhil-yamelwar/badges
Jayendra,,Gholap,1,/users/jayendra-gholap.d37d833b/badges
Nischit,,Jasoliya,1,/users/nischit-jasoliya/badges
Saranya,,R,1,/users/saranya-r.05152cd3/badges
Midhun,,Kumar M S,1,/users/midhun-kumar-m-s/badges
Arun,,Gupta,1,/users/arun-gupta.56a50c5e/badges
Sagar,,Sahu,1,/users/sagar-sahu.bc72aec1/badges
Gayathri,,Gummadi,1,/users/gayathri-gummadi/badges
Saurabh,,Wani,1,/users/saurabh-wani.c6849888/badges
Aswin,,G,1,/users/aswin-g.57ca653a/badges
Shakeer,,Shaik,1,/users/shakeer-shaik.7d1d8d8d/badges
Tanisha,,Gupta,1,/users/tanisha-gupta.e7d6132b/badges
Yoshabanta,,Barik,1,/users/yoshabanta-barik/badges
Yogita,,Chutani,1,/users/yogita-chutani/badges
Vageesh,,S,1,/users/vageesh-s/badges
B,,Shashanka,1,/users/b-shashanka.b4b45624/badges
Geetha,,R,1,/users/geetha-r.e9c2b6b2/badges
Ronit,,Nayak,1,/users/ronit-nayak/badges
Arun,,S,1,/users/arun-s.3103d53d/badges
Naveen,,Kumar K,1,/users/naveen-kumar-k.f70bebf3/badges
Hariharan,,S,1,/users/hariharan-s.eec8336e/badges
Jitendra,,Hemnani,1,/users/jitendra-hemnani/badges
Jyothsna,,R,1,/users/jyothsna-r.a963e125/badges
Arelli,,Rishitha,1,/users/arelli-rishitha/badges
Buddhavarapu,,Rohitha Nageswari,1,/users/buddhavarapu-rohitha-nageswari/badges
PROTHOMESH DAS,,MAHAPATRA,1,/users/prothomesh-das-mahaspatra/badges
Karthik,,Nagarajan,1,/users/karthik-nagarajan.12e8bce4/badges
Manas,,Sahoo,1,/users/manas-sahoo.bb27086d/badges
Shivam,,Shastry,1,/users/shivam-shastry/badges
Gnaneswar,,Devuni,1,/users/gnaneswar-devuni.48066e8d/badges
Ramanujam,,Srinivasan,1,/users/ramanujam-srinivasan/badges
Shivam,,Varshney,1,/users/shivam-varshney.a780ef54/badges
Gopika,,Sudarsanan,1,/users/gopika-sudarsanan/badges
Jahnavi Lakshmi,,Yerramsetti,1,/users/jahnavi-lakshmi-yerramsetti/badges
Emily,,Sherline M,1,/users/emily-sherline-m/badges
Arun Yogesh,,S,1,/users/arunyogesh/badges
Anusha,,Anantha,1,/users/anusha-anantha/badges
Palani,,Parthasarathi,1,/users/palani-parthasarathi/badges
Ritali,,Waghulde,1,/users/ritali-waghulde/badges
Shwetha,,Jayaram,1,/users/shwetha-jayaram.3e302786/badges
Rajesh,,NK,1,/users/rajesh-nk.136074d4/badges
BHARGAV SAI,,DHIRAVATHU,1,/users/bhargav-sai-dhiravathu/badges
KARTHICK,,GHAWALKAR,1,/users/karthick-ghawalkar/badges
Vamsi Krishna,,Kodakanti,1,/users/vamsi-krishna-kodakanti/badges
Yuvaraj,,M,1,/users/yuvaraj-m.f3c15758/badges
Shalini,,Kumar,1,/users/shalini-kumar.73ee9f73/badges
KODANDARAMAIAH,,NIMMAGADDA,1,/users/kodandaramaiah-nimmagadda/badges
SANYAM,,JAIN,1,/users/sanyam-jain.12e37355/badges
Kaveri,,Pallakonda,1,/users/kaveri-pallakonda/badges
Tanusree,,P,1,/users/tanusree-p.5a717580/badges
Swetha,,V,1,/users/swetha-v.425b373c/badges
Polisetti Venkata,,Sarath Bhushan,1,/users/polisetti-venkata-sarath-bhushan/badges
TEJA RAYUDU,,YAMALAPATI,1,/users/teja-rayudu-yamalapati/badges
BJ,,Jiji,1,/users/bj-jiji/badges
MANALI,,GANGOPADHYAY,1,/users/manali-gangopadhyay/badges
Arnab,,Mukherjee,1,/users/arnab-mukherjee.948fdd5f/badges
Smiya,,Johnson,1,/users/smiya-johnson/badges
Hemanth,,Joshi,1,/users/hemanth-joshi.096ef9f1/badges
Gadagoni Saketh,,Goud,1,/users/gadagoni-saketh-goud.5abd7095/badges
Vasu,,Rathore,1,/users/vasu-rathore/badges
ASWATHY,,U,1,/users/aswathy-u.701eefae/badges
chandrakanta,,gupta,1,/users/chandrakanta-gupta/badges
Abhishek,,Gole,2,/users/abhishek-gole.2ebb8a58/badges
Prashanth,,Bandi,1,/users/prashanth-bandi.092a1e0b/badges
Vikash,,Mudliar,1,/users/vikash-mudliar/badges
prasad,,kakarla,1,/users/prasad-kakarla.bdb3f7ca/badges
Gurpreet,,Singh,1,/users/gurpreet-singh.4f47b117/badges
Rahul,,Girdhar,1,/users/rahul-girdhar.cb94a82e/badges
Swekccha,,Singh,2,/users/swekccha-singh/badges
Chinmay,,Kulkarni,1,/users/chinmay-kulkarni.b4365eeb/badges
Raja Mohan,,S,1,/users/raja-mohan-s/badges
Kuncham,,Sai Chandan,1,/users/kuncham-sai-chandan/badges
Ajinesh,,D,1,/users/ajinesh-d.8cfac0d8/badges
Himaja,,Bollimuntha,1,/users/himaja-bollimuntha/badges
Yashwanth,,Pothamchetty,1,/users/yashwanth-pothamchetty/badges
RAMANJANEYULU,,SEETHA,3,/users/ramanjaneyulu-seetha.7c2c7459/badges
Vivek,,Raja,1,/users/vivek-raja.277cb63c/badges
Rajat,,Nagil,1,/users/rajat-nagil/badges
Nagaraju,,Salendra,1,/users/nagaraju-salendra.2ccf3967/badges
Thomas,,Philip,1,/users/thomas-philip.be701cc4/badges
Jayaram,,Pothuraju,1,/users/jayaram-pothuraju.519fc9cd/badges
Amratansh,,Thakur,2,/users/amratansh-thakur.88f4e722/badges
Prudhvidhar Rao,,Kotte,2,/users/prudhvidhar-rao-kotte/badges
SNEHAL,,PATIL,1,/users/snehal-patil.ac06eb8f/badges
Prasad,,Gosavi,1,/users/prasad-gosavi.a5bdd07a/badges
Purushothaman,,Panamayan,1,/users/purushothaman-panamayan/badges
Pooja,,Posugade,1,/users/pooja-posugade/badges
Suja,,Sellakaruppan,2,/users/suja-sellakaruppan/badges
Prakash,,Chandra Gupta,1,/users/prakash-chandra-gupta.d753285e/badges
Shivaji,,Lohar,1,/users/shivaji-lohar.3812e1eb/badges
Mohit,,Kumar,1,/users/mohit-kumar.5f0fca07/badges
Priyanka,,Chaphekar,1,/users/priyanka-chaphekar/badges
Vinothkumar,,Udayakumar,1,/users/vinothkumar-udayakumar/badges
Sirshendu,,Sen Gupta,1,/users/sirshendu-sen-gupta/badges
Sanjana,,Dodke,1,/users/sanjana-dodke/badges
Deeba,,Natarajan,2,/users/deeba-natarajan/badges
SHRUTHI,,M,1,/users/shruthi-m.953905be/badges
krishna vardhini,,kittuswamy,1,/users/krishna-vardhini-kittuswamy/badges
Sai Krishna,,Anasingaraju,1,/users/sai-krishna-anasingaraju/badges
Devipriya,,L,1,/users/devipriya-l.fc324b73/badges
Yashwant,,Singh,1,/users/yashwant-singh.71fce60c/badges
ABHISHEK,,VERMA,1,/users/abhishek-verma.1556aa6c/badges
Deepika,,PK,1,/users/deepika-pk.79ac9b6b/badges
Surendra Reddy,,Kovvuri,1,/users/surendra-reddy-kovvuri/badges
Muthukrishnan,,R,1,/users/muthukrishnan-r.6c4d469e/badges
Dharmendran,,v,1,/users/dharmendran-v/badges
Navinkumar,,Gangi Prakashrao,1,/users/navinkumar-gangi-prakashrao/badges
JANANI,,K,2,/users/janani-k.3340e586/badges
Saipraveen,,Pari,2,/users/saipraveen-pari/badges
Amarnath,,Ramasamy,2,/users/amarnath-ramasamy.64dc792b/badges
Kuriakose,,Kuruvila Anathanam,1,/users/kuriakose-kuruvila-anathanam/badges
Nargis,,Abdul Habeeb,1,/users/nargis-abdul-habeeb/badges
Kamlesh,,Patil,2,/users/kamlesh-patil.5471babd/badges
Chinmaykumar,,Vyas,1,/users/chinmaykumar-vyas.0976ea4a/badges
Chaithanya,,S S Pillamatt,1,/users/chaithanya-s-s-pillamatt.8566f7f6/badges
Sasidhar,,Boggaram,2,/users/sasidhar-boggaram/badges
Raja Kumar Sharma,,Rayadurgam,1,/users/raja-sharma.427f768b/badges
Sathyaraj,,R,1,/users/sathyaraj-r.b7310f96/badges
Sai Shashi,,Kumar,1,/users/sai-shashi-kumar/badges
yadla,,jaya sandeep,1,/users/yadla-jaya-sandeep/badges
Hitasha,,Ahuja,1,/users/hitasha-ahuja.659d9396/badges
Sainath,,Bandari,1,/users/sainath-bandari.520f9155/badges
Santu,,Show,1,/users/santu-show/badges
Akash,,Samanekar,1,/users/akash-samanekar/badges
ASMA,,SHAIK,1,/users/asma-shaik.8b7f276d/badges
Chandan,,Kumar,1,/users/chandan-kumar.da946502/badges
Saurabh,,Kudale,1,/users/saurabh-kudale/badges
Arun,,Chandra M,1,/users/arun-chandra-m/badges
Priyanka,,Baalisetti,1,/users/priyanka-baalisetti.e50bd0f6/badges
Satyaraj,Singh,Bhati,1,/users/satyaraj-bhati/badges
Radhakrishna,,MV,2,/users/radhakrishna-mv/badges
Rama Chandra Reddy,,Thotapalli,1,/users/rama-chandra-reddy-thotapalli.b0b23593/badges
Sridharan,,Vasudevan,1,/users/sridharan-vasudevan/badges
puja,,tiwary,2,/users/puja-tiwary.4da0f4c5/badges
Yogendra,,Maurya,1,/users/yogendra-maurya/badges
Akshay,,Kothule,1,/users/akshay-kothule/badges
Poonam,,Nanaware,1,/users/poonam-nanaware/badges
Lal,,krishna,1,/users/lal-krishna.7d551023/badges
Ravi,,Alehonnappanavar,1,/users/ravi-alehonnappanavar/badges
G Sakthi,,Sridevi,1,/users/g-sakthi-sridevi/badges
Ayinampudi,,Naga srivalli,1,/users/ayinampudi-naga-srivalli/badges
Jayant,,Gupta,1,/users/jayant-gupta.8072381b/badges
Gokula,,Krishnan,1,/users/gokula-krishnan.e9184f23/badges
Aakash,,Nebhani,1,/users/aakash-nebhani.45751ee0/badges
Andal,,M,1,/users/andal-m.9671f070/badges
Praveen,,Volety,2,/users/praveen-volety/badges
Karishma,,Rawat,2,/users/karishma-rawat.3286a8f3/badges
Nirmala devi,,Singam,1,/users/nirmala-devi-singam/badges
Soumika,,Mukherjee,1,/users/soumika-mukherjee.ebef25b7/badges
Nivethaa,,Thangavel,1,/users/nivethaa-thangavel/badges
Manikandan M,,Maheswaran,1,/users/manikandan-m-maheswaran/badges
saipraveenkumar,,katteboina,1,/users/saipraveenkumar-katteboina/badges
Mahendran,,Nagaraj,1,/users/mahendran-nagaraj/badges
Avinash Kokare -,,CS-IT Tutorials,1,/users/avinash-kokare-cs-it-tutorials/badges
ashok,,kumar,1,/users/ashok-kumar.3ce81db7/badges
Naresh,,Golla,1,/users/naresh-golla.a25b56e5/badges
Mukesh,,Kumar MK,1,/users/mukesh-kumar-mk/badges
Harsh,,Goyal,1,/users/harsh-goyal.56a0f1c0/badges
Seetha Ramulu,,Vallepu,1,/users/seetha-ramulu-vallepu/badges
sai,,pranay,1,/users/sai-pranay.9b3a1171/badges
KRITHIKA,,BALASUBRAMANIAN,2,/users/krithika-balasubramanian.1b718e97/badges
Rakesh,,Kumar,1,/users/rakesh-kumar.66ec5184/badges
Aruna,,Karri,1,/users/aruna-karri/badges
Akash,Mulchand,Chavan,1,/users/akash-chavan.b6d4d7f8/badges
Raj,,Nadkar,1,/users/raj-nadkar/badges
Venkateswarlu,,Burri,1,/users/venkateswarlu-burri/badges
Jyothi Jitin Krishna,,Madamanchi,1,/users/jyothi-jitin-krishna-madamanchi/badges
Sathish Kumar,,Duraisamy,1,/users/sathish-kumar-duraisamy/badges
Bhavya,,BM,2,/users/bhavya-bm.f20135ad/badges
Shivani,,Dubey,1,/users/shivani-dubey.b7a6d81d/badges
U19MA048,,K. Priyanka,2,/users/u19ma048-k-priyanka/badges
Sukhendu,,Rana,1,/users/sukhendu-rana/badges
Shivaranjini,,Arumugaperumal,1,/users/shivaranjini-arumugaperumal/badges
Himanshu,,Sharma,1,/users/himanshu-sharma.d3894851/badges
Balaji,,Subramaniam,1,/users/balaji-subramaniam.134dc184/badges
Rajan,,Babu P,1,/users/rajan-babu-p/badges
Tanmay,,Ray,1,/users/tanmay-ray/badges
Ashmita,,Ray,1,/users/ashmita-ray/badges
Suraj,,Somani,1,/users/suraj-somani/badges
Gayatri,,Kaoray,1,/users/gayatri-kaoray/badges
Naveen Kumar,,S,1,/users/naveen-kumar-s.c6514083/badges
Purnima,,Joshi,1,/users/purnima-joshi.a26343a2/badges
Repalle,,Nagasai,1,/users/repalle-nagasai/badges
Abhishek,,Gupta,1,/users/abhishek-gupta.0e000ff0/badges
Aditya,,V,1,/users/aditya-v.079149e4/badges
Venkatesh,,Jayaraman,1,/users/venkatesh-jayaraman.80e8a4ef/badges
Ajay,,Patil,1,/users/ajay-patil.9ead1446/badges
NAYANA,,KUMARA,1,/users/nayana-kumara/badges
Shasidhar,,Vemula,1,/users/shasidhar-vemula.c30fbec1/badges
Supriya,,Gottipati,1,/users/supriya-gottipati.7a1e57ff/badges
Ashutosh,,Suryawanshi,1,/users/ashutosh-suryawanshi.3a9b1344/badges
Shramdeep,,Asawale,1,/users/shramdeep-asawale/badges
Lakshmi,,Kotta,1,/users/lakshmi-kotta/badges
Pradeep,,Mano,1,/users/pradeep-mano/badges
Atul,,Modi,1,/users/atul-modi.70d3f0e1/badges
Prabhat Kumar,,Ghosh,1,/users/prabhat-kumar-ghosh/badges
Bhagyadevi,,Baskaran,2,/users/bhagyadevi-baskaran/badges
Ritesh,,Chhetri,1,/users/ritesh-chhetri.5ee5c5cc/badges
Sourabh,,Jain,1,/users/sourabh-jain.b1ca59f2/badges
Khusbu,,Shaw,1,/users/khusbu-shaw/badges
Prasanna,,Rengarajan,1,/users/prasanna-rengarajan/badges
VIGNESH,,Elango,1,/users/vignesh-elango.1fd9624d/badges
Sundaresan,,Prakasam,1,/users/sundaresan-prakasam/badges
Venkatesan,,A M,1,/users/venkatesan-a-m/badges
Moncy,,Mohan,1,/users/moncymohan.me/badges
Narendra,,Babu,1,/users/narendra-babu.a2874201/badges
Mukesh,,Sudarsanan,2,/users/mukesh-sudarsanan/badges
Vaishnavi,,Chandran,1,/users/vaishnavi-chandran.368f0170/badges
Chitradhar,,Mannem,1,/users/chitradhar-mannem/badges
Shreyas,,Sneh,1,/users/shreyas-sneh/badges
Tushar,,Mali,2,/users/tushar-mali.ca1ee783/badges
amitabha,,ghosh,1,/users/amitabha-ghosh.9c4777c5/badges
N,,Viswanatha Reddy,1,/users/n-viswanatha-reddy/badges
Ganesh,,M S,1,/users/ganesh-m-s/badges
Manikandan,,Palanisamy,1,/users/manikandan-palanisamy/badges
pankaj,,jain,1,/users/pankaj-jain.c95db84c/badges
Prashant,,Gosavi,1,/users/prashant-gosavi.cd339bbe/badges
veera,sekhar,kodavali,1,/users/veera-sekhar/badges
JAIARJUN,,ELANGO,1,/users/jaiarjun-elango/badges
Sourav,,S,2,/users/sourav-surendran/badges
Divyansh,,Gupta,1,/users/divyansh-gupta.0fe781e4/badges
Ranjith,,Manokaran,1,/users/ranjith-manokaran/badges
Naresh,,R,1,/users/naresh-r.5c55c4f7/badges
Deepesh,,Kumar,1,/users/deepesh-kumar.8fd21ebe/badges
Abhishek,,Das,1,/users/abhishek-das.a27266f8/badges
Chirag,,Kalgude,1,/users/chirag-kalgude/badges
Gopichand,,Thottempudi,1,/users/gopichand-thottempudi/badges
Moulik,,Patra,1,/users/moulik-patra.ff10554c/badges
Puneeth,,C P,1,/users/puneeth-c-p/badges
Allada,,Deepesh,1,/users/allada-deepesh/badges
Deepak Vijayalu,,Krishnamurthy,1,/users/deepak-vijayalu-k/badges
Ramprasad,,Chigari,2,/users/ramprasad-chigari.670a3333/badges
mamta,,yadav,1,/users/mamta-yadav.4eaaed54/badges
Nickson,,S,1,/users/nickson-s/badges
Deepak,,SRINIVASAN CHELLASIVAN,2,/users/deepak-srinivasan-chellasivan/badges
Geetanjali,,Durugkar,1,/users/geetanjali-durugkar.946ef029/badges
Md Anwar,,Mansuri,1,/users/md-anwar-mansuri.697bb8aa/badges
Ranjithkumar,,Ramasamy,2,/users/ranjithkumar-ramasamy.14296cf8/badges
vinoth,,kumar,1,/users/vinoth-kumar.5783b85c/badges
prakash,,dhamotharan,1,/users/prakash-dhamotharan.a5677efc/badges
Sumeet,,Bothra,1,/users/sumeet-bothra/badges
Chetan,,Murthy M,1,/users/chetan-murthy-m/badges
Chitra,,S,1,/users/chitra-s.715bd2b0/badges
Ayush,,Khare,1,/users/ayush-khare.6876985a/badges
ajith,,kumar,1,/users/ajith-kumar.a603b7f2/badges
Joshna,,Kothyada,1,/users/joshna-kothyada/badges
Kirti,,Gupta,1,/users/kirti-gupta.0ffa649c/badges
Sai,,Balaka,1,/users/sai-balaka/badges
Dileep,,T A,2,/users/dileep-t-a/badges
Sonali,,Gulawe,1,/users/sonali-gulawe/badges
Tharun,,Thalapaneni,1,/users/tharun-thalapaneni/badges
NIDHI,,SINGH,1,/users/nidhi-singh.94ffb9ae/badges
Jerin,,Thomas,1,/users/jerin-thomas.de69e14d/badges
Balasubramani,,Thangaraj,1,/users/balasubramani-thangaraj.d0f20c95/badges
Navya,,Raghu,1,/users/navya-raghu/badges
Vijayanand,,Jeeva,1,/users/vijayanand-jeeva/badges
Arunima,,Majumdar,1,/users/arunima-majumdar.fefc3109/badges
V R,,Monisha,1,/users/v-r-monisha.af8ea018/badges
Rakshitha,,M B,1,/users/rakshitha-m-b.1d36e797/badges
Varsha,,Satpathy,1,/users/varsha-satpathy.ed933211/badges
Sandhya,,S,1,/users/sandhya-s.8d1dc2a5/badges
Penikalapati,,Harini,1,/users/penikalapati-harini/badges
Latha Sri,,Kesani,1,/users/kesani-lathasri/badges
Aravinth,,Kumar,1,/users/aravinth-kumar.f8cfa08c/badges
Harshit,,Singh,1,/users/harshit-singh.f41cb71d/badges
Aishwarya R,,Baddi,1,/users/aishwarya-r-baddi.8dd1be84/badges
Aswin,,Vatsavayi,1,/users/aswin-vatsavayi/badges
Sayantan,,Roy,1,/users/sayantan-roy.fe3021b6/badges
Sibayan,,Bag,1,/users/sibayan-bag/badges
Dhanush,,S,1,/users/dhanush-s.abb306fc/badges
Rukhsar,,Aziz,1,/users/rukhsar-aziz/badges
ANJALI,,YERRAGUNTA,1,/users/anjali-yerragunta/badges
Jayasurya,,K,1,/users/jayasurya-k.69a775e6/badges
Kuppala Venkata,,Siva Kumar,1,/users/kuppala-venkata-siva-kumar/badges
Ram Kishore,,Ramachandran Nagammal,1,/users/ram-kishore-ramachandran-nagammal/badges
Ashok,,Kumar,1,/users/ashok-kumar.12e7e342/badges
sukhdeep,,singh,2,/users/sukhdeep-singh.2eee670d/badges
Sabitha,,Sundharam,1,/users/sabitha-sundharam/badges
Priya,,Mohan,1,/users/priya-mohan.7d94abea/badges
Ganapathi,,Selvaraj,1,/users/ganapathi-selvaraj/badges
Ramkumar,,Singaravelu,1,/users/ramkumar-singaravelu/badges
Savithri Jahnavi,,Manchiraju,1,/users/savithri-jahnavi-manchiraju.e6184c9b/badges
Sandeep,,Kharat,1,/users/sandeep-kharat.fad0ac9c/badges
Rakesh,,Jain,1,/users/rakesh-jain.47392eae/badges
Poonam,,Patel,1,/users/poonam-patel.5d88e89a/badges
Senthil Murugan,,Kandasamy,1,/users/senthil-murugan-kandasamy/badges
Sudip,,Sengupta,3,/users/sudip-sengupta.e297cd6f/badges
Ramanji Naidu,,Basa,1,/users/ramanji-naidu-basa.2aa33ea5/badges
Muthulakshmi,,Lakshmanan,2,/users/muthulakshmi-lakshmanan.b7ce4f5f/badges
VISHAL,,SAMPETA,2,/users/vishal-sampeta.ef71b2f6/badges
akilan,,rajamanickam,1,/users/akilan-rajamanickam/badges
Tharinishree,,S,1,/users/tharinishree-s/badges
Prameela,,Thota,1,/users/prameela-thota/badges
Thanikasalam,,Venkatesan,1,/users/thanikasalam-venkatesan/badges
Sobia,,D,2,/users/sobia-d/badges
Nithilan,,N,1,/users/nithilan-n/badges
Pranali,,Nikam,1,/users/pranali-nikam.493100cd/badges
Alok,,Rai,1,/users/alok-rai.ae27ca99/badges
Pradip,,Kande,1,/users/pradip-kande-1999/badges
Himanshu,,Sangal,1,/users/himanshu-sangal/badges
Amit,,Barai,1,/users/amitbarai1992/badges
Shubham,,Chouhan,1,/users/shubham-chouhan.fd384115/badges
Abhiram varma,,jampana,3,/users/abhiram-varma-jampana/badges
Siddharth,,Chhabra,1,/users/siddharth-chhabra.006cb241/badges
Christina,,Dorin,1,/users/christina-dorin/badges
Ravi Kumar,,Chaudhary,1,/users/ravi-kumar-chaudhary.dda26fb5/badges
Aditi,,Sharma,1,/users/aditi-sharma.7616e0ec/badges
shubham,,jadhav,1,/users/shubham-jadhav.b8c125c5/badges
Deepak,,Tewatia,1,/users/deepak-tewatia/badges
Deepak,,Tiwari,2,/users/deepak-tiwari.c4207273/badges
SUSHIL,,SAHA,1,/users/sushilsaha/badges
ADITHYA,,KRISHNA (RA2211003011212),1,/users/adithya-krishna-ra2211003011212/badges
Sushant,,Gade,1,/users/sushant-gade.a62fecf7/badges
Vijaykumara,,DS,1,/users/vijaykumara-ds/badges
Kanikannan,,Nedunchezhian,1,/users/kanikannan-nedunchezhian/badges
Divya,,Kamath,1,/users/divyakamath/badges
Divyalakshmi,,S,1,/users/divyalakshmi-s.51c4d28b/badges
Vishesh Murali,,Udupa,1,/users/vishesh-murali-udupa/badges
Ankit,,Kamani,1,/users/ankit-kamani/badges
Nimisha,,T S,1,/users/nimisha-t-s/badges
Sakshi,,Patil,1,/users/sakshi-patil.564bcc11/badges
Nandhini,,L,1,/users/nandhini-l.0ac2d0c6/badges
Raja,,Y,2,/users/raja-y/badges
Nandita,,Vakkalanka,1,/users/nandita-vakkalanka/badges
Veluchamy,,K,2,/users/veluchamy-k.1725dce7/badges
Subramanian,,S,2,/users/subramanian-s.284af1b3/badges
BANDI,,VIJAYA BHARATHI,1,/users/bandi-vijaya-bharathi/badges
Krishna,,Gawali,1,/users/krishna-gawali/badges
sachin,,yadav,1,/users/sachin-yadav.032c9c22/badges
Aditya,,Singh,1,/users/aditya-singh.77c376eb/badges
Srinivas,,Kalla,1,/users/srinivas-kalla/badges
Roshni,,Muthian,1,/users/roshni-muthian/badges
Aditi,,Das,1,/users/aditi-das.a7a0b835/badges
poojitha,,chenreddy,1,/users/poojitha-chenreddy/badges
Neha,,Kokate,1,/users/neha-kokate.00732480/badges
Swatick,,Mullick,2,/users/swatick-mullick/badges
Prasanthi,,Guntaka,1,/users/prasanthi-guntaka/badges
Reshmi,,Naidu,1,/users/reshmi-naidu/badges
ROHITH,,V J,1,/users/rohith-v-j/badges
Prasad,,Wadvale,1,/users/prasad-wadvale/badges
GOWTHAMI,,GOVINDARAJAN,1,/users/gowthami-govindarajan.46c501b4/badges
David,,Vaz,1,/users/david-vaz.9256d9e3/badges
Jesmi,,AM,1,/users/jesmi-am/badges
Saravanan,,K A,1,/users/saravanan-k-a/badges
Rupesh,,Akkuri,1,/users/rupesh-akkuri/badges
Aniket,,Marotkar,1,/users/aniket-marotkar.36ac5d95/badges
Naveen Kumar,,MalliPeddi,1,/users/naveen-kumar-mallipeddi.4a203c36/badges
SathisKumar,,C,1,/users/sathiskumar-c.dc78ff4a/badges
MEDHA,,SINGH,1,/users/medha-singh.c52316d2/badges
Pulaparthi Baby,,Lavanya Teja,1,/users/pulaparthi-baby-lavanya-teja/badges
soundar,,s,1,/users/soundar-s.a3d7a0c0/badges
Anandh,,Selvaraj,1,/users/anandh-selvaraj/badges
Ankit,,Srivastava,1,/users/ankit-srivastava.fb78a764/badges
Ramalakshmi,,T K,1,/users/ramalakshmi-t-k/badges
Yadala,,Pavan Teja,1,/users/yadala-pavan-teja/badges
Prakash,,Ramakrishnan,1,/users/prakash-ramakrishnan.25785cf6/badges
ashok,,shukla,1,/users/ashok-shukla.2ff94264/badges
Sanket,,Pardhi,1,/users/sanket-pardhi/badges
Dattatray,,Ghanwat,1,/users/dattatray-ghanwat.1a9ac07c/badges
supreena,,tamizhselvan,1,/users/supreena-tamizhselvan.1cce0fe3/badges
Balaji,,T S,1,/users/balaji-t-s.99f171b7/badges
Abinaya,,V,1,/users/abinaya-v.4a23b718/badges
Shrishti,,Agrawal,1,/users/shrushti-agrawal/badges
Anushree,,HV,1,/users/anushree-hv.b0402c3b/badges
Sayli,,Sawant,1,/users/sayli-sawant.845507a2/badges
Ayush,,Hazari,1,/users/ayush-hazari/badges
Anusha,,S,1,/users/anusha-s.79378a50/badges
paresh,,mahajan,1,/users/paresh-mahajan.656e1d86/badges
Sowjanya,,Raja,1,/users/sowjanya-raja/badges
Victory,,Jessie,1,/users/victory-jessie/badges
janardhan,,chavan,1,/users/janardhan-chavan/badges
anjali,,kumari,1,/users/anjali-kumari.b539eb22/badges
Abdul shadab,,khan,1,/users/abdul-shadab-khan.854bb4d1/badges
Harsh,,Aswar,1,/users/harsh-aswar/badges
Aayush,,Dahake,1,/users/aayush-dahake/badges
shivangi,,.,1,/users/shivangi.d8aee2f5/badges
Sharanya,,M,1,/users/sharanya-m.a54f5c6b/badges
Saiprakash,,Gaikwade,1,/users/saiprakash-gaikwade.9e094175/badges
Gagandeep,,singh,2,/users/gagandeep-singh.5774b231/badges
VAISHNAVI,,RAUT,1,/users/vaishnavi-raut.a231d4a7/badges
Kelvin,,K.James,1,/users/kelvin-k-james/badges
MARIA LOUIS,,TEZZA,1,/users/maria-louis-tezza/badges
JAYACHANDRA,,DOKALA,1,/users/jayachandra-dokala/badges
shailesh,,khairnar,1,/users/shailesh-khairnar/badges
Nivedita,,Saha,1,/users/nivedita-saha.b73f5145/badges
Kidambi,,Saranya,1,/users/kidambi-saranya/badges
Karthikeyan,,Jayaraman,1,/users/karthikeyan-jayaraman.7b25f568/badges
Arindam,,Ghosh,1,/users/arindam-ghosh.7844beb0/badges
Abhinav,,Singh,1,/users/abhinav-singh.ac8d2904/badges
Rusheel,,Dalal,2,/users/rusheel-dalal.244eb258/badges
Akhilesh,,Chafale,2,/users/akhilesh-chafale/badges
Veera,,Vadlamudi,1,/users/veera-vadlamudi/badges
Shashank,,Prasad,1,/users/shashank-prasad.eea2bd15/badges
Shishir,,Gupta,1,/users/shishir-gupta.4356b704/badges
Kurapati,,Vyshnavi,1,/users/kurapati-vyshnavi.d818f1f6/badges
Ranjith,,Kumar,1,/users/ranjith-kumar.807690a9/badges
Mehul,,Thakur,1,/users/mehul-thakur.537b9fc5/badges
Vaisali,,Baskar,1,/users/vaisali-baskar.bf01de74/badges
DIVYARAJSINH,,GOHIL,1,/users/divyarajsinh-gohil.576887ae/badges
Sakshi,,Sood,1,/users/sakshi-sood.efef9627/badges
Shivani,,Jaiswal,1,/users/shivani-jaiswal.15194a12/badges
Vivek,,M,1,/users/vivek-m.72df4ccf/badges
Naveen,,Chauhan,2,/users/naveen-chauhan.09e9673a/badges
Akeel Ahamad,,Jamil Ahamad,1,/users/akeel-ahamad-jamil-ahamad/badges
Debanjan,,Hore,1,/users/debanjan-hore.22bb71c0/badges
Lakshya,,Nagpal,1,/users/lakshya-nagpal.8dd076a1/badges
Shyamilee,,Devan,1,/users/shyamilee-devan/badges
TEJAS,,UTTARE,1,/users/tejas-uttare/badges
Shubham,,Gupta,1,/users/shubham-gupta.44497a7b/badges
Mohd,,kaif,1,/users/mohd-kaif.36f56214/badges
Ajith,,Sajeev,1,/users/ajith-philip-sajeev/badges
Yogesh,,Raut,1,/users/yogesh-raut.e10eefea/badges
Gayatri Priyamvada,,Palavajjhala,1,/users/gayatri-priyamvada-palavajjhala/badges
SREEDEVI,,CHULKI,1,/users/sreedevi-chulki/badges
Vaishnavi,,Kulkarni,2,/users/vaishnavi-kulkarni.b814e3eb/badges
Chandra,,Kumar,1,/users/chandra-kumar.9d415030/badges
Surabhi,,Srivastava,1,/users/surabhi-srivastava.0b4429e9/badges
Akhil,,yenikepalli,1,/users/akhil-yenikepalli/badges
SATHYA,,S,1,/users/sathya-s.9cafe2ac/badges
Ashwath,,P,1,/users/ashwath-p.e104f668/badges
Miteshkumar,,Khatra,2,/users/miteshkumar-khatra/badges
Shaik,,Mahaboob Jany,1,/users/shaik-mahaboob-jany/badges
Jayashankar,,J,1,/users/jayashankar-j.7342feee/badges
Debmalya,,Pal,1,/users/debmalya-pal/badges
Udaya Kumar,,Ramamurthy,1,/users/udaya-kumar-ramamurthy.d375df6a/badges
GUTTAPATI,,ESWARA PRASAD,1,/users/guttapati-eswara-prasad/badges
Praveen,,Munudasu,1,/users/praveen-munudasu/badges
Anamit,,Biswas,1,/users/anamit-biswas/badges
AJAY,,KUMAR,1,/users/ajay-kumar.5b833b24/badges
deekshit mani sai,,sukhavasi,1,/users/deekshit-mani-sai-sukhavasi/badges
Yash,,Kori,1,/users/yash-kori/badges
Dinesh,,Radhakrishnan Rajasekaran,1,/users/dinesh-radhakrishnan-rajasekaran/badges
preeti,,khandelwal,1,/users/preeti-khandelwal.80c310e8/badges
krishna chaitanya,,Bathi,1,/users/krishna-chaitanya-bathi/badges
Praveen,,Palledar,1,/users/praveen-palledar/badges
Riddhi,,Shah,1,/users/riddhi-shah.570d2590/badges
Yasinipriya,,A S,1,/users/yasinipriya-a-s/badges
Sirasanagandla,,Venu Gopal,1,/users/sirasanagandla-venu-gopal.750b70ad/badges
Rajarajeshwari,,S,1,/users/rajarajeshwari-s.32c65844/badges
SUDISH,,MADATHIL,1,/users/sudish-madathil.b25265a2/badges
magesh,,kumar j,1,/users/magesh-kumar-j.aaef25d9/badges
Sumanth,,Tatipamula,1,/users/sumanth-tatipamula.2622/badges
Singamsetty,,ramya krishna,1,/users/singamsetty-ramya-krishna.b2e745b1/badges
Nidhi,,Tensy Ashok,1,/users/nidhi-tensy-ashok/badges
Vijay,,K J,1,/users/vjctl/badges
Mahitha,,Pati,1,/users/mahitha-pati/badges
SHAIK,,YAKOOB VALI,1,/users/shaik-yakoob-vali/badges
Nethinti,,Ramakrishna,1,/users/ramakrishna-nethinti/badges
MOHD ABDUL,,JAMEEL,1,/users/mohd-abdul-jameel.9c6abaca/badges
Kamalesh,,Chitra,1,/users/kamalesh-chitra/badges
Rajkumaree,,Verma,1,/users/rajkumaree-verma/badges
JAYESHKUMAR,,TANK,1,/users/jayeshkumar-tank/badges
Sandeep,,Palo,1,/users/sandeep-palo/badges
MALLESH,,HS,1,/users/mallesh-hs/badges
Avishek,,Arora,1,/users/avishek-arora.afda2f9b/badges
Shreelaxmi,,Malipatil,1,/users/shreelaxmi-malipatil/badges
Kapil,,Maheshwari,1,/users/kapil-maheshwari.f94af02e/badges
Joji,,Kuriakose,1,/users/joji-kuriakose/badges
Shrikant,,Havale,2,/users/shrikant-havale/badges
Kokila,,B,1,/users/kokila-b.bdc17ba8/badges
Yerram,,Akshitha,1,/users/yerram-akshitha.68e7ed61/badges
Rachit,,Sen,1,/users/rachitsen/badges
Satyam,,Sharma,1,/users/satyam-sharma.7442a5ac/badges
naveen kumar,,saini,1,/users/naveen-kumar-saini/badges
Arthy,,S,1,/users/arthy-s.06827ca9/badges
MOHAMMADILIYAS,,ATTAR,4,/users/mohammadiliyas-attar/badges
Vijayasarathy,,Athikesavan,1,/users/vijayasarathy-athikesavan/badges
Karthikeyan,,Chengalvarayan,3,/users/karthikeyan-chengalvarayan/badges
Alan Andrew,,Varghese,1,/users/alan-andrew-varghese/badges
Shashank,,Shrivastava,1,/users/shashank-shrivastava.aed1799f/badges
Vandana,,Kumari,1,/users/vandana-kumari.3115ecd5/badges
Nitesh,,Bansal,1,/users/nitesh-bansal.9592d56b/badges
HARSHA,,VARDHAN G,1,/users/harsha-vardhan-g.48f2bc4a/badges
Veera Nikhilesh,,Veerni,1,/users/veera-nikhilesh-veerni.7e8aa9fa/badges
Anil,,Rahate,1,/users/anil-rahate.b32c3d27/badges
Sachin,,Ratnawat,1,/users/sachin-ratnawat.65a2910e/badges
Vivek,,Khattri,1,/users/vivek-khattri.48ff6eed/badges
Kethineni,,Charishma,1,/users/kethineni-charishma/badges
ANAND CHANDRAN,,C S,2,/users/anand-chandran-c-s/badges
Chirag,,Khairnar,1,/users/chirag-khairnar/badges
Bhargavi Chowdary,,Putti,1,/users/bhargavi-chowdary-putti/badges
Sandhiya,,S,2,/users/sandhiya-s.af722f6f/badges
James,,Katta,1,/users/james-katta/badges
Jayapaul,,S,1,/users/jayapaul-s/badges
Pranay,,Amberpeta,1,/users/pranay-amberpeta/badges
Sri Sai Teja,,Mamidi,1,/users/sri-sai-teja-mamidi/badges
Keerthi,,M,1,/users/keerthi-m.726d40f9/badges
Omkar,,Desai,1,/users/omkar-desai.eee692a2/badges
Nagaraju,,Seerla,1,/users/nagaraju-seerla/badges
Maddi,,Rachana,1,/users/maddi-rachana/badges
Saptarshi,,Sukul,1,/users/saptarshi-sukul/badges
Tony Mathew,,John,1,/users/tony-mathew-john.9be31eac/badges
Rajesh,,Krishnan,1,/users/rajesh-krishnan.67302dc0/badges
Sreya,,T C,1,/users/sreya-t-c/badges
BALAJI HAIHARAN,,N S,1,/users/balaji-haiharan-n-s/badges
Swapnali,,Jadhav,1,/users/swapnali-jadhav.c2de6919/badges
Santhoshkumar,,Thiyagarajan,1,/users/santhoshkumar-thiyagarajan/badges
Mounika,,ganaparapu,1,/users/mounika-ganaparapu/badges
Sk Md,,Rizwan,2,/users/sk-md-rizwan/badges
Sri Devi Sravya,,Jujjavarapu,1,/users/sri-devi-sravya-jujjavarapu/badges
Ritika,,Jain,1,/users/ritika-jain.be2f40f3/badges
Sourav,,Kumar,1,/users/sourav-kumar.c3b1f31a/badges
Saptarshi,,Sarkar,1,/users/saptarshisarkar12/badges
Disha,,Makharia,1,/users/disha-makharia/badges
Muskan,,Singh,1,/users/muskan-singh.2d46b84a/badges
Md Sayeedul,,Hasan,1,/users/md-sayeedul-hasan.04936c9d/badges
Pranav,,Bahri,1,/users/pranav-bahri.7d4c649d/badges
Suresh,,Maddi,1,/users/suresh-maddi/badges
Aarthi,,T,1,/users/aarthi-t.6ca3ea0e/badges
Ayush,,Singh,1,/users/ayush-singh.86ae83a5/badges
Boaz,,George,1,/users/boaz-george/badges
Thirunavukkarasu,,Sagadevan,1,/users/thirunavukkarasu-sagadevan/badges
Anna,,Cherian,2,/users/anna-cherian.e8af094f/badges
Vikash,,PR,1,/users/vikash-pr/badges
Kalki Eshwar,,D,1,/users/kalki-eshwar-d/badges
Nirupama,,Prasad,1,/users/nirupama-prasad.631d735c/badges
TADI NITHIN KUMAR,,REDDY,1,/users/tadi-nithin-reddy/badges
Rekha,,N,1,/users/rekha-n.b1360d05/badges
Vinay,,Singh,1,/users/vinay-singh.97d0594f/badges
Deepak,,Antony,1,/users/deepak-antony.c17ea107/badges
Darisi Purna Naga Bala,,Vinay,2,/users/darisi-purna-naga-bala-vinay.4a29b6ac/badges
Vinay,,Jade,1,/users/vinay-jade.f5ff9aeb/badges
Sudheer Babu,,Kanaparthi,1,/users/sudheer-babu-kanaparthi/badges
Mathew,,Robert,1,/users/mathew-robert/badges
Prafulla,,Kiran,1,/users/prafulla-kiran/badges
KAVIN BHARATHI,,T K,1,/users/kavin-bharathi-t-k.b3f15f9d/badges
SHAHEER,,KANNI POYIL,1,/users/shaheer-kanni-poyil/badges
Naveen Sai Kiran,,Kolli,1,/users/naveen-sai-kiran-kolli/badges
VASANTHAKUMAR,,MOORTHY,1,/users/vasanthakumar-moorthy/badges
Gagandeep,,Joshan,1,/users/gagandeep-joshan/badges
soumya ranjan,,patra,1,/users/soumya-ranjan-patra.fa3a2240/badges
Anmol,,Gupta,2,/users/anmol-gupta.bef361c8/badges
SAINAVEENA,,KALARI,1,/users/sainaveena-kalari.fea445c0/badges
Amitesh,,Choudhary,1,/users/amitesh-choudhary/badges
Nikhitha S,,Rao,1,/users/nikhitha-s-rao.04749552/badges
Sai,,Krishna,1,/users/sai-krishna.58035a90/badges
Preethi,,Varathangunapandi,1,/users/preethi-varathangunapandi/badges
Ponnarasu,,Gnanamurugan,1,/users/ponnarasu-gnanamurugan/badges
Bhanuj,,Ralhan,1,/users/bhanuj-ralhan.16bbbd46/badges
Anshul,,Verma,1,/users/anshul-verma.6efee60f/badges
Sayam,,Mahajan,1,/users/sayam-mahajan.50870a98/badges
Abhilash,,Patnaik,1,/users/abhilash-patnaik/badges
Tithi,,Roy,1,/users/tithi-roy.6b2ca6cf/badges
abala,,chandhar,1,/users/abala-chandhar/badges
Raaj Kumaar,,B M,1,/users/raaj-kumaar-b-m/badges
Bhargav,,Chintapatla,1,/users/chintapatla-bhargav/badges
Rajisha,,Payyanur,1,/users/rajisha-payyanur/badges
Amit,,Beniwal,2,/users/amitbeniwal999/badges
Ankit,,chatterjee,1,/users/ankit-chatterjee.bc8f469e/badges
Soundararajan,,Dayalane,1,/users/soundararajan-dayalane.bcf8f0e3/badges
Rama Devi,,M,1,/users/rama-devi-m.640abb14/badges
Soosai,,Arulanandam,1,/users/soosai-arulanandam/badges
Kotyada,,Chandrikha Laxmi,1,/users/kotyada-chandrikha-laxmi/badges
Kavinkumar,,M,1,/users/kavinkumar-m.14bfa2af/badges
Madhubabu,,Jaladanki,2,/users/madhubabu-jaladanki.29d3bd43/badges
Shrwn,,Kumar,1,/users/shrwn-kumar/badges
jailabdin,,pathan,1,/users/jailabdin-pathan/badges
Sudhanshu,,Srivastava,1,/users/sudhanshu-srivastava.04293cfb/badges
Divya,,Attarde,1,/users/divy-attarde/badges
Soundarahari,,Parthiban,1,/users/soundarahari-parthiban.86800f80/badges
Surbhi,,Singh,1,/users/surbhi-singh.9832e5b1/badges
Sujal,,Yadav,1,/users/sujal-yadav.3c0bc253/badges
ELAKKIYA,,D,1,/users/elakkiya-d.6fab3c35/badges
kannan.,,S,1,/users/kannan-s.de7f08e9/badges
Kirupa,,Sankar,1,/users/kirupa-sankar/badges
ABHISHEK,,PATTANAIK,1,/users/abhishek-pattanaik.ccc0f68d/badges
Murugesan,,Chinnasamy,1,/users/murugesan-chinnasamy/badges
RAMINDER,,Kaur,1,/users/raminder-kaur.6f4aee92/badges
sisira,,cs,1,/users/sisira-cs/badges
Davinder,,Miglani,1,/users/davinder-miglani/badges
Swapnil,,Shirore,1,/users/swapnil-shirore.bb4707a8/badges
Karthick,,S,1,/users/karthick-s.ea993b36/badges
Deepankar,,Abhishek,1,/users/deepankar-abhishek/badges
Atharva,,Pratap Singh Chundawat,1,/users/atharva-pratap-singh-chundawat/badges
SOUBHAGYARANJAN,,DAS,1,/users/soubhagyaranjan-das.b0a8433c/badges
Omkar,,Kulkarni,1,/users/omkar-kulkarni.7da6cd47/badges
NAGENDRA,,K,1,/users/nagendra-k.b4c96707/badges
Srikanth,,Gattupalli,1,/users/srikanth-gattupalli/badges
Saravanan,,Balakrishnan,2,/users/saravanan-balakrishnan.ecac3dc5/badges
HARSH,,TANDEL,2,/users/harsh-tandel/badges
Soham,,Jadhav,1,/users/soham-jadhav.8aa84300/badges
Mohammad Annan,,Sheikh,1,/users/mohammad-annan-sheikh/badges
Vennapusa,,Chandramohan reddy,1,/users/vennapusa-chandramohan-reddy/badges
Thulasiraman,,EV,1,/users/thulasiraman-ev/badges
Vismay,,Raj,1,/users/vismay-raj/badges
Karanbir,,Singh,1,/users/karanbir-singh.90b14658/badges
DUGGEMPUDI,,THANUJREDDY,1,/users/duggempudi-thanujreddy/badges
Yashwanth,,S,1,/users/yashwanth-s.315dfccf/badges
TANAYA,,ASWALE,1,/users/tanaya-aswale/badges
Animesh,,Jain,2,/users/animesh-jain.92b43208/badges
Swathi,,Hegde,1,/users/swathi-hegde.de536b55/badges
SanthanaKumar,,M,1,/users/santhanakumar-m/badges
ASHUTOSH,,GOYAL,1,/users/ashutosh-goyal.a1df28e8/badges
nikitha,,padaakula,1,/users/nikitha-padaakula/badges
Geetha Madhuri,,Bojanki,1,/users/geetha-madhuri-bojanki/badges
Nithish,,Reddy,1,/users/nithish-reddy.9b7d5f53/badges
Abdul Rasool,,Shaikh,1,/users/abdul-rasool-shaikh/badges
Karishma,,Varpe,1,/users/karishma-varpe/badges
Ayushi,,Vasishtha,1,/users/ayushi-vasishtha.61a2b471/badges
monika,,kuila,1,/users/monika-kuila/badges
Ishaan,,Rejra,1,/users/ishaan-rejra/badges
Saidulu,,Boda,1,/users/saidulu-boda/badges
Karthikeyan,,S,1,/users/karthikeyan-s.370bc0d8/badges
Nachiket,,Joshi,1,/users/nachiket-joshi.8c1bd79f/badges
Nandan,,Priyadarshi,1,/users/nandan-priyadarshi.3242d928/badges
Lakshmi Narayana,,Krishnamurthy,1,/users/lakshmi-narayana-krishnamurthy.1aa9921e/badges
M,,Bindu,1,/users/m-bindu.33a6ddd2/badges
S,,Nisha,1,/users/s-nisha.6ee388f5/badges
Dinesh,,Reddy,1,/users/dinesh-reddy.f5a5a2ee/badges
Hemanth kumar,,V,1,/users/hemanth-kumar-v.603f8505/badges
Shahnawaz,,Siddiqui,1,/users/shahnawaz-siddiqui.19580906/badges
Manoj Kumar,,Pentapalli,1,/users/manoj-kumar-pentapalli/badges
Nivetha,,Baskaran,2,/users/nivetha-baskaran.004bd0fd/badges
Tanvi,,Kanade,1,/users/tanvi-kanade.a1860920/badges
Melson,,Martin,1,/users/melson-martin.b65e8c96/badges
Godavarthi,,Bhargava,1,/users/godavarthi-bhargava/badges
Priya,,Dixit,1,/users/priya-dixit.6b8bbc86/badges
Sucharita,,Atha,1,/users/sucharita-atha/badges
Ebinesh,,k,1,/users/ebinesh-k/badges
RUCHITA,,SETTI,1,/users/ruchita-setti/badges
Ankit,,Gupta,2,/users/ankit-gupta.0d0cb543/badges
Anitha,,Mutyala,2,/users/anitha-mutyala.c6dd7579/badges
Prathima,,Bankuru,2,/users/prathima-bankuru/badges
Seetaram Kumar,,Bhandaram,1,/users/seetaram-kumar-bhandaram.bde024c5/badges
Avik,,Roy,1,/users/avik-roy.8cd6aab1/badges
RAVINDRA,,M R,1,/users/ravindra-m-r/badges
venkata saisandeep,,Kunapureddy,1,/users/venkata-saisandeep-kunapureddy/badges
Arivudainambi,,K,1,/users/arivudainambi-k/badges
Tripurari,,V Sairama Sharma,2,/users/tripurari-v-sairama-sharma/badges
Monali,,Sahu,1,/users/monali-sahu/badges
CHANDAN,,MAHARANA,1,/users/chandan-maharana.8ea6b3a6/badges
Abhilash,,Dutta,1,/users/abhilash-dutta.922bb215/badges
Yash,,Gupta,1,/users/yshdev27/badges
Sonu,,Kumar,1,/users/sonu-kumar.0c3b7474/badges
Avishkant,,Patidar,1,/users/avishkant-patidar/badges
Devaraj,,Palanisamy,1,/users/devaraj-palanisamy.6aa252ef/badges
Sourav,,Basak,2,/users/sourav-bk/badges
Pooja,,Vyas,1,/users/pooja-vyas.9313d94b/badges
Kasiraju,,Pavan ArunAdithya,1,/users/kasiraju-pavan-arunadithya/badges
Vamshi,,Nagulapally,1,/users/vamshi-nagulapally/badges
SUPRIYA,,BATHULA,2,/users/supriya-bathula.b9cf4714/badges
Sivashangar,,R,1,/users/sivashangar-r/badges
Geba,,Benny,1,/users/geba-benny/badges
AKANSHI,,JAIN,1,/users/akanshi-jain.4f6681e3/badges
Mohammed,,Raquib R,1,/users/mohammed-raquib-r/badges
Shunmugasundaram,,Muthiah,1,/users/shunmugasundaram-muthiah/badges
Gajendra,,Tyagi,1,/users/gajendra-tyagi/badges
Debiprasad,,Sahoo,1,/users/debiprasad-sahoo.f7304c94/badges
Sajna,,M M,2,/users/sajna-m-m/badges
Balaji,,D,1,/users/balaji-d.78019619/badges
Arunangshu,,Podder,1,/users/arunangshu-podder.00beb2d2/badges
Shashank,,Kulkarni,1,/users/shashank-kulkarni.740bc3d2/badges
Arun Balaji,,JR,1,/users/arun-balaji-jr/badges
Kalpana,,Reddy,1,/users/kalpana-reddy.6cec0522/badges
Rajnish,,Anand,2,/users/rajnish-anand.733b9675/badges
Pooja,,Chilkewar,1,/users/pooja-chilkewar/badges
Kiran,,Joshi,1,/users/kiran-joshi.f0578070/badges
Vaibhav,,Khandagale,1,/users/vaibhav-khandagale.cc80e964/badges
Deepa,,Arjunan,1,/users/deepa-arjunan.5aaefc14/badges
Shrutiranjan,,Pattanayak,1,/users/shrutiranjan-pattanayak/badges
Abhilash,,Harsole,1,/users/abhilash-harsole/badges
Sanjay,,G S,1,/users/sanjay-gs.cd238bad/badges
Dipesh,,Nayak,1,/users/dipesh-nayak.5757a46f/badges
SHRUTHI REDDY,,V K,1,/users/shruthi-reddy-v-k/badges
ezhilarasan,,J,1,/users/ezhilarasan-j/badges
Balakrishna Chandramauli,,Jupudi,2,/users/balakrishnajupudi/badges
Sandeep reddy,,Surakanti,1,/users/sandeep-reddy-surakanti.3b5fe990/badges
siva,,kumar,1,/users/siva-kumar.305babfa/badges
sai rohith,,yeluri,1,/users/sai-rohith-yeluri.61d4a4ef/badges
Sravya Geetha,,Yenni,1,/users/sravya-geetha-yenni/badges
Midhun,,R V,1,/users/midhun-r-v/badges
Swagata,,Upadhyay,1,/users/swagata-upadhyay/badges
Abishek,,K V,1,/users/abishek-k-v/badges
Sankha Subhra,,Ghosh,1,/users/sankha-subhra-ghosh/badges
Sunny,,maurya,1,/users/sunny-maurya.327126ae/badges
KONDA,,HARI KUMAR REDDY,1,/users/konda-hari-kumar-reddy/badges
Manya,,N,1,/users/manya-n/badges
Anand,,Govindaraj,2,/users/anand-govindaraj.998269a1/badges
Anurag,,Mitra,1,/users/anurag-mitra/badges
Anita,,Nale,1,/users/anita-nale/badges
PAVAN KUMAR,,SAHU,1,/users/pavan-kumar-sahu.b7d01d56/badges
Satish,,Chandan,1,/users/satish-chandan.0ce12b54/badges
Sunil,,Braroo,1,/users/sunil-braroo.53c17180/badges
Keerthivasan,,Raju,1,/users/keerthivasan-raju/badges
Saairaam,,Indran,2,/users/saairaam-indran/badges
swati,,kumari,2,/users/swati-kumari.377ebe22/badges
Shiva,,Das,1,/users/shiva-das.b440edb4/badges
Bhargavi,,N,1,/users/bhargavi-n.3e454182/badges
Rohit,,Naidu,1,/users/rohit-naidu.a63084e7/badges
Sagar,,Veer,1,/users/sagar-veer.9c678b6a/badges
Mahesh,,Ummidi,1,/users/mahesh-ummidi/badges
LEELA AKASH,,MARIDI,1,/users/leela-akash-maridi.35067184/badges
Ayushi,,Prasad,1,/users/ayushi-prasad.d227895c/badges
Vishal,,mandle,1,/users/vishal-mandle.75889d66/badges
Balaji,,Punyakoti,2,/users/balaji-punyakoti/badges
meenaxi,,rajput,1,/users/meenaxi-rajput/badges
SIMRANJIT,,KAUR,1,/users/simranjit-kaur.461f47eb/badges
Aravindan,,S,1,/users/aravindan-s.c87f0fb8/badges
Ram Prasath,,Muralidharan,1,/users/ram-prasath-muralidharan/badges
raghava,,nayak,1,/users/raghava-nayak/badges
Swarnendu,,Dutta,1,/users/swarnendu-dutta.84cdbdfe/badges
Shivam,,Agrawal,1,/users/shivam-agrawal.03bdda00/badges
Aswin Jim,,Thuruthippilly,1,/users/aswin-jim-thuruthippilly/badges
Durga Prasad,,Sahu,2,/users/durga-prasad-sahu.25076dc5/badges
Jagannath,,Pal,2,/users/jagannath_pal/badges
Vignesh,,Varatharajan,4,/users/vignesh-varatharajan.4bf39d44/badges
Rintu,,Datta,1,/users/rintu-datta.e069f6f8/badges
Goliya Raghavendra,,Rao,1,/users/goliya-raghavendra-rao/badges
Srinivas,,M V P B,2,/users/srinivas-m-v-p-b/badges
Neeraj,,Manwani,1,/users/neeraj-manwani/badges
Rathi,,Santhosh,1,/users/rathi-santhosh/badges
Viknesh,,Balakrishnan,1,/users/viknesh-balakrishnan/badges
Bhavana,,R,1,/users/bhavana-r.cd2eaf04/badges
Manoj,,Bathala,1,/users/manoj-bathala.e378d6f4/badges
Ajay,Shrirang,Nagnoor,2,/users/ajay-nagnoor/badges
Vigneshwaran,,Sambath,1,/users/vigneshwaran-sambath/badges
TOLETI,,MOHAN,1,/users/toleti-mohan/badges
Manikandan,,Ramaswami,1,/users/manikandan-mail2manix-gmail-com/badges
Neo,,Noir,1,/users/neo-noir/badges
Amit,,Dhanorkar,1,/users/amit-dhanorkar/badges
Rajesh,,Kolli,1,/users/rajesh-kolli.9a509ba1/badges
Dinesh Kumar Reddy,,Esambadi,1,/users/dinesh-kumar-reddy-esambadi/badges
Rishikesh,,Deshmukh,1,/users/rishikesh-deshmukh.3635e630/badges
ADARSH,,VISHWABANDHU,1,/users/adarsh-vishwabandhu/badges
Shubh,,Gupta,1,/users/ishubhgupta/badges
Amarendra,,Rai,1,/users/amarendra-rai/badges
Angad,,Singh,1,/users/angad-singh.ddfc11c3/badges
Akila,,Gopinath,1,/users/akila-gopinath/badges
Harshal,,Salvi,1,/users/harshal-salvi/badges
jeevanantham,,duraisamy,1,/users/jeevanantham-duraisamy/badges
Akshat,,Rastogi,1,/users/akshat-rastogi.0524b7ee/badges
Ajay,,Mourya,2,/users/ajay-mourya.820ffc86/badges
Sachin,,Bhanusghare,1,/users/sachin-bhanusghare.db1cddd0/badges
Devisri,,S,1,/users/devisri-s.effb3434/badges
Sai Narasimha Teja,,Thulluri,1,/users/sai-narasimha-teja-thulluri/badges
Akanksha,,Amarendra,1,/users/akanksha-amarendra.274db4f9/badges
Himanshu,,Chauhan,1,/users/himanshu-chauhan.82d19ab7/badges
Vinod,,Kuruba,1,/users/vinod-kuruba/badges
vijay kumar,,sabbu,1,/users/vijay-kumar-sabbu/badges
Soham,,Ghosh,1,/users/soham-ghosh.a30e80b5/badges
Gautam,,Kumar,1,/users/gautam-kumar.cdea46cd/badges
Sandeep,,Raj,1,/users/sandeep-raj.2d6f1c58/badges
Muhammad Rizwan,,Sheikh,1,/users/muhammad-rizwan-sheikh/badges
Vinu,,EK,1,/users/vinu-ek/badges
Prakash,,Kumar Jha,1,/users/prakash-kumar-jha.430f47e2/badges
Arti,,-,1,/users/arti.bc62c791/badges
Muthukumar,,Sivagurunathan,1,/users/muthukumar-sivagurunathan/badges
padmashri,,sivaji,1,/users/padmashri-sivaji/badges
Rabindra,,Maharana,1,/users/rabindra-maharana/badges
G S Navin,,Kumar,1,/users/g-s-navin-kumar.54ce8aab/badges
Avi,,Srivastava,2,/users/avi-srivastava.395f1141/badges
Pevin,,Alfred,2,/users/pevin-alfred/badges
Nikhitha,,Prasanna,1,/users/nikhitha-prasanna/badges
Vikaa,,V K,1,/users/vikaa-v-k/badges
Siddhant,,Tibrewal,1,/users/siddhant-tibrewal/badges
Purusothaman,,Ramanujam,1,/users/purusothaman-ramanujam/badges
Sushmitha,,S,1,/users/sushmitha-s.50dd8806/badges
AJITHKUMAR,,KALARICKALKUNNEL RAJU,2,/users/ajithkumar-kalarickalkunnel-raju/badges
Amrut,,Sabnis,1,/users/amrut-sabnis/badges
Aditya,,Pawar,1,/users/aditya-pawar.d1ed2c19/badges
Kalaiselvan,,K,1,/users/kalaiselvan-k.7ee2496c/badges
Sandeep,,Madavu Ramachandra,1,/users/sandeep-madavu-ramachandra.7bbe378a/badges
Jayesh,,Matekar,3,/users/jayesh-matekar/badges
Vinothkumar,,Nandagopal,1,/users/vinothkumar-nandagopal.55ca5ead/badges
Dharmendra,,Panwar,1,/users/dharmendra-panwar.937e0018/badges
Nagesh,,P,1,/users/nagesh-p.ed921891/badges
Akshay,,Bhandari,2,/users/akshay-bhandari.4c3dcde1/badges
Rishav,,Das,3,/users/rishav-das.1ad793d0/badges
Shrinidhi,,B,1,/users/shrinidhi-b.71635eca/badges
sathwik,,valluru,1,/users/sathwik-valluru/badges
Anisha,,Rahamathullah,1,/users/anish-rahmath/badges
Indukuri,,Divya,1,/users/indukuri-divya/badges
Abhishek,,Anand,1,/users/abhishek-anand.b9842a1f/badges
Tanmay,,Shinde,4,/users/tanmay-shinde.b12d7272/badges
Baba,,Satwik,1,/users/baba-satwik/badges
Ganapathy Subramanian,,Sankararama Subramanian,1,/users/ganapathy-subramanian.70a1d971/badges
Abhishek,,Sunkara,1,/users/abhishek-sunkara.2d3fc111/badges
SANTHIYA,,SUBRAMONIAM,2,/users/santhiya-subramoniam/badges
Suraj,,Maurya,1,/users/suraj-maurya.831f89ea/badges
Nilanjan,,Ghosal,3,/users/nilanjan-ghosal/badges
Mohammed Askar,,S,1,/users/mohammed-askar-s/badges
Mastan Babu,,Nandavarapu,2,/users/mastan-babu-nandavarapu/badges
Sai,,Chamarti,1,/users/sai-chamarti/badges
Yogesh,,Patil,1,/users/yogesh-patil.f378991e/badges
Anbuthayam,,S,1,/users/anbuthayam-s/badges
Kaushiki,,Kashyap,1,/users/kaushiki-kashyap/badges
srinivasan,,d,1,/users/srinivasan-d.27abf326/badges
Amit,,Aryan,1,/users/amit-aryan.b318cca5/badges
DEBASISH,,DEBROY,1,/users/debasish-debroy.1c801a4a/badges
Rengarajan,,Baskar,2,/users/rengarajan-baskar/badges
Awaneet,,baranwal,1,/users/awaneet-baranwal/badges
Mahak,,Kaur,1,/users/mahak-kaur.c7870631/badges
Sathish Kumar,,Gajaraj,1,/users/sathish-kumar-gajaraj/badges
Jayadheer,,Mukkala,1,/users/jayadheer-mukkala.1348a697/badges
Srinadh,,Koyi,1,/users/srinadh-koyi/badges
Sai Nikhil,,Vengaladasu,1,/users/nikhilsn71/badges
Mihir,,Parmar,1,/users/mihir-parmar.c9d2b4e3/badges
Abhishek,,Patnaik,1,/users/abhishek-patnaik.012ee59b/badges
PANKAJ,,KUMAR,2,/users/pankaj-kumar.6b8e3d9b/badges
Debarshi,,Das,1,/users/debarshi-das.feffa866/badges
Naga Sai Likhitha,,Komma,1,/users/naga-sai-likhitha-komma/badges
Abhishek Kumar,,Garg,1,/users/abhishek-kumar-garg/badges
Mahak,,Mor,1,/users/mahak-mor.591fa9ba/badges
VIDHEESH,,KUMAR KASANAGOTTU,1,/users/vidheesh-kumar-kasanagottu.44a8b35c/badges
Dharun,,Krishna.K.B,1,/users/dharun-krishna-k-b/badges
Bheema Sena Reddy,,Golladoddi,1,/users/bheema-sena-reddy-golladoddi/badges
Garima,,Singh,1,/users/garima-singh.949c91a2/badges
Harisha,,M V,1,/users/harisha-m-v/badges
Ashishkumar,,Patel,1,/users/ashishkumar-patel/badges
Pradeep,,vasantha kumar,2,/users/pradeep-vasantha-kumar/badges
Priyanshu,,Singh,1,/users/priyanshu-singh.3fcd3204/badges
Navaneeth,,H,1,/users/navaneeth-h.2902de94/badges
dhanush,,chevuri,1,/users/dhanush-chevuri/badges
Apsara,,Venugopal,1,/users/apsara-venugopal/badges
Gokul,,MK,1,/users/gokul-mk.8fe48f32/badges
Sakthi,,Manikandan A,1,/users/sakthi-manikandan-a/badges
RAMEES,,P K,1,/users/ramees-p-k.ddc260c2/badges
Krishnan,,Subramanian,1,/users/krishnan-subramanian.6c91329d/badges
Ramesh,,Potla,1,/users/ramesh-potla.c8e2c508/badges
Mounika,,Chilukuri,1,/users/mounika-chilukuri.1857e511/badges
Nikita,,Lande,1,/users/nikita-lande.5294d5ab/badges
Abhijit,,Marne,1,/users/abhijit-marne/badges
Sameer,,Chopra,1,/users/sameer-chopra/badges
Santosh,,Patil,1,/users/santosh-patil.7b70b94b/badges
Krunal,,GAJBHIYE,1,/users/krunal-gajbhiye/badges
Lakshmi Sai Hemanth,,Donga,1,/users/lakshmi-sai-hemanth-donga/badges
Harika,,Rachabhathuni,2,/users/harika-rachabhathuni/badges
Ramesh,,Prabhulal Sencha,1,/users/ramesh-prabhulal-sencha/badges
Neeraj,,V,2,/users/neeraj-v.a0ae37eb/badges
Salini,,Sukumaran,1,/users/salini-s.6c8997b6/badges
Pushpanjali,,Mallampalli,1,/users/pushpanjali-mallampalli.ca623abe/badges
Himanshu,,Dey,1,/users/himanshu-dey.55ae9286/badges
Shankar,,Kumar Karn,1,/users/shankar-kumar-karn.3768af7d/badges
SANJAY,,T,1,/users/sanjay-t-google/badges
Aachal,,Dhole,1,/users/aachal-dhole/badges
Koushik,,Roy,1,/users/koushik-roy.8ceb5d66/badges
Pranav,,Ahire,1,/users/pranav-ahire.14989d02/badges
Ashish,,Mishra,2,/users/ashish-mishra.3f3d58cc/badges
Souvik,,Roy,1,/users/souvik-roy.c315ed30/badges
P.Yaswanth,,Chowdary,1,/users/p-yaswanth-chowdary/badges
Mohammed Munazir,,Ansari,1,/users/mohammed-munazir-ansari/badges
Sourin,,Mukherjee,1,/users/sourin-mukherjee.80ad3fe8/badges
AJAL KRISHNA,,V,1,/users/ajal-krishna-v/badges
Sushma,,B G,1,/users/sushma-b-g/badges
Riaz,Ali,Laskar,1,/users/riaz-laskar/badges
Prakash,,Jadhav,1,/users/prakash-jadhav.460c21b2/badges
Srilatha,,Mahadevan,1,/users/srilatha-mahadevan/badges
Hrishikesh,,Sarate,1,/users/hrishikesh-sarate.438ecbb7/badges
Kaushangi,,Goel,1,/users/kaushangi-goel/badges
Dharsan,,2004,1,/users/dharsan-2004/badges
Yash,,kolte,1,/users/yash-kolte.5fd0c561/badges
Aravind,,TV,1,/users/aravind-tv/badges
Ramalakshmi,,H,1,/users/ramalakshmi-h/badges
Athmika,,A R,1,/users/athmika-a-r/badges
Mayur,,Borse,1,/users/mayur-borse.df8ad403/badges
Parth,,Sharma,1,/users/parth-sharma.138eb77d/badges
Bhavya,,Kongari,1,/users/bhavya-kongari/badges
Shikha,,Gupta,1,/users/shikha-gupta.34874b18/badges
Karthik,,Prasath,2,/users/karthik-prasath/badges
Rachit,,Upadhyay,1,/users/rachit-upadhyay.b3df2fd2/badges
Ayush Karan,,Bohra,1,/users/ayush-karan-bohra/badges
Syed,,Basha,1,/users/syed-basha.8848a5b9/badges
Ayan,,Dutta,1,/users/ayan-dutta.a8ec3a05/badges
Vikram,,Kumar,2,/users/vikram-kumar.e0afb635/badges
Ahmed,,khan,2,/users/ahmkhan3007/badges
Vishal,,Kallapudi,2,/users/vishal-kallapudi/badges
Venkata Rohit Adiseshu,,Bondada,3,/users/venkata-rohit-adiseshu-bondada/badges
ARIPIRALA BALARKA,,TEJA,1,/users/aripirala-balarka-teja/badges
Umang,,Malhotra,1,/users/umang-malhotra.cdd0ef75/badges
Prajakta,,Navarkar,1,/users/prajakta-navarkar/badges
Soumitra,,Ghosh,2,/users/soumitra-ghosh.54a30250/badges
Sharath,,A N,1,/users/sharath-a-n/badges
srinivasan,,a.v.,1,/users/srinivasan-a-v/badges
Ravi shankar,,B,1,/users/ravi-shankar-b/badges
pranav,,sastry,1,/users/pranav-sastry/badges
Safaan,,Hashmi,1,/users/safaan-hashmi/badges
ATUL,,KUMAR,1,/users/atul-kumar.156a350e/badges
Karthika,,Sivaprakasam,1,/users/karthika-sivaprakasam.bbe300f8/badges
Siva Murugan,,O K,1,/users/siva-murugan-o-k/badges
Ishvarya,,Eswar,1,/users/ishvarya-eswar/badges
PANKAJ KUMAR,,DWIVEDI,2,/users/pankaj-kumar-dwivedi.cc268318/badges
Ezhil Marban,,Arul Marban,1,/users/ezhil-marban-arul-marban/badges
Akash,,M D,1,/users/akash-m-d.7942f6d7/badges
Ankit,,Gupta,1,/users/ankit-gupta.9b6295b9/badges
kiran,,mandapam,1,/users/kiran-mandapam/badges
Raviteja,,Karnati,1,/users/raviteja-karnati/badges
Nandha Kumar,,R,1,/users/nandha-kumar-r.416a08c0/badges
Supriya,,Jonnala,1,/users/supriya-jonnala.98ddc5af/badges
Dhanunjaiah,,Sridharahal,1,/users/dhanunjaiah-sridharahal/badges
PATTHI,,ANUSHA,2,/users/patthi-anusha/badges
Anantkreshna,,Vedanarayanan,2,/users/anantkreshna-vedanarayanan/badges
Shreesh,,Agrawal,1,/users/shreesh-agrawal/badges
Vamsi,,Krishna K,1,/users/vamsi-krishna-k.f74664eb/badges
Gemini,,Sharma,1,/users/gemini-sharma/badges
Ankita,,Singh,1,/users/ankita-singh.3b9f59a3/badges
Gaurav,,Rohankar,1,/users/gaurav-rohankar/badges
Sanju,,Nagendran,2,/users/sanju-nagendran/badges
Koushik,,Dutta,3,/users/koushik-dutta.e53ff6a7/badges
Tushar,,Rathi,1,/users/tushar-rathi-rathi/badges
Kamya,,Kamya,1,/users/kamya-kamya/badges
Shiji,,K J,1,/users/shiji-k-j/badges
Sanidhya,,Dave,1,/users/sanidhya-dave.bf9901b3/badges
Sarfaraz Ahammed,,Syed,1,/users/sarfaraz-ahammed-syed.d3394677/badges
Chinni,,Charan,1,/users/chinni-charan/badges
Neethu,,Joseph,1,/users/neethu-joseph/badges
krishna,,karri,2,/users/krishna-karri/badges
JAI,,VARSHAN,1,/users/jai-varshan/badges
SWETHA,,N S,1,/users/swetha-n-s.2abe57eb/badges
Pukkella,,Yamini,2,/users/pukkella-yamini/badges
Sreedhar,,S,1,/users/sreedhar-s.30bc850a/badges
Manpreet,,Singh,1,/users/manpreet-singh.1eaa837f/badges
Sujeet,,Maurya,1,/users/sujeet-maurya/badges
Pallavi,,Upadhyay,2,/users/pallavi-upadhyay.a1286273/badges
Neeraj,,Shashi,1,/users/neeraj-shashi/badges
Tamal,,Das,1,/users/tamal-das.a2a7a7a3/badges
Sunil,,Bhuvanapalli,1,/users/sunil-bhuvanapalli.d659cbeb/badges
Sandesh,,Jain,1,/users/sandesh-jain.6a2b77f6/badges
Rupak,,rai,1,/users/rupak-rai/badges
Prakshi,,Chauhan,1,/users/prakshi-chauhan/badges
Sachin,,Bhosale,2,/users/sachin-bhosale.30cf6931/badges
Shibin,,J,1,/users/shibin-j.629c425a/badges
Dhanalakshmi,,Gopal,1,/users/dhanalakshmi-gopal.23216d14/badges
Spoorthy,,AB,2,/users/spoorthy-ab/badges
Aswathy,,M,1,/users/aswathy-m.33aa09b0/badges
Praveenkumar,,Thiruvengadam,2,/users/praveenkumar-thiruvengadam/badges
Satheesh,,C,2,/users/satheesh-c.ffe881dd/badges
Rohan,,Saxena,2,/users/rohan-saxena.f83cc9cf/badges
Nilesh,,Kawale,1,/users/nilesh-kawale.8016680a/badges
Arindam,,Ballav,1,/users/arindam-ballav.1b2edb02/badges
Raghav,,Partani,1,/users/raghav-partani.b62d866b/badges
Arpan,,Chakraborty,1,/users/arpan-chakraborty.96a4a2a5/badges
Swathi,,T,1,/users/swathi-t.33e13d3b/badges
Rithik,,Sarab,1,/users/rithiksarab/badges
Karthik,,Parasuraman,1,/users/karthik-parasuraman/badges
Ranjithkumar,,Subramanian,1,/users/ranjithkumar-subramanian.638320cf/badges
Ashish,,Dargan,1,/users/ashish-dargan/badges
Shivaram,,Sethuraman,1,/users/shivaram-sethuraman/badges
Namrata,,Mathapati,1,/users/namrata-mathapati/badges
Sangeetha,,Aamudhala,1,/users/sangeetha-aamudhala/badges
Sabyasachi,,Dhar,1,/users/sabyasachi-dhar.c062c982/badges
Kajal,,Mondol,1,/users/kajal-mondol/badges
K B,,Pradeep,2,/users/k-b-pradeep.9e0a2a63/badges
Mohammed,,ullah,1,/users/mohammed-ullah.a577f7a4/badges
Ruchir,,Sinha,1,/users/ruchir-sinha.37dfb1a5/badges
Atreyee,,Kar,1,/users/atreyee-kar.bcfb52c3/badges
Manish,,Kumar,1,/users/manish-kumar.1f00d482/badges
Palaniappan,,alagappan,2,/users/palaniappan-alagappan.6198a6b6/badges
Rishita,,sahu,2,/users/rishita-sahu.055deddc/badges
Tushar,,Jaiswal,1,/users/tushar-jaiswal.124f0b18/badges
Navdeep,,Roy,1,/users/navdeep-roy.fe055460/badges
Rupali,,Rupali,1,/users/rupali-rupali.091beab7/badges
Aravindhasamy,,R,1,/users/aravindhasamy-r/badges
SWAPNIL,,DAMATE,2,/users/swapnildamate/badges
nikhil,,Alugubelly,1,/users/nikhil-alugubelly/badges
V.,,Srija,1,/users/v-srija/badges
Tanmay,,Pisal,1,/users/tanmay-pisal.4115844d/badges
Tarasankar,,Ganguly,1,/users/tarasankar-ganguly/badges
Swathi,,KJ,1,/users/swathi-kj/badges
MUTHUBARATHI S,,SUNDARAMURTHY,1,/users/muthubarathi-s-sundaramurthy.c52a444d/badges
Jaiganesh,,Dakshinamurthy,1,/users/jaiganesh-dakshinamurthy/badges
Pratik,,Mahadik,1,/users/pratik-mahadik/badges
Abhinandan,,Rajaraman,1,/users/abhinandan-rajaraman/badges
Swati,,Mittal,1,/users/swati-mittal.82f2a6b7/badges
RAJA RAGHAVENDRA RAO,,S,1,/users/raja-raghavendra-rao-s/badges
Latha,,S,1,/users/latha-s.bce425f0/badges
Ruckshana,,Liyakath,1,/users/ruckshana-liyakath/badges
Briolin Nayagam,,Surendra Nayagam,2,/users/briolin-nayagam-surendra-nayagam/badges
Vaibhavi,,Raut,1,/users/vaibhavi-raut.a2a66fd9/badges
Deepak,,Rathod,1,/users/deepak-rathod.a2a6602e/badges
Sunil Kumar,,Yadala,1,/users/sunil-kumar-yadala/badges
Nikhil,,Pulluri,1,/users/nikhil-pulluri.cc6596f8/badges
Pardeep,,Kumar,1,/users/pardeep-kumar.228ebca1/badges
Barath Sriram,,K,1,/users/barath-sriram-k.b6e1b292/badges
Nagireddy,,Goli,2,/users/nagireddy-goli/badges
RISHABH,,AGARWAL,1,/users/rishabh-agarwal.1dd62aae/badges
Nipun,,Sinha,1,/users/nipun-sinha.df853fe2/badges
Athira,,Nandakumar,1,/users/athira-nandakumar/badges
TELLAKULA,,AYYAPPA SWAMI,2,/users/tellakula-ayyappa-swami/badges
Yajas,,Arora,1,/users/yajas-arora.cbd8fd81/badges
Vijay Nataraj,,Kannan,1,/users/vijay-nataraj-kannan.f769186a/badges
Pavithra,,T,1,/users/pavithra-t.2c0b6f74/badges
Akshaya,,Sampath Kumar,1,/users/akshaya-sampath-kumar/badges
Mohammed,,Rafi,1,/users/mohammed-rafi.8522a0a2/badges
Madhesh,,H,1,/users/madhesh-h.8fc2401d/badges
Vignesh,,Subramanian,1,/users/vignesh-subramanian.d913e3bd/badges
Bhupesh,,karat methal,1,/users/bhupesh-karat-methal/badges
Vignesh,,R,1,/users/vignesh-r.dc0c3e8a/badges
Keerthi,,Madugula,1,/users/keerthi-madugula.5eda58ab/badges
Selvaraj,,Subramanian,1,/users/selvaraj-subramanian.7922e935/badges
Harerndra Singh,,Rathod,1,/users/harerndra-singh-rathod/badges
Aadhithya,,B,1,/users/aadhithya-b.b8790b4f/badges
Naukhez,,Zaman,1,/users/naukhez-zaman.d7feceab/badges
Athira,,M K,2,/users/athira-m-k/badges
SAIKRISHNAM RAJU,,Mudunoori,2,/users/saikrishnam-raju-mudunoori/badges
swethalakshmi,,arkat,1,/users/swethalakshmi-arkat/badges
Arani,,Bag,1,/users/arani-bag.9e6e8d21/badges
KALYAN KUMAR,,VISSAPRAGADA,1,/users/kalyan-kumar-vissapragada/badges
Swetha,,K,1,/users/swetha-k.e0e5eda1/badges
Nandana,,K,1,/users/nandana-k.4012b11e/badges
Adesh,,Patidar,1,/users/adesh-patidar.c2404d00/badges
ALAGAPPAN,,KANNAN,1,/users/alagappan-kannan/badges
Hrishikesh,,Mangate,2,/users/hrishikesh-mangate/badges
Puneeth,,Aradhya,2,/users/aradhyapuneeth/badges
B Saloni,,Patro,5,/users/b-saloni-patro/badges
SATYAJIT,,KHARADE,2,/users/satyajit-kharade/badges
Anil,,Rawat,1,/users/anil-rawat.d27e745a/badges
Abhishek,,Jain,1,/users/abhishek-jain.94674b14/badges
Vikram,,Khanna,1,/users/vikram-khanna.dd1dbe57/badges
Salik,,Sayyed,1,/users/salik-sayyed/badges
Pavan,,Rudra,1,/users/pavan-rudra/badges
Annanya,,Sharma,1,/users/annanya-sharma.4a577567/badges
Saurabh,,Hundare,1,/users/saurabh-hundare.4eb0da21/badges
Ipsita,,Mukherjee,1,/users/ipsita-mukherjee.8c4d552e/badges
Debaditya,,Sen,1,/users/debaditya-sen/badges
RAJESH,,KB,2,/users/rajesh-kb/badges
Vishnu,,R,1,/users/vishnu-r.fcb7df3a/badges
Mehandi,,hasan,1,/users/mehandi-hasan.bcf3d010/badges
Hariom,,Mandloi,1,/users/hariom-mandloi.686b1679/badges
Sarath,,K,1,/users/sarath-k.6fbf15bd/badges
Himanshu,,Mungoli,1,/users/himanshu-mungoli/badges
chandran,,ganapathy,2,/users/chandran-ganapathy/badges
Mudiyam,,Dinesh,1,/users/mudiyam-dinesh/badges
Sri Ranjani,,Ramanan,1,/users/sri-ranjani-ramanan/badges
Chandanashree,,V,1,/users/chandanashree-v.4ac36adc/badges
Uchinthala,,Supriya,1,/users/uchinthala-supriya/badges
pritam,,shinde,1,/users/pritam-shinde.bc6bbf71/badges
Sunam,,Debnath,1,/users/sunam-debnath/badges
SHREYA SRINIKA,,K S,1,/users/shreya-srinika-k-s/badges
Ankur,,Sagar,2,/users/ankur-sagar.f1c71c81/badges
Aravind Varma,,Gamini,2,/users/aravind-varma-gamini/badges
Sathi,,V S,1,/users/sathi-v-s/badges
Tamil Selvi,,Dharmar,1,/users/tamil-selvi-dharmar/badges
Vijay Kumar,,Singh,1,/users/vsingh55/badges
Sneha,,Shrivastav,1,/users/sneha-shrivastav.c2054fa8/badges
Vinay,,Kumar,2,/users/vinay-kumar.4f44b09d/badges
anup,,singh,1,/users/anup-singh.f548801a/badges
Ranvijay,,Kumar,1,/users/ranvijay-kumar.8e65c748/badges
Sridhar,,S,1,/users/sridhar-s.8700cc1b/badges
Sivakumar,,Chinnaraj,1,/users/siva-kumar-c.b7477e6d/badges
Bijesh,,Augustine,1,/users/bijesh-augustine/badges
Punitha,,Vasudevan,1,/users/punitha-vasudevan/badges
Deepika,,Chandrasekaran,1,/users/deepika-chandrasekaran.894f3439/badges
Navneet,,Varshney,1,/users/navneet-varshney.f1d7ccf1/badges
Joy,,Banerjee,2,/users/joy-banerjee.27d8d159/badges
Divyesh,,K,1,/users/divyeshk/badges
shivam,,nandekar,1,/users/shivam-nandekar.a8d04f06/badges
Gokulkumar,,Sekar,1,/users/gokulkumar-sekar/badges
NEELOTPAL,,CHAKRABORTY,1,/users/neelotpal-chakraborty.d7233f08/badges
Samrat,,Das,3,/users/samrat-das/badges
BIBEKANANDA,,BOSE,2,/users/bibekananda-bose/badges
Anjelin,,Genifer,1,/users/anjelin-genifer/badges
Amol,,Rane,1,/users/amol-rane.77d233e8/badges
Aniruddh,,Karekar,1,/users/aniruddh-karekar.39b9c901/badges
Prasoon,,Mishra,1,/users/prasoon-mishra.c51a75c5/badges
Pushpam,,Ojha,1,/users/pushpam-ojha.07705c60/badges
Deep,Rakesh,Tank,1,/users/deep-rakesh/badges
Petersingh,,Anburaj,1,/users/petersingh-anburaj/badges
Akhil,,Kurian,1,/users/akhil-kurian.19d64976/badges
Archana,,KR,1,/users/archana-kr.e13daec0/badges
Indhu,,Priya,1,/users/indhu-priya.2aea5eab/badges
Anadi,,Kumar,1,/users/anadi-kumar/badges
Soumick,,Roy Kanungo,1,/users/soumick-roy-kanungo/badges
Busireddy,,Reddy,1,/users/busireddy-reddy/badges
Mattaparthi,,Sujatha,1,/users/mattaparthi-sujatha/badges
PREETHI,,PUSHPARAJ,1,/users/preethi-pushparaj/badges
Pragati,,Pise,1,/users/pragati-pise.89add858/badges
Ankit,,Chavan,1,/users/ankit-chavan.ccc6e425/badges
Mohana,,Nath,1,/users/mohana-nath/badges
Sakshi,,Mishra,1,/users/sakshi-mishra.1855a5cb/badges
Asha,,Mandale,1,/users/asha-mandale.2906af29/badges
Shobhit,,Pandey,1,/users/shobhit-pandey.d2536440/badges
Prabhakaran,,K,2,/users/prabhakaran-k.47387a15/badges
Gagan,,Netam,1,/users/gagan-netam.72aac759/badges
Loganathan,,Velsamy,1,/users/loganathan-velsamy/badges
KANNIKA PARAMESHWARI,,JAYARAM,1,/users/kannika-parameshwari-jayaram/badges
Sridhar,,Bommena,1,/users/sridhar-bommena/badges
Lavanya,,M,1,/users/lavanya-m.bef0379b/badges
rutuja,,jaid,1,/users/rutuja-jaid/badges
karthikeyan,,NEETHIRAJAN,1,/users/karthikeyan-neethirajan.9d6ef5a3/badges
Kiran Kumar Subramanya,,Dusi,1,/users/kiran-kumar-subramanya-dusi/badges
Debarshi,,Dasgupta,1,/users/debarshi-dasgupta.a09943ba/badges
saikumar,,pantham,1,/users/saikumar-pantham/badges
Rivu,,Roy,1,/users/rivu-roy/badges
Sathwika Joyce,,Alugula,1,/users/sathwika-joyce-alugula/badges
Shaheena Jabbin,,Pathan,1,/users/shaheena-jabbin-pathan/badges
Gauravi,,Gomare,1,/users/gauravi-gomare.d0bfad6a/badges
Bandi,,Venkatasatyanarayana,1,/users/bandi-venkatasatyanarayana/badges
aishwarya,,ragam,1,/users/aishwarya-ragam/badges
Ashiq Mohamed,,S,1,/users/ashiq-mohamed-s/badges
Varadhavishnu,,Rangarajan,1,/users/varadhavishnu-rangarajan/badges
Poornima,,S,1,/users/poornima-s.eb54463b/badges
Kabir,,Mittal,2,/users/kabir-mittal.09b6666a/badges
Megha,,Parade,1,/users/megha-parade/badges
AKASH,,S,2,/users/akash-s.a09a76e7/badges
Hema,,Pogala,1,/users/hema-pogala.d0368745/badges
Samreen,,Pathan,1,/users/pathan-samreen/badges
Padmaja,,Nakka,1,/users/padmaja-nakka.6a5b2c9e/badges
Vivek,,Rana,1,/users/vivek-rana.6ee02c00/badges
Akshay,,Kumar,1,/users/akshay-kumar.cf73025f/badges
Dinesh Kumar,,Selvakumar,1,/users/dinesh-kumar-selvakumar/badges
Nikhil,,Sharma,1,/users/nikhil-sharma.e3ae8c41/badges
Shubham,,Shubham,1,/users/shubham-shubham.ba62bd83/badges
Sakshi,,Mittal,1,/users/sakshi-mittal.5be00de3/badges
Balaji,,B,2,/users/balaji-b.227ca599/badges
Chandraprasath,,Chittibabu,1,/users/chandraprasath-chittibabu.e97d02f2/badges
Rahul Raj,,Verma,1,/users/rahul-raj-verma/badges
Sai Supriya,,Mongam,1,/users/sai-supriya-mongam/badges
Ankit,,Sharma,1,/users/ankit-sharma.12f252b9/badges
sahana,,sahu,1,/users/sahana-sahu/badges
Pranavkumar,,Unkule,1,/users/pranavkumar-unkule.3f93d234/badges
soumita,,kundu,1,/users/soumita-kundu.934d6663/badges
Mihir,,Karnavat,1,/users/mihir-karnavat/badges
Shubham,,Kadam,1,/users/shubham-kadam.e8519e4e/badges
Jitendra,,Tiwari,1,/users/jitendra-tiwari.155a47e1/badges
Shameer,,Kattubadi,1,/users/shameer-kattubadi/badges
Shweta,,Kudtarkar,1,/users/shweta-kudtarkar/badges
Shivam,,Gupta,1,/users/shivam-gupta.07f5a827/badges
Abhineet,,Saha,1,/users/abhineet-saha/badges
harihara,,vejju,1,/users/harihara-vejju/badges
Debojyoti,,Bose,1,/users/debojyoti-bose.c234e0cf/badges
no Johnson Prem,,SV,1,/users/no-johnson-prem-sv/badges
Sujatha,,Subramaniam,1,/users/sujatha-subramaniam.bcbcddba/badges
Kaushik,,Sarania,1,/users/kaushik-sarania/badges
Karthick,,Boopathy,1,/users/karthick-boopathy/badges
sathya,,raj,1,/users/sathya-raj.fc49e9d4/badges
SRILAKSHMI,,PAI,1,/users/srilakshmi-pai.c52c7268/badges
Bharath,,T,3,/users/bharath-t.85c91245/badges
kiranmai,,yaganti,1,/users/kiranmai-yaganti/badges
Yuvaprakash,,N,1,/users/yuvaprakash-n/badges
SAROJ,,SAHU,1,/users/saroj-sahu.2f819d93/badges
Prashanth,,Baikadi,1,/users/prashanth-baikadi.a21a5e65/badges
Sharvari,,Kallole,1,/users/sharvari-kallole/badges
Alok,,Kumar,1,/users/alok-kumar.93d6343e/badges
Niraj Kumar,,Gupta,1,/users/niraj-kumar-gupta.521495c1/badges
Deepika,,R,1,/users/deepika-r.19bd9cfb/badges
Ragavan,,Ramasamy,1,/users/ragavan-ramasamy/badges
PRIYADARSHI,,NAYAK,2,/users/priyadarshi-nayak/badges
Saraswathi,,Upputuri,1,/users/saraswathi-upputuri/badges
Rupesh,,Dussa,1,/users/rupesh-dussa/badges
Aniketh,,Reddy Mallesh,1,/users/aniketh-reddy-mallesh/badges
Chiranjeev,,Tripathi,1,/users/chiranjeev-tripathi/badges
Suresh,,Kumar,2,/users/suresh-kumar.ca440c83/badges
Chiranjeevi,,Palle,2,/users/chiranjeevi-palle/badges
Murali,,Palanivel,1,/users/murali-palanivel/badges
Sowmyasree,,Jaksani,1,/users/sowmyasree-jaksani/badges
Gaurav,,Dixit,1,/users/gaurav-dixit.464a4dcf/badges
Gunavardhani,,Yalavarthi,2,/users/gunavardhani-yalavarthi/badges
Swetha,,Singh,1,/users/swetha-singh.fd60c7ad/badges
Sagar,,.,1,/users/sagar.f9dc43bf/badges
johann,,sebastin,1,/users/johann-sebastin.29eea0c0/badges
Gaganashree,,R,1,/users/gaganashree-r.0a4fc60d/badges
Dilip,,Jain,1,/users/dilip-jain.5f86260b/badges
Reshma,,Krishnan,2,/users/reshma-krishnan.0598469a/badges
Newton,,Bhaumik,1,/users/newton-bhaumik.76adb261/badges
Brijesh,,verma,1,/users/brijesh-verma/badges
Manas,,Tiwari,1,/users/manas-tiwari.5c88e484/badges
Srinivasulu,,Vankam,1,/users/srinivasulu-vankam/badges
Syed Hameed,,Ahmed,2,/users/syed-hameed-ahmed.2e7a7d5e/badges
Mamon,,Sahid,1,/users/mamon-sahid.cce6f4cc/badges
Taruna,,Chanchlani,1,/users/taruna-chanchlani.e835da65/badges
Mitali,,Bagul,1,/users/mitali-bagul.3c87a4a0/badges
Raghunatha,,N S,1,/users/raghunatha-n-s/badges
Rohit,,E R,1,/users/rohit-e-r/badges
Sachin,,Gaur,1,/users/sachin-gaur.eee30554/badges
parvati,,padennavar,1,/users/parvati-padennavar/badges
Namitha,,Sabu,1,/users/namitha-sabu.6228fd2f/badges
Rajesh,,Tadha,1,/users/rajesh-tadha.9488e6a0/badges
Nikhitha,,Sabbani,1,/users/nikhitha-sabbani.e0b97474/badges
Saurabh,,Singh,1,/users/saurabh-singh.de9f75cc/badges
Omkar,,Joshi,1,/users/omkar-joshi.97032f7d/badges
SAYANTAN,,PAL,1,/users/sayantan-pal.146c27b1/badges
Aaishwarya,,Patil,1,/users/aaishwarya-patil.34ba128e/badges
Samadhan,,Kulkarni,1,/users/samadhan-kulkarni/badges
Anil Kumar,,Voonna,1,/users/anil-kumar-voonna.a6e4c07b/badges
Hemlata,,Datala,2,/users/hemlata-datala/badges
Rachit,,Jha,1,/users/rachit-jha.42afc1b0/badges
Antony Lejo,,Sesaian,1,/users/antony-lejo-sesaian/badges
Tushar,,Mathur,1,/users/tushar-mathur.86a75e4b/badges
Mallika,,Srivastava,1,/users/mallika-srivastava.d79fd711/badges
Youvaraj,,B,1,/users/youvaraj-b/badges
S Swetha,,Bathulapalli,2,/users/s-swetha-bathulapalli/badges
Prasanna,,M,2,/users/prasanna-m.d9a33c09/badges
Pooja,,Shah,1,/users/pooja-shah.c77e29d2/badges
Medipalli,,Prashanthi,1,/users/medipalli-prashanthi/badges
Ashes,,Roy,1,/users/ashes-roy/badges
Muthulakshmi,,M,1,/users/muthulakshmi-m.8f3806c0/badges
Rajitha,,Yarabarla,1,/users/rajitha-yarabarla/badges
Vijayakannan,,Sankarapandian,1,/users/vijayakannan-sankarapandian.b8ebb3b0/badges
Shreya,,Dey,2,/users/shreya-dey.9a4769af/badges
Purushothaman,,Srinivasan,1,/users/purushothaman-srinivasan.a4e0179b/badges
Kashish,,Chakrawarty,1,/users/kashish-chakrawarty.2fe1c082/badges
Tanusree,,Sikder,1,/users/tanusree-sikder.6f010f29/badges
ROHIT,,SINGH,2,/users/rohit-singh.ad658477/badges
Prajakta,,Dhakephalkar,2,/users/prajakta-dhakephalkar/badges
Alka,,Jhanwar,1,/users/alka-jhanwar/badges
Selvi Revathi,,Chellappan,1,/users/selvi-revathi-chellappan/badges
Sadia,,Indikar,1,/users/sadia-indikar.1b88538a/badges
Sagar,,Bagde,1,/users/sagar-bagde.6fbf2102/badges
RAGUL,,S,1,/users/ragul-s.c5752398/badges
Praveen,,Kumaradhas,1,/users/praveen-kumaradhas/badges
Soma,,Mahendran,1,/users/soma-mahendran.762f9a2f/badges
PrasadaRao,,Mallena,1,/users/prasadarao-mallena/badges
Gaddam,,Raghuram Reddy,1,/users/gaddam-raghuram-reddy/badges
Karthick,,S,1,/users/karthick-s.c547eade/badges
Purnima,,G,2,/users/purnima-g/badges
Srikanth,,Yeluri,1,/users/srikanth-yeluri.4bdec9ba/badges
Kapil,,Paliwal,1,/users/kapil-paliwal.31413d24/badges
Roopa,,Wali,1,/users/roopa-wali/badges
Jewel,,R,1,/users/jewel-r.0badd674/badges
Pandurengaraj,,Balraj,1,/users/pandurengaraj-balraj/badges
Aditya Prasad,,Panda,2,/users/aditya-prasad-panda.c042b089/badges
Achuth,,Rao,1,/users/achuth-rao/badges
Lakshmi Srivalli,,Tsaliki,1,/users/lakshmi-srivalli-tsaliki.b638ebf0/badges
Nikhil,,Kumar,1,/users/nikhil-kumar.642d5e6c/badges
Anish,,Krishnan,1,/users/anish-krishnan.1c66f436/badges
Bramhini,,Bandaru,1,/users/bramhini-bandaru/badges
Sriram,,Balu,2,/users/sriram-balu/badges
Pramod,,Gupta,1,/users/pramod-gupta.34aa13ac/badges
Pritha,,U,1,/users/pritha-u/badges
Harish,,Ladhani,1,/users/harish-ladhani/badges
SAI SANKAR,,CHIRUMAMILLA,1,/users/sai-sankar-chirumamilla.bac066fb/badges
Naga Venkata Sunil Vijay Chandra,,Grandhi,1,/users/naga-venkata-sunil-vijay-chandra-grandhi/badges
Vijay,,Killu,1,/users/vijay-killu/badges
Makarand,,Haripure,1,/users/makarand-haripure/badges
Dinesh Kumar,,Somasundaram,1,/users/dinesh-kumar-somasundaram/badges
Sai Sampath Kumar,,Andhavarapu,1,/users/sai-sampath-kumar-andhavarapu/badges
Swapnali,,Sawant,1,/users/swapnali-sawant.d664fe50/badges
Joshi,,Manne,1,/users/joshi-manne/badges
Chandana,,Maddipatla,1,/users/chandana-maddipatla.6b1872b5/badges
vulavala kiran,,kumar,1,/users/vulavala-kiran-kumar/badges
Martin,,Kattiparambil Antony,1,/users/martin-kattiparambil-antony/badges
Madanapalli Narasimha,,Reddy,1,/users/madanapalli-narasimha-reddy.afcc70c7/badges
Aarthi,,K R,2,/users/aarthi-k-r/badges
Shouvik,,Roy,1,/users/shouvikroy/badges
Anshuman,,Ghosh,1,/users/anshuman-ghosh.4feb53ad/badges
Deep,,Bhowmick,1,/users/deep-bhowmick.659d6aaa/badges
sruthi,,narra,2,/users/sruthi-narra/badges
Ayush,,.,1,/users/ayush.874f6dc9/badges
SivaPrasad,,Guthurti,1,/users/sivaprasad-guthurti/badges
Shubham,,Garje,1,/users/shubham-garje.75230fa1/badges
Jayant Kumar,,Sinha,1,/users/jayant-kumar-sinha/badges
Yugendran,,Subramani,1,/users/yugendran-subramani/badges
Loukya,,A,1,/users/loukya-a/badges
Om Prakash,,Jha,1,/users/om-prakash-jha.c25aa541/badges
Shivashish,,Upadhyay,1,/users/shivashish-upadhyay/badges
vishwa sai ram,,kuchana,1,/users/vishwa-sai-ram-kuchana/badges
Sampath,,k,1,/users/sampath-k.39d4c3eb/badges
Ishant,,Singh,1,/users/ishant-singh.e95eed71/badges
hitendra,,joshi,1,/users/hitendrajoshi/badges
vandana,,kapoor,1,/users/vandana-kapoor.ca85d6c8/badges
Harsh,,Dayal,1,/users/harsh-dayal.e3dd4119/badges
Sameer,,Sheik,1,/users/sameer-sheik.8cc7204d/badges
Suresh,,Dubey,1,/users/suresh-dubey.b94a94ce/badges
Manapragada,,Hemanth,1,/users/manapragada-hemanth/badges
Vinoth,,Sekaran,1,/users/vinoth-sekaran.a8e69c12/badges
Kumar Vigneswar,,Reddy,1,/users/kumar-vigneswar-reddy.57e95ab6/badges
RudraKumar,,Dhulipudi,1,/users/rudrakumar-dhulipudi/badges
Kaushlendra,,Kaushal,1,/users/kaushlendra-kaushal/badges
Pratham,,Singhal,1,/users/pratham-singhal.dcadfbfd/badges
Lingareddy,,Mutyala,1,/users/lingareddy-mutyala.8a251afa/badges
ABHISHEK,KUMAR,SINGH,1,/users/abhishek-singh.7012293b/badges
Adarsh,,Mishra,1,/users/adarsh-mishra.96d6ac59/badges
Praveena,,N,1,/users/praveena-n.9c0bcb8a/badges
Mysari,,Kumar,1,/users/mysari-kumar/badges
Sameer,,Khan,1,/users/sameer-khan.54979089/badges
NATARAJAN,,S,1,/users/natarajan-s.23cb64fe/badges
Swaraj,,Mishra,1,/users/swaraj-mishra.12feaa58/badges
Srishti,,Ray,1,/users/srishti-ray.6e0afee6/badges
yaswanth,,balaga,5,/users/yaswanth-balaga/badges
Pravin,,Kumar,2,/users/pravin-kumar.dd0cf795/badges
Shruti,,Kalra,1,/users/shruti-kalra.0d2ae1d8/badges
Manisha,,Sharma,1,/users/manisha-sharma.0a0d1442/badges
Prabhu,,P,1,/users/prabhu-p.8fc7d9a3/badges
sankarapandian,,Ganapathy,1,/users/sankarapandian-ganapathy.9b78c4bb/badges
Balaji,,Prasad,1,/users/balaji-prasad.a7f2b85c/badges
Jaswanth Pavan Kumar,,Cheedella,1,/users/jaswanth-pavan-kumar-cheedella/badges
Rathin,,Kumar,1,/users/rathin-kumar/badges
Devika.Jeevan@gds.ey.com,,Jeevan,1,/users/devika-jeevan-gds-ey-com-jeevan/badges
Abutalib,,Qureshi,1,/users/abutalib-qureshi.6a86e88c/badges
Arun,,Kumar,1,/users/arun-kumar.2da80e72/badges
Aniruddhan,,S R,1,/users/aniruddhan-s-r/badges
TARUN,,KAKITAPALLI,2,/users/tarun-kakitapalli.960e8051/badges
manjeet,,kumar,1,/users/manjeet-kumar.80ac0936/badges
Amit,,Raktavan,1,/users/amit-raktavan/badges
Jasvindra,,kaur,1,/users/jasvindra-kaur.31fb3396/badges
Hemanth Kumar Reddy,,Thimmareddygari,1,/users/hemanth-kumar-reddy-thimmareddygari/badges
Eti,,Saxena,1,/users/eti-saxena/badges
Saikumar,,A,1,/users/saikumar-a.b3676f13/badges
Ajith,,Nagarajan,1,/users/ajith-nagarajan.edf601cf/badges
Rajasree,,R,2,/users/rajasree-r.ed908d3f/badges
Ketaki,,Satav,1,/users/ketaki-satav/badges
Neeluri,,Sailaja,1,/users/neeluri-sailaja/badges
Sagar,,Dere,1,/users/sagar-dere/badges
Vikas,,Bidve,1,/users/vikas-bidve/badges
Kiransai,,Nagineni,1,/users/kiransai-nagineni/badges
Prabu,,LK,1,/users/prabu-lk/badges
VIVEK,,V T,1,/users/vivek-v-t/badges
Annesha,,Nath,2,/users/annesha-nath/badges
veerabhadresha,,B S,1,/users/veerabhadresha-b-s/badges
Deepthi,,M,1,/users/deepthi-m.6c80d2dc/badges
Pratishtha,,Pathak,1,/users/pratishtha-pathak.1b4bd95c/badges
Upendra Kumar,,Panda,1,/users/upendra-kumar-panda.9d60a32c/badges
Nimmy,,Khan,1,/users/nimmy-khan/badges
Jyoti,,Jha,1,/users/jyoti-jha.633a2576/badges
kethe,,syamala devi,1,/users/kethe-syamala-devi/badges
Venkatesh,,Kattamuri,1,/users/venkatesh-kattamuri.dfc11517/badges
TANISHA,,SINGH,1,/users/tanisha-singh.c870bd4b/badges
Nivetha,,Ravichandran,1,/users/nivetha-ravichandran.309f2218/badges
Suvra,,Bandyopadhyay,1,/users/suvra-bandyopadhyay/badges
Arun,,Ravindranath,4,/users/arun-ravindranath.be08b654/badges
Deleepchowdary,,Sakamuri,2,/users/deleepchowdary-sakamuri/badges
Epsibha,,K S,1,/users/epsibha-k-s.17541464/badges
Utkarsh,,Parashar,1,/users/utkarsh-parashar.a8e7f553/badges
Mayank,,Srivastava,1,/users/mayank-srivastava.8f42c09b/badges
Nagaraju,,Shilpa,1,/users/nagaraju-shilpa/badges
Krishna,,R,1,/users/krishna-r.21558877/badges
Padmavathy,,Ts,2,/users/padmavathy-ts/badges
Vishnu,,P V,2,/users/vishnu-p-v.895560ee/badges
Arpit,,Jain,1,/users/arpit-jain.d6fd1186/badges
Shreashi,,Das,1,/users/shreashi-das/badges
Naveen Kumar,,Jayaraman,1,/users/naveen-kumar-jayaraman/badges
Sathvik,,Bachu,1,/users/sathvik-bachu/badges
Thowffic,,Raja,1,/users/thowffic-raja/badges
Sai Krishna,,Palakurla,1,/users/sai-krishna-palakurla.712af13a/badges
Sadish,,Dash,1,/users/sadish-dash/badges
Uma,,Shiragur,1,/users/uma-shiragur.b2470e19/badges
Sakshi,,Gahoi,1,/users/sakshi-gahoi/badges
Shanmugasundaram,,N,1,/users/shanmugasundaram-nanjappan/badges
Abhishek,,Sahu,1,/users/abhishek-sahu.703e0b7a/badges
Asish Ranjan,,Samal,1,/users/asish-ranjan-samal/badges
Sanghavy,,Balamourougane,1,/users/sanghavy-balamourougane/badges
Harshal,,Patil,1,/users/harshal-patil.1036fdbb/badges
Anirudh,,Channa,1,/users/anirudh-channa/badges
Swaraj,,Senapati,2,/users/swaraj-senapati.82b38b83/badges
Divyamshini,,Rebba,2,/users/divyamshini-rebba.1a6d14c1/badges
Nirmalram,,Subramanian,1,/users/nirmalram-subramanian/badges
Srujan,,Jadav,1,/users/srujan-jadav/badges
Murra,,Hanisha,1,/users/murra-hanisha/badges
Tholkappiyan,,Aranganathan,1,/users/tholkappiyan-aranganathan.92dedfcf/badges
Sankalp,,Kawade,1,/users/sankalp-kawade/badges
Mirdula,,R,1,/users/mirdula-r.6afb2edc/badges
Naga Venkata Yamini,,Velchuri,1,/users/naga-venkata-yamini-velchuri/badges
Sri Naga Venkata Sripriya,,Pasumarti,1,/users/sri-naga-venkata-sripriya-pasumarti/badges
Raj,,Kumar,1,/users/raj-kumar.e5d0ce48/badges
Prashant,,Shukla,1,/users/prashant-shukla.264a9372/badges
Dhanalakshmi,,Rajendran,2,/users/dhanalakshmi-rajendran.16da38d3/badges
Janani,,Gurusamy,1,/users/janani-gurusamy/badges
Brijesh,,Karpe,1,/users/brijesh-karpe/badges
Rama,,M,1,/users/rama-m.a2ae9849/badges
Athul,,Jose,1,/users/athul-jose.690918e5/badges
Adarsh,,Singh,1,/users/adarsh-singh.ed5851b4/badges
Amal,,amal.amal.jishnu@gmail.com,1,/users/amal-amal-amal-jishnu-gmail-com/badges
KARUNYA,,I,1,/users/karunya-i.fdd0e0fe/badges
Vishnu Priya,,J,1,/users/vishnu-priya-j.c7edfcc4/badges
Vijay,,Vishal,1,/users/vijay-vishal/badges
Biswajit,,Samanta,5,/users/biswajit-samanta.a7a25c5c/badges
Haarini,,Shaanthamoorthy,1,/users/haarini-shaanthamoorthy/badges
PENEKULAPATI,,BHARGAVI,1,/users/penekulapati-bhargavi/badges
Shalini,,Padmanabhan,1,/users/shalini-padmanabhan.c45fa824/badges
ArockiaTagore,,I,1,/users/arockiatagore-i/badges
Subbulakshmi,,C,1,/users/subbulakshmi-c.502a4450/badges
Harini,,K N,1,/users/harini-k-n/badges
Samadhan,,Ugale,1,/users/samadhan-ugale/badges
Vivek Kumar,,Lohani,1,/users/vivek-kumar-lohani/badges
Vaishnavi,,Gour,1,/users/vaishnavi-gour/badges
Abdul,,Gani,1,/users/abdulgani94/badges
Prerna,,Pandey,1,/users/prernapandey/badges
Sibdas,,Dey,1,/users/sibdas-dey/badges
Susan,,Das,1,/users/susandas/badges
Naina,,Kasaudhan,1,/users/naina-kasaudhan.9eae2a74/badges
Manjunath,,KAALURU,1,/users/manjunathkaaluru/badges
Ajaykumar,,Patel,1,/users/ajaykumar-patel.82bf8b77/badges
Sagar,,H,1,/users/sagar-h.617e8488/badges
Abdul Rahman,,A,1,/users/abdul-rahman-a.1708f12b/badges
Hariselvan,,T K S,1,/users/hariselvan-t-k-s/badges
Lekshmi Priya,,P Reji,1,/users/lekshmi-priya-p-reji/badges
Sanchit,,Jain,1,/users/sanchit-jain.3decfc7b/badges
HARIHARA SUDAN,,THANGAMANI,1,/users/harihara-sudan-thangamani/badges
Salman,,Haneef,1,/users/salman-haneef/badges
NIKHIL,,MOHAN,1,/users/nikhil-mohan.b7bf0699/badges
Sunil,,Upadhyay,1,/users/sunil-upadhyay.d2ac05a3/badges
Soham,,Kulkarni,1,/users/soham-kulkarni.aa2a41e6/badges
AISHWARYA,,RAVISHANKAR,1,/users/aishwarya-ravishankar.6c6c2bd8/badges
Venkata Dinesh Naidu,,Narni,1,/users/venkata-dinesh-naidu-narni/badges
rahul,,pandey,1,/users/rahul-pandey.c4d72c3f/badges
Akhil Raj,,Rajagopal,1,/users/akhil-raj-rajagopal/badges
Kaka Mouli,,Brahma,1,/users/kaka-mouli-brahma/badges
JAINULLAUDDIN,,SHAIK,2,/users/jainullauddin-shaik.57cd98c7/badges
Saranya,,Thiru,1,/users/saranya-thiru/badges
Ashitha,,Ghanta,1,/users/ashitha-ghanta.8c59897d/badges
Ashfaqullah,,Amanullah,2,/users/ashfaqullah-amanullah/badges
Manasa,,Seetha,1,/users/manasa-seetha/badges
Ravibabu,,Mattupalli,1,/users/ravibabu-mattupalli/badges
Ajay Vijay,,Ashtikar,1,/users/ajay-vijay-ashtikar/badges
USHA,,SREE,1,/users/usha-sree.ac05c010/badges
Srihari,,K,1,/users/srihari-k.dc6fc622/badges
Shankar,,MJ,1,/users/shankar-mj.5a4d7199/badges
Manoj,,Penugonda,1,/users/manoj-penugonda/badges
Singam Siva,,Prasad Reddy,2,/users/singam-siva-prasad-reddy.48d383d6/badges
Sirisha,,Ramayanam,1,/users/sirisha-ramayanam/badges
Ganesh,,Shetty,1,/users/ganesh-shetty.e7d43ed4/badges
Utsav,,Tyagi,1,/users/utsav-tyagi.2689abcb/badges
Arbaz,,Sheikh,1,/users/arbaz-sheikh.00506d15/badges
Kirthiga,,M,2,/users/kirthiga-m.327d135e/badges
polisetti,,teja sai sree,1,/users/polisetti-teja-sai-sree/badges
nilkesh,,surana,1,/users/nilkesh-surana/badges
Sneha,,Gopinath,2,/users/sneha-gopinath.1ca44d93/badges
Basavala,,Krupalatha,1,/users/basavala-krupalatha/badges
Shipra,,Kumari,1,/users/shipra-kumari.83a66938/badges
Yuvaraj,,Thiyagarajan,1,/users/yuvaraj-thiyagarajan.17450333/badges
Srikanth,,Karri,2,/users/srikanth-karri.61c96b21/badges
Pooja,,Pavanjit Mane,1,/users/pooja-pavanjit-mane/badges
Aishwarya,,Hirolli,1,/users/aishwarya-hirolli.c11697f4/badges
Belavendran Deepak,,Joseph,1,/users/belavendran-deepak-joseph.1ba2a047/badges
Akshaya Sai Priya,,Maddula,1,/users/akshaya-sai-priya-maddula/badges
Monisha,,S M,1,/users/monisha-s-m.74f290e0/badges
MOHAMED,,NIVAZ AHAMED A,1,/users/mohamed-nivaz-ahamed-a/badges
VENU,,H K,1,/users/venu-h-k.a9349c5d/badges
ilaiyaraja,,Velumani,1,/users/ilaiyaraja-velumani.9cb65cff/badges
Vyshak,,V S,1,/users/vyshak-v-s.eab0c8c3/badges
Ayush,,Gupta,2,/users/ayush-gupta.14e4ed6b/badges
Tuhin,,Guha Ray,1,/users/tuhin-guha-ray/badges
Sai Kiran,,Narra,1,/users/sai-kiran-narra.c900ac24/badges
Bhavesh,,Mankar,1,/users/bhavesh-mankar/badges
Abhijit,,Das,2,/users/abhijit-das.2036d994/badges
Vedant,,Amle,1,/users/vedant-amle.748aac8b/badges
Muthu Kumar,,A,1,/users/muthu-kumar-a.77bacd2a/badges
Muthukkumar,,Palanivelu,1,/users/muthukkumar-palanivelu.4148cd4a/badges
Sivakanth,,Devineni,1,/users/sivakanth-devineni/badges
JHANSIE,,DASARI,2,/users/jhansie-dasari/badges
Sreekumar,,V S,1,/users/sreekumar-v-s.b4a54adb/badges
Sagar,,Pardeshi,1,/users/sagar-pardeshi.6fe4ed64/badges
Ashitha,,Shaju,2,/users/ashitha-shaju/badges
Bhargav kumar,,Burugupalli,1,/users/bhargav-kumar-burugupalli/badges
Shailesh,,Digari,2,/users/shailesh-digari.8d75f8d5/badges
Navila,,.,1,/users/navila/badges
Swetha,,b,1,/users/swetha-b.83bad300/badges
Srisakthi,,Vikraman,1,/users/srisakthi-vikraman/badges
Shraddha,,Desai,1,/users/shraddha-desai.e393c305/badges
Astha,,Bakshi,1,/users/astha-bakshi/badges
Bhanu Pratap,,Pundeer,1,/users/bhanu-pratap-pundeer/badges
Ranjit,,Thorat,1,/users/ranjit-thorat/badges
Ajith,,Jacob,1,/users/ajith-jacob-jacob/badges
Jayant,,Jawa,1,/users/jayant-jawa/badges
Dhanush,,Kumar K S,2,/users/dhanush-kumar.d12cebcb/badges
sanjit vb,,pandey,1,/users/sanjit-vb-pandey/badges
Ramesh,,Ramasamy,1,/users/ramesh-ramasamy.899f399c/badges
Ravikrian Reddy,,tumma,1,/users/ravikrian-reddy-tumma/badges
Nithin,,Jinachandran,1,/users/nithin-jinachandran/badges
Vamsi,,Yadla,2,/users/vamsi-yadla.975e2394/badges
Ekata,,Ghosh,1,/users/ekata-ghosh/badges
Raghav,,Sharma,2,/users/raghav-sharma.dc9afd04/badges
Akshay,,Badera,1,/users/akshay-badera/badges
Vigneshwaran,,Manoharan,1,/users/vigneshwaran-manoharan.2954a931/badges
Sriram,,Gopalakrishnan,1,/users/sriram-gopalakrishnan.14775158/badges
Uday Kumar,,B R,1,/users/uday-kumar-b-r/badges
Vigneshwaran,,Madeshwaran,1,/users/vigneshwaran-madeshwaran.fc02d2e9/badges
Hardik,,Saradava,1,/users/hardik-saradava/badges
Srikant Snehit,,Panda,2,/users/srikant-snehit-panda/badges
Sireesha,,Undamatla,1,/users/sireesha-undamatla/badges
Devireddy,,Lekhana,1,/users/devireddy-lekhana/badges
Swathi,,C S,1,/users/swathi-c-s.5b693a48/badges
Bhoomika,,Hebbar,1,/users/bhoomika-hebbar.a5f7d425/badges
Sundareswar,,Das,1,/users/sundareswar-das.81aa69a2/badges
syed,,zaheed,1,/users/syed-zaheed.2ab189a4/badges
Jai,,Rawat,1,/users/jai-rawat.80866f9e/badges
Deekshitha,,Mendu,1,/users/deekshitha-mendu/badges
Thirumala,,Govada,1,/users/thirumala-govada/badges
Anjali,,Marimuthu,1,/users/anjali-marimuthu/badges
Priti,,Kulkarni,1,/users/priti-kulkarni.a23e6a0f/badges
Dhivya,,Sukumar,1,/users/dhivya-sukumar.4d06c960/badges
Abhishek,,Narayan,1,/users/abhishek-narayan.ca7c77cf/badges
Pratik,,Akkole,1,/users/pratik-akkole.fc65631c/badges
ANISH,,kumar,1,/users/anish-kumar.17137cc8/badges
Diveja,,More,1,/users/diveja-more.0ca960ae/badges
Alina,,Shaikh,2,/users/alina-shaikh.60d902f0/badges
Daniel,,Vadlamati,1,/users/daniel-vadlamati/badges
Sreevally,,PV,1,/users/sreevally-pv/badges
AJESH,,RAGHUNATHAN,1,/users/ajesh-raghunathan/badges
Nabhanyu,,Bhatmurge,2,/users/nabhanyu-bhatmurge/badges
Ravindra,,Jain,1,/users/ravindra-jain.dfb1d2d8/badges
J S Mounika,,.,1,/users/j-s-mounika/badges
Krishnan,,T N,1,/users/krishnan-t-n.f916af13/badges
Abhijith Sreekar,,Nalla,1,/users/abhijith-sreekar-nalla.9a8bed94/badges
Selvia,,Sankaran,1,/users/selvia-sankaran/badges
MOHIT,,PATIL,1,/users/mohit-patil.d77fef6c/badges
Srikanth Reddy,,Busireddy,1,/users/srikanth-reddy-busireddy/badges
ROHIT,,CHAVAN,1,/users/rohit-chavan.3ae2205b/badges
Prabodh,,Saxena,1,/users/prabodh-saxena/badges
Jisha,,N,2,/users/jisha-n/badges
Arafat,Mohammed Rafiq,Bagalkot,1,/users/arafat-bagalkot/badges
Priyanka,,Kolanada,1,/users/priyanka-kolanada.c876a578/badges
Arul Murugan,,Baskar,1,/users/arul-murugan-baskar.534126d8/badges
Samyabrata,Guha,Choudhury,1,/users/samyabrataguhachoudhury/badges
Kajal,,Patel,1,/users/kajal-patel.fb62d60a/badges
Sai Praneetha,,Paladugula,1,/users/sai-praneetha-paladugula/badges
Mohammed Ejaz,,Ul Haq,1,/users/mohammed-ejaz-ul-haq/badges
Paricharla,,Bharath Kumar,1,/users/paricharla-bharath-kumar/badges
KANISHKAA,,BOOPATHI RAAJ,1,/users/kanishkaa-boopathi-raaj/badges
Bhabani Prasad,,Pradhan,2,/users/bhabani-prasad-pradhan/badges
BHAWANA,,SHUKLA,1,/users/bhawana-shukla/badges
Shiva Sankaran,,Natarajan,1,/users/shiva-sankaran-natarajan.7bbc6eb6/badges
Priyadharshini,,A,1,/users/priyadharshini-a.95c27686/badges
Hydharali,,M,1,/users/hydharali-m/badges
Dhivya dharshini,,A,1,/users/dhivya-dharshini-a/badges
Krunal,,Kate,1,/users/krunal-kate.a7b55af9/badges
Akhil Reddy,,Nalabolu,1,/users/akhil-reddy-nalabolu.9492e873/badges
Anirudh,,Yallamraju,1,/users/anirudh-yallamraju/badges
George,,Joseph,1,/users/george-joseph.e0bd4721/badges
Seerapu Bhanu Prakash,,Reddy,1,/users/seerapu-bhanu-prakash-reddy/badges
Rakshit,,Rajput,1,/users/rakshit-rajput.a19ea2b8/badges
Mohanasundaram,,B,1,/users/mohanasundaram-b.1b5d3a0f/badges
sujay,,c,1,/users/sujay-c/badges
Rajamohan,,Manivannan,2,/users/rajamohan-manivannan/badges
Prateeksha,,M S,1,/users/prateeksha-m-s.1e58c929/badges
Arunkrishna,,Ravu,1,/users/arunkrishna-ravu/badges
Asma,,Fatma,1,/users/asma-fatma/badges
Kanagaraj,,Nagamuthu,2,/users/kanagaraj-nagamuthu/badges
Rajukumar,,Pothu,2,/users/rajukumar-pothu/badges
Preciba,,Mohan,1,/users/preciba-mohan/badges
PODAPALA,,PARDHA SARADHI REDDY,1,/users/podapala-pardha-saradhi-reddy/badges
Joydeep,,Ghosh,2,/users/joydeep-ghosh.0c736cfc/badges
Nanditha,,K K,1,/users/nanditha-k-k.bf4ce28b/badges
Prattyush,,Srivastava,1,/users/prattyush-srivastava.57b90623/badges
Kacham,,Tejaswini,1,/users/kacham-tejaswini/badges
siddhi,,sandav,1,/users/siddhi-sandav.c92fe461/badges
Surabhi,,Barman,1,/users/surabhi-barman.146d1891/badges
Dhishani,,Dhanaraj,2,/users/dhishani-dhanaraj/badges
Karthiga,,Thangavel,2,/users/karthiga-thangavel/badges
NANDHA KUMAR K B,,23CS109,1,/users/nandha-kumar-k-b-23cs109/badges
Aravind,,Shankar,1,/users/aravind-shankar.bb23d9aa/badges
Simi,,V B,1,/users/simi-v-b/badges
Zaheer Iliyas,,iqbal,2,/users/zaheer-iliyas-iqbal/badges
Ashwani,,Sengar,2,/users/ashwani-sengar.7b1c4c63/badges
Geeta,,Patel,1,/users/geeta-patel.5f025c26/badges
Delhi Babu,,G,1,/users/delhi-babu-g/badges
SHANMUHA PRIYA,,S,2,/users/shanmuha-priya-s/badges
Arun Kumar,,R,1,/users/arun-kumar-r.80924a42/badges
GOKULA KRISHNAN,,T,1,/users/gokula-krishnan-t/badges
Chandanaa,,Ravikumar,1,/users/chandanaa-ravikumar/badges
Naveen,,Hegde,1,/users/naveen-hegde.69c62270/badges
Pooja,,V P,1,/users/pooja-v-p.9ccb2016/badges
Mary Agnel,,Sharon,2,/users/mary-agnel-sharon/badges
Harshitha,,S,1,/users/harshitha-s.7485d63d/badges
Kavita,,.,1,/users/kavita.d4770de9/badges
NAGENDRA,,SINGH,1,/users/nagendra-singh.e0b9910e/badges
Marella,,Soma Sekhar,1,/users/marella-soma-sekhar/badges
Samyak,,Jain,1,/users/samyak-jain.bf9936ab/badges
Naga Anil Sai,,Kolla,1,/users/naga-anil-sai-kolla/badges
Rahul,,Bajaj,1,/users/rahul-bajaj.057ac59b/badges
Navya,,Talluri,1,/users/navya-talluri.86bbe07c/badges
Mohd Shakeeburrahman,,Sheikh,2,/users/mohd-shakeeburrahman-sheikh/badges
Varshansh,,Singh,2,/users/varshansh-singh/badges
VAISHNAV,,V,2,/users/vaishnav-v.43a81c32/badges
Sandip,,Borkar,2,/users/sandip-borkar.756d726d/badges
Anirudh,,Rajeev,1,/users/anirudh-rajeev.7c7bcfa0/badges
ZEESHAN,,ANSARI,1,/users/zeeshan-ansari.d331362f/badges
Clifford Austin,,Domingo,1,/users/clifford-austin-domingo/badges
Hariharan,,R,1,/users/hariharan-r.23b31ae9/badges
SAYANTAN,,SARKAR,1,/users/sayantan-sarkar.257a0ae1/badges
Parth,,Aishpunani,1,/users/parth-aishpunani/badges
Nikhilkumar,,Jain,1,/users/nikhilkumar-jain/badges
Saravanan,,Sundar,1,/users/saravanan-sundar/badges
Ajaykumar,,Mourya,1,/users/ajaykumar-mourya/badges
Kanimozhi,,T,2,/users/kanimozhi-t.3e8052d8/badges
Sri Rama Krishna Sai,,Male,1,/users/sri-rama-krishna-sai-male/badges
Shahina,,S,2,/users/shahina-s.ce202966/badges
Nishant Kumar,,Gupta,1,/users/nishant-kumar-gupta.dbf8037e/badges
Lakshmi Narayanan,,N,1,/users/lakshmi-narayanan-n.38d91c13/badges
Biju,,Balagopal,1,/users/biju-balagopal/badges
Rudra,,Banerjee,1,/users/rudra-banerjee.9a8951a1/badges
senthilkumar,,murugesan,1,/users/senthilkumar-murugesan.e4b419a2/badges
Manoj Kumar,,Ramasamy,2,/users/manoj-kumar-ramasamy/badges
Yuha,,Jeyakumar,1,/users/yuha-jeyakumar.bc0c8e8a/badges
Farrel,,Deva Asir,2,/users/farrel-deva-asir/badges
Subhadra,,Mazumdar,2,/users/subhadra-mazumdar/badges
Shriya,,Kulkarni,1,/users/shriya-kulkarni.b794b3a3/badges
srujithreddy,,aleti,1,/users/srujithreddy-aleti/badges
Monika,,Agarwal,1,/users/monika-agarwal.6aadbaf6/badges
Rajendran,,Ponnusamy,2,/users/rajendran-ponnusamy/badges
Mohana Priya,,Velusamy,1,/users/mohana-priya-velusamy/badges
Samta,,.,1,/users/samta/badges
Preethi,,K,1,/users/preethi-k.20afe0d6/badges
Sri Harshitha,,Kuntumalla,1,/users/sri-harshitha-kuntumalla/badges
Venkatesan,,Duraisamy,2,/users/venkatesan-duraisamy.86531cc9/badges
RISHAV,,RAJ,1,/users/rishav-raj.85aa5c8d/badges
KUSHAGRA,,BHAWSAR,1,/users/kushagra-bhawsar/badges
Nalini,,Amirthalingam,1,/users/nalini-amirthalingam.7ee19f1f/badges
Balasubramani,,R,1,/users/balasubramani-r.69d9f4b2/badges
Rameesa,,T A,1,/users/rameesa-t-a.a7a2af9e/badges
Akhil Dora,,Aketi,1,/users/akhil-dora-aketi/badges
Vandana,,Yadav,1,/users/vandana-yadav.ef6ec4cd/badges
Parth,,Bhatt,1,/users/parth-bhatt.725f8806/badges
Namitha,,Suresh,1,/users/namitha-suresh.7f42200c/badges
Mayur,,Patel,2,/users/mayur-patel.b8df2661/badges
ATHULYA,,AJITH,1,/users/athulya-ajith/badges
Kausik,,Samanta,1,/users/kausik-samanta.de8d15cc/badges
TANGUDU HEMANTH,,KUMAR,1,/users/tangudu-hemanth-kumar/badges
Dinesh,,Patil,1,/users/dinesh-patil.4dd91ce3/badges
Lakshmi,,B L,2,/users/lakshmi-b-l/badges
Nageshwar,,Patil,1,/users/nageshwar-patil/badges
Priyanka,,E,1,/users/priyanka-e.47e860c3/badges
Zankhna,,Darji,1,/users/zankhna-darji.165aad1b/badges
Srikanth,,Karra,1,/users/srikanth-karra.4dbc27df/badges
Venkata Viswanath Varun,,Lellapalli,1,/users/venkata-viswanath-varun-lellapalli/badges
Manas,,Kundu,1,/users/manas-kundu.1bfd51b9/badges
Sanjay,,Patidar,1,/users/sanjay-patidar.61f4345d/badges
Ameena,,Firoz,1,/users/ameena-firoz/badges
Yuvraj,,Singh,1,/users/yuvraj-singh.afc50348/badges
Md. Kamran,,Uddin,1,/users/md-kamran-uddin/badges
Rajnaninan,,T,1,/users/rajnaninan-t/badges
Baisampayan,,Dey,1,/users/baisampayan-dey/badges
Anand,,Sharma,5,/users/anand-sharma/badges
Richika,,Kabra,1,/users/richika-kabra/badges
Ankita,,Singh,1,/users/ankita-singh.dc7a948a/badges
Ritish,,Sharma,1,/users/ritish-sharma.eb790404/badges
Dharmaraju,,Jalla,1,/users/dharmaraju-jalla.ee7b54f8/badges
Shashi,,Kumar,4,/users/shashi-kumar.0918de4b/badges
Abhinav,,Ramesh,1,/users/abhinav-ramesh.61e075ac/badges
Parth,,Karnawat,1,/users/parth-karnawat/badges
Premkumar,,Palani,1,/users/premkumar-palani.06c6da48/badges
Deepak,,Merugu,1,/users/deepak-merugu.c2889384/badges
Kalpak,,Goshikwar,1,/users/kalpak-goshikwar/badges
Shreyas,,Kamat,1,/users/shreyas-kamat/badges
Krishna Teja,,K,1,/users/krishna-teja-k/badges
Chakri,,Lagudu,1,/users/chakri-lagudu/badges
DAMAYANTI,,MISHRA,2,/users/damayanti-mishra.c97e84d6/badges
Harihara,,Deepan,1,/users/harihara-deepan/badges
Mrittula,,Yasaswini S,1,/users/mrittula-yasaswini-s/badges
Santosh,,Raulo,1,/users/santosh-raulo/badges
Vennila,,Ponnusamy,1,/users/vennila-ponnusamy.4c6c5059/badges
Ashok,,Senguttuvan,1,/users/ashok-senguttuvan/badges
Suraja,,K P,1,/users/suraja-k-p/badges
chandan,,shaw,1,/users/chandan-shaw/badges
Gudla,,Yamini,1,/users/gudla-yamini.2a64872e/badges
Suyanka,,Jain,1,/users/suyanka-jain/badges
Srinidhi,,Koleti,1,/users/srinidhi-koleti/badges
puja,,thakre,1,/users/puja-thakre/badges
PARVEZ,,ALAM,1,/users/parvez-alam.f0007507/badges
SHUBHA,,SINGH,1,/users/shubha-singh.6caf7f79/badges
BARGAVI,,P,1,/users/bargavi-p.802d4924/badges
Aditya,,Ray,2,/users/aditya-ray.2a37e693/badges
Renugadevi,,E,1,/users/renugadevi-e/badges
Yaseen,,Pullissery,1,/users/yaseen-pullissery/badges
sumit,,chhabra,1,/users/sumit-chhabra.5e4428f6/badges
Manimuthulakshmi,,C,1,/users/manimuthulakshmi-c/badges
harshal,,chaudhari,1,/users/harshal-chaudhari.dca13072/badges
Suraj,,Nunna,1,/users/suraj-nunna.243a0928/badges
Thamma Neha,,Reddy,1,/users/thamma-neha-reddy/badges
Dibyadyuti,,Das,1,/users/dibyadyuti-das.f1df101f/badges
Bhuvaneshwar,,S,1,/users/bhuvaneshwar-s.3e60c5b8/badges
Praveen,,Sekar,1,/users/praveen-sekar.3a208a0a/badges
Arpit,,garg,1,/users/arpit-garg.ee0bb896/badges
Rajendra,,Alhat,1,/users/rajendra-alhat/badges
Dhande,,THEJASWY,1,/users/dhande-thejaswy/badges
Akarsh,,-,1,/users/akarsh.33b37f66/badges
Namratha,,B,1,/users/namratha-b.6882e5bb/badges
Riddhi,,Bhattacharyya,1,/users/riddhi-bhattacharyya.72168d07/badges
Athira,,Ajayaghosh,1,/users/athira-ajayaghosh/badges
KEERTHANA,,A V,1,/users/keerthana-a-v/badges
Surbhi,,Jain,1,/users/surbhi-jain.b5312e7f/badges
Hrishikesh,,Ghatol,1,/users/hrishikesh-ghatol/badges
Sravan Reddy,,Myakala,1,/users/sravan-reddy-myakala/badges
Debasish,,Sahoo,2,/users/debasish-sahoo.b1508f15/badges
Shameer,,Shahul,2,/users/shameer-shahul/badges
Swapnil,,Sonkusare,1,/users/swapnil-sonkusare.0df5a7fe/badges
Sachin,,Kulkarni,1,/users/sachin-kulkarni.d7e4cb96/badges
REDDY BHASKAR,,CHENNUR,1,/users/reddy-bhaskar-chennur/badges
Pranavi,,Pramod,1,/users/pranavi-pramod.7ae2d8b9/badges
Showvick,,Nath,1,/users/showvick-nath/badges
Swarnali,,Chatterjee,1,/users/swarnali-chatterjee.d7913cf6/badges
sivakumaar,,SG,2,/users/sivakumaar-sg/badges
Abishek,,Francis,1,/users/abishek-francis/badges
MOTIRANJAN,,DASH,1,/users/motiranjan-dash/badges
SAIRAM,,SOUNDARARAJAN,1,/users/sairam-soundararajan.a2dd8d50/badges
Divyam,,.,2,/users/divyam.0aca1523/badges
TOSHAL,,CHAUDHARI,1,/users/toshal-chaudhari.028f53c6/badges
Kishore,,Muthukrishnan,1,/users/kishore-muthukrishnan.6c7dad6f/badges
Gobika,,Ravikumar,1,/users/gobika-ravikumar/badges
Rubin,,Joseph Martin,1,/users/rubin-joseph-martin.729aec0d/badges
Ritwik,,Kapoor,1,/users/ritwik-kapoor/badges
Hitesh,,Sharma,1,/users/hitesh-sharma.ebf905cb/badges
Mahadev,,Jadhav,1,/users/mahadev-jadhav.a826e5b7/badges
Nipun,,Saraswat,1,/users/nipun-saraswat.8fd5516c/badges
Ranjeetha,,J,1,/users/ranjeetha-j/badges
sudhanshu,,singh,2,/users/sudhanshu-singh.9176e2a5/badges
Subramanyam,,Maddu,1,/users/subramanyam-maddu/badges
Shivaraj,,SD,1,/users/shivaraj-sd/badges
Kaviya,,B,1,/users/kaviya-b/badges
Abhay,,Saxena,1,/users/abhay-saxena.4543c56d/badges
Vijay,,S,1,/users/vijay-s.8d4f84f7/badges
Swathi,,Bhogi,1,/users/swathi-bhogi/badges
Sruthi,,S,1,/users/sruthi-s.186d0940/badges
Kanthi Kumar,,Balabhadruni,1,/users/kanthi-kumar-balabhadruni.a3d71945/badges
Ashok kumar,,K,1,/users/ashok-kumar-k.660cf768/badges
Sathyapriya,,Sivakumar,1,/users/sathyapriya-sivakumar/badges
tamilarasan,,Deivakumar,1,/users/tamilarasan-deivakumar/badges
Biswanath,,Majee,1,/users/biswanath-majee.d119ab26/badges
Balakrishna,,Ambavaram,1,/users/balakrishna-ambavaram/badges
Reshmi,,Vellapulli,1,/users/reshmi-vellapulli/badges
Amit,,Jaiswal,1,/users/amit-jaiswal.398cf1f5/badges
Akhilbabu,,Midatha,1,/users/akhilbabu-midatha/badges
akshay,,bijapur,1,/users/akshay-bijapur/badges
Virat,,Bachotikar,1,/users/virat-bachotikar/badges
Kanika,,Jindal,1,/users/kanika-jindal.ab4dfcf7/badges
S,,Banuprakash,1,/users/s-banuprakash/badges
Gurram,,Venkatesh,1,/users/gurram-venkatesh.10afe4fd/badges
Prachi,,Thakur,1,/users/prachi-thakur.be73afca/badges
Monik Raj,,Sahu,1,/users/monik-raj-sahu/badges
VARUNAVI,,B,1,/users/varunavi-b/badges
Pravin,,Kumbhar,1,/users/pravin-kumbhar.d7be0ba3/badges
Mohanakrishna,,Potnuru,1,/users/mohanakrishna-potnuru/badges
ISLAVATH,,SHANTHI,1,/users/islavath-shanthi/badges
VENKATA RAMESH,,PUVVALA,1,/users/venkata-ramesh-puvvala/badges
Shreeshta,,Reddy,1,/users/shreeshta-reddy/badges
Komal,,Parate,1,/users/komal-parate.c3727d2c/badges
SHAHANAZ,,SHAIK,1,/users/shahanaz-shaik.56acf484/badges
Ashwin,,Prem,1,/users/ashwin-prem.0137944f/badges
Manjunath,,Chandrappa,1,/users/manjunath-chandrappa/badges
Ravi Teja,,Koyya,1,/users/ravi-teja-koyya/badges
Sidhant,,Tripathy,1,/users/sidhant-tripathy.b0a375c7/badges
Jeniber Jasmin,,S,1,/users/jeniber-jasmin-s/badges
Deepika,,belamagi,1,/users/deepika-belamagi.7397a744/badges
Vaibhav,,Fegade,1,/users/vaibhav-fegade/badges
Anshul,,Khandelwal,1,/users/anshul-khandelwal.b9f43e05/badges
Snehal,,Jadhav,1,/users/snehal-jadhav.fb878f21/badges
Thangakavin,,D,1,/users/thangakavin-d/badges
suyog,,suryawanshi,1,/users/suyog-suryawanshi.2428f458/badges
Tummala,,Jyothi,1,/users/tummala-jyothi/badges
Voona,,Pravansai,1,/users/voona-pravansai/badges
Abhirup,,Sanyal,1,/users/abhirup-sanyal/badges
Sowmiya,,N,1,/users/sowmiya-n.70442f39/badges
Sarika,,Kadam,1,/users/sarika-kadam/badges
Deepak,,K P,1,/users/deepak-k-p.96bff688/badges
Ajay,,Kumar,1,/users/ajay-kumar.f78d33cc/badges
Upendra,,Bapat,1,/users/upendra-bapat.e5a8c9c8/badges
ARUNANANDAM,,SRINIVASAN,1,/users/arunanandam-srinivasan.235e64e1/badges
FAHIMA,,RIZWANA,1,/users/fahima-rizwana/badges
Fahad,,Ahmed,1,/users/fahad-ahmed.fa351734/badges
Ritu,Raj,Singh,3,/users/riturajsingh/badges
Kamal,,Pahalajani,1,/users/kamal-pahalajani.42761d12/badges
Moiz,,Shaikh,1,/users/moiz-shaikh.a5f56860/badges
Pallavi,,Jadhav,1,/users/pallavi-jadhav.55788681/badges
Anubhav,,Jain,1,/users/anubhav-jain.fb60caf1/badges
Abishek,,L N V,2,/users/abishek-l-n-v/badges
Gaurav,,Pandey,1,/users/gaurav-pandey.4831a066/badges
Pooja,,Thorat,1,/users/pooja-thorat.c1437712/badges
Ranjitha,,H M,1,/users/ranjitha-h-m.1013534e/badges
Ankit,,Chaurasiya,1,/users/ankit-chaurasiya.f3368f08/badges
Vishal,,K,3,/users/vishal-k.2561a6bb/badges
Vitesh reddy,,Madathala,1,/users/vitesh-reddy-madathala/badges
Mahendra Ranganath,,Gurram,1,/users/mahendra823/badges
Veluru,,Madhurima,1,/users/veluru-madhurima/badges
Aarif,,Shaikh,1,/users/aarif-shaikh.566194a1/badges
Mathu,,B S,1,/users/mathu-b-s/badges
Sudarshana,,Majumdar,1,/users/sudarshana-majumdar/badges
Maninder,,Singh,1,/users/maninder-singh.2cab3b10/badges
Tejas,,G V,1,/users/tejas-g-v/badges
Satyaswarup,,Ojha,1,/users/satyaswarup-ojha.b6ffb017/badges
Padhu,,Dimple,1,/users/padhu-dimple/badges
Subiksha,,M,1,/users/subiksha-m.088b51a6/badges
Vasu,,Gavarla,2,/users/vasu-gavarla/badges
Shruthi,,B,2,/users/shruthi-b.7d64a023/badges
Kavitha,,Bandela,1,/users/kavitha-bandela/badges
Tanmay,,Sahoo,2,/users/tanmay-sahoo.142b2a8f/badges
SUNIL,,DASARI,1,/users/sunil-dasari.52ed4b24/badges
Nijitha,,N,1,/users/nijitha-n/badges
Konapure,,Shantaveer Somashekhar,1,/users/konapure-shantaveer-somashekhar/badges
Mohamed Thakir,,Niyas Rahuman,1,/users/mohamed-thakir-niyas-rahuman/badges
Avinash,,Kanojia,2,/users/avinash-kanojia/badges
SHAHEEN,,TABASSUM,1,/users/shaheen-tabassum.42a3fc14/badges
Anusree,,R,1,/users/anusree-r.210b620e/badges
Suvansh,,.,1,/users/suvansh.d8bb7085/badges
Prateek,,Srivastava,1,/users/prateek-srivastava.a841acf8/badges
Pawan,,Mengade,1,/users/pawan-mengade/badges
Pradeep,,.,1,/users/pradeep.8f96cc87/badges
Smita,,Dhengale,1,/users/smita-dhengale/badges
Amar,,Bolegaonkar,1,/users/amar-bolegaonkar/badges
Jinisha,,Agarwal,1,/users/jinisha-agarwal/badges
Bhupendra Singh,,Panwar,1,/users/bhupendra-singh-panwar/badges
Anju,,Vijayan,1,/users/anju-vijayan.b1dab3aa/badges
Jasper,,Ashwin,1,/users/jasper-ashwin/badges
Drastty,,Gusani,1,/users/drastty-gusani/badges
Himanshu,,Yadav,1,/users/himanshu-yadav.40ce93d5/badges
Indhu,,TS,2,/users/indhu-ts/badges
Paluru,,Pavan teja,1,/users/paluru-pavan-teja.03092a92/badges
Aishwarya,,Narvekar,1,/users/aishwarya-narvekar.ead62438/badges
Aravindhan,,JN,1,/users/aravindhan-jn/badges
Navya,,Birudhukota,1,/users/navya-birudhukota/badges
D V,,Srinivas,1,/users/d-v-srinivas.43fde4cf/badges
Chinnakannan,,Rajamanickam,1,/users/chinnakannan-rajamanickam.5cb15576/badges
Vaishnavidevi,,Venkatesh,1,/users/vaishnavidevi-venkatesh/badges
Farzan,,Arvi,1,/users/farzan-arvi/badges
HARSHIT,,SETH,1,/users/harshit-seth.10cc9a0f/badges
Harinee,,Sivashankar,1,/users/harinee-sivashankar/badges
Anuradha,,Shinde,1,/users/anuradha-shinde.f571ab3b/badges
SHUBHAM,,PANDEY,2,/users/shubham-pandey.00ceab70/badges
Deepak Varma,,Rudraraju,1,/users/deepak-varma-rudraraju/badges
Niharika,,Eega,1,/users/niharika-eega/badges
Abubacker,,Siddique SK,1,/users/abubacker-siddique-sk/badges
Gopinath,,Pandretti,1,/users/gopinath-pandretti/badges
sundar,,rajan,1,/users/sundar-rajan.28a62429/badges
Ramya,,Addula,1,/users/ramya-addula/badges
ramya,,reddy,1,/users/ramya-reddy.62f6b1ff/badges
Brajesh,,Naidu,1,/users/brajesh-naidu/badges
shakeer,,ahmed,1,/users/shakeer-ahmed/badges
Srihari,,Morla,1,/users/srihari-morla/badges
Shaik,,Rihana,1,/users/shaik-rihana.9fe2f7d4/badges
prince,,kumar,2,/users/prince-kumar.ad852273/badges
Sylvia,,Stanley,1,/users/sylvia-stanley/badges
Dibendu,,Das,1,/users/dibendu-das.97fddcd7/badges
Deepan,,KK,1,/users/deepan-kk/badges
Veluri,,Naresh,1,/users/veluri-naresh/badges
Sneha,,Veer,1,/users/sneha-veer.f87b0179/badges
Mallika,,Jangili,1,/users/mallika-jangili/badges
Ramraj,,Verma,1,/users/ramraj-verma/badges
Deepika,,S,2,/users/deepika-s.e59a142e/badges
Sushmitha,,A,1,/users/sushmitha-a.f776372c/badges
Swetha,,K,1,/users/swetha-k.2e587f9f/badges
Sneha,,Jacob,1,/users/sneha-jacob.b2e29a6a/badges
Snigdha,,Pawar,2,/users/snigdha-pawar/badges
sankar,,uma,3,/users/sankar-uma/badges
ashok,,gandiboina,1,/users/ashok-gandiboina/badges
Shravan,,Bhagwat,1,/users/shravan-bhagwat/badges
Georgeena,,John,1,/users/georgeena-john/badges
Rajashekhar,,Masuram,1,/users/rajashekhar-masuram/badges
Sravani,,Satharla,1,/users/sravani-satharla.bc5b5a3f/badges
SRIJA,,DEVABATTINI,1,/users/srija-devabattini/badges
Srinivasan,,C K,1,/users/srinivasan-c-k/badges
Yash,,Sharma,1,/users/yash-sharma.dd81fe9f/badges
Deepak,,Reddy,1,/users/deepak-reddy.c7a6daca/badges
Tharun,,M,1,/users/tharun-m.709048bf/badges
Soham,,Chakraborty,1,/users/soham-chakraborty2001/badges
Hritthik,,Bose,1,/users/hritthik-bose.27fdf0ea/badges
Siddhartha,,Das,1,/users/siddhartha-das.b971adc4/badges
Kapil,,Gupta,1,/users/kapil-gupta.14a90db6/badges
Dudekula,,Naushad,1,/users/dudekula-naushad/badges
Bhanu,,Jallu,1,/users/bhanu-jallu/badges
Shanmuga,,Balaji,5,/users/shanmugabalaji/badges
Sowmya,,S,1,/users/sowmya-s.a6a12bb8/badges
Trinanjan,,Pal,2,/users/trinanjan-pal/badges
Asna,,Anand T P,1,/users/asna-anand-t-p/badges
Adhavan,,P,1,/users/adhavan-p.746e8d9d/badges
Gurparas,,Singh,1,/users/gurparas-singh.9b3fc800/badges
Nisha,,Shree,1,/users/nisha-shree/badges
Srikanth,,Jandem,2,/users/srikanth-jandem/badges
Jaison,,Lal,1,/users/jaison-lal/badges
Nabha,,Kshirsagar,1,/users/nabha-kshirsagar.9278038f/badges
vigneshwaran,,shanmugam,1,/users/vigneshwaran-shanmugam.456fcf96/badges
ankush,,verma,1,/users/ankush-verma.f9e45e21/badges
Maithili,,Kamath,1,/users/maithili-kamath.5c2ea1ae/badges
Bhagyashri,,Sapar,1,/users/bhagyashri-sapar/badges
NITHISH,,C E,2,/users/nithishce/badges
Narsimha,,Bannala,1,/users/narsimha-bannala/badges
vishal,,joshi,1,/users/vishal-joshi.b64696e7/badges
Supreeth,,Gollapally,1,/users/supreeth-gollapally/badges
sonu,,kumar,2,/users/sonu-kumar.126f913d/badges
Aniket,,Pihulkar,1,/users/aniket-pihulkar/badges
Jayesh,,Somala,1,/users/jayesh-somala/badges
Pranati,Shree,Panda,1,/users/pranatishree-panda/badges
Ajith,,Shanbhogue,2,/users/ajith-shanbhogue/badges
ARE,MOULIKA,CHOWDARY,1,/users/moulika-are/badges
Patrick,,D'souza,1,/users/patrick-d-souza.df32a280/badges
Chaitanya,,Sanga,2,/users/chaitanya-sanga.77837072/badges
Mohammed,,Salauddin,2,/users/mohammed-salauddin.5d2fa0d2/badges
Sasi,,K,1,/users/sasi-k/badges
Konatham,,Sandeep Reddy,1,/users/konatham-sandeep-reddy/badges
Anusha,,Perumandla,1,/users/anusha-perumandla.2d977117/badges
Vinay,,Mohan,1,/users/vinay-mohan.6debd035/badges
Soumyajit,,Basak,2,/users/soumyajit-basak.0d4d0a04/badges
geeta,,miglani,1,/users/geeta-miglani/badges
Raghav,,Purohit,1,/users/raghav-purohit.21b94de1/badges
Roobesh,,P,1,/users/roobesh-p/badges
Jose,,John,1,/users/jose-john.380a3188/badges
Narmadha,,Singaravelu,2,/users/narmadha-singaravelu/badges
Kunal,,Gajare,1,/users/kunal-gajare/badges
Jaiganesh,,R,1,/users/jaiganesh-r.65d332c5/badges
mulinti bhanu,,prakash reddy,1,/users/mulinti-bhanu-prakash-reddy.23b6d749/badges
Suresh,,Thalluru,2,/users/suresh-thalluru/badges
Biswarup,,Trivedy,1,/users/biswarup-trivedy/badges
Pankaj,,Vijay,1,/users/pankaj-vijay/badges
rajagopal,,anasapurapu,1,/users/rajagopal-anasapurapu/badges
Aditya,,Chandrikapure,1,/users/aditya-chandrikapure.9e9ce3e0/badges
Navakanth,,Yaddanapudi,2,/users/navakanth-yaddanapudi.f6eb24e3/badges
Bharathi,,Paramasivam,2,/users/bharathi-paramasivam.dffde368/badges
Saloni,,Sakshi,1,/users/saloni-sakshi/badges
Parul,,Indurkhya,1,/users/parul-indurkhya/badges
Vatsalya,,Bheesetti,1,/users/vatsalya-bheesetti/badges
V AMPUGANI UDAY,,KUMAR,1,/users/v-ampugani-uday-kumar/badges
Ravikiran,Reddy,Yekkati,1,/users/ravikiran-yekkati/badges
Supreeth,,Kothapalli,1,/users/supreeth-kothapalli/badges
Arpit,,Jain,3,/users/arpit-jain.d970de2f/badges
A.M. Jhagan,,Mahalingam,1,/users/a-m-jhagan-mahalingam/badges
Gokul,,B,1,/users/gokul-b.2d184fb2/badges
Anindita,,Ghosh,2,/users/anindita-ghosh.d6e75919/badges
Anantpreet,,Dhaliwal,1,/users/anantpreet-dhaliwal/badges
Sandeep,,Penchala,1,/users/sandeep-penchala.2c551d73/badges
Nikshitha,,Yamsani,1,/users/nikshitha-yamsani.2153eb0c/badges
Pradeepa,,Sekar,1,/users/pradeepa-sekar.bbbc1662/badges
pratik,,kumar,1,/users/pratik-kumar.1c5ca5e3/badges
Harsh,Singh,Parihar,1,/users/harsh-singh.b198065f/badges
Ravi,,Sawant,1,/users/ravi-sawant.e28612ec/badges
Riya,,Jain,1,/users/riya-jain.6a8a4d53/badges
Dhamodaran,,SG,1,/users/dhamodaran-sg/badges
Gowri Sagunthala,,S,1,/users/gowri-sagunthala-s/badges
BHAVAN KALYAN,,V K,1,/users/bhavan-kalyan-v-k/badges
Gaurav,,Sharma,1,/users/gaurav-sharma.be46d334/badges
Kante,,Bhargav,2,/users/kante-bhargav/badges
Gourav,,Patil,1,/users/gourav-patil.c96bdc1c/badges
ANIL,,DARSHANAM,1,/users/anil-darshanam/badges
Dipesh,,Charthad,1,/users/dipesh-charthad/badges
Suma,,Latha,1,/users/suma-latha.dee78085/badges
Omprakash,,Sahoo,2,/users/omprakash-sahoo/badges
ajay,,kishore,1,/users/ajay-kishore.0fd5cba3/badges
Prakash,,Archunan,1,/users/prakash-archunan/badges
Justin,,Jacob,1,/users/justin-jacob.585aa8b1/badges
Chiranjeevi,,R,1,/users/chiranjeevi-r.f9d82b60/badges
Priya,,Pruthi,1,/users/priya-pruthi.0924532f/badges
Viswajit,,Dey,1,/users/viswajitdey/badges
Prajwal,,Saw,1,/users/prajwal-saw/badges
Reshma,,R,1,/users/reshma-r.a4161dbb/badges
Joshika,,Senthilkumar,1,/users/joshika-senthilkumar/badges
Shruthi,,R,1,/users/shruthi-r.e827d649/badges
Veena,,Sarangam,1,/users/veena-sarangam/badges
Sumabala,,Dasari,2,/users/sumabala-dasari/badges
Hariharasudhan,,J,1,/users/hariharasudhan-j.f8642ced/badges
Ambika Devi,,Gudi,1,/users/ambika-devi-gudi/badges
Pusala,,Bala Sai Venkat,2,/users/pusala-bala-sai-venkat/badges
Muthu Subbiah,,Ganesan,1,/users/muthu-subbiah-ganesan.16bb6e4f/badges
Anjana,,Thimmarayan,1,/users/anjana-thimmarayan/badges
Bhupendra,,Jha,2,/users/bhupendra-jha.ef220f9e/badges
RITHANI,,R.S,1,/users/rithani-r-s/badges
Phanindra Kumar,,Gunji,1,/users/phanindra-kumar-gunji.fe5bec52/badges
Sindhuri,,Rentala,1,/users/sindhuri-rentala.0419e202/badges
priyanshu,,kala,1,/users/priyanshu-kala.6c9d4c08/badges
Abarajitha,,B,2,/users/abarajitha-b/badges
Saran Kumar,,Akshintala Girish,1,/users/saran-kumar-akshintala-girish/badges
Prakash,,Poddar,1,/users/prakash-poddar/badges
Akash,,Ram,2,/users/akash-ram.320de43a/badges
Shashank,,HN,1,/users/shashank-hn.afecc617/badges
Priyabrata,,Panda,1,/users/priyabrata.panda/badges
Sana,,Herekar,1,/users/sana-herekar.4b0e0670/badges
Durga,,Prasad,1,/users/durga-prasad.73d02c8a/badges
Mohamed Kathar,,Ismail,1,/users/mohamed-kathar-ismail/badges
Bhuvaneswari,,Chandrasekaran,1,/users/bhuvaneswari-chandrasekaran/badges
Mohammad Saif,,Khan,1,/users/mohammad-saif-khan.f27a9d44/badges
Heena,,Nipane,1,/users/heena-nipane/badges
Lavanya,,P,1,/users/lavanya-p.70bcf31d/badges
Sneha,,Ingale,1,/users/sneha-ingale.916af1fc/badges
Nameera,,Mujawar,1,/users/nameera-mujawar/badges
Balaji,,Valathi,1,/users/balaji-valathi/badges
Mayukh,,Raj,1,/users/mayukh-raj.aacb1511/badges
Sharmila,,R,1,/users/sharmila-r.cb52ad41/badges
Mounika,,Biyyala,1,/users/mounika-biyyala/badges
Nasiruddin,,Shaikh,1,/users/nasiruddin-shaikh.2e218463/badges
Prashant Madhavrao,,Kulkarni,1,/users/prashant-madhavrao-kulkarni/badges
Varsha,,Varkey,1,/users/varsha-varkey/badges
Aroshi,,Dey,1,/users/aroshi-dey.bfc2ed95/badges
Pratik,,Narawade,1,/users/pratik-narawade.a4f7e806/badges
Divya,,Rathi,1,/users/divya-rathi.2b451a55/badges
Nilesh,,Ghodake,1,/users/nilesh-ghodake/badges
Parveen,,Kumar,1,/users/parveen-kumar.0918e682/badges
Bala Sowmya,,Bandi,1,/users/bala-sowmya-bandi/badges
RAMYAPRIYA,,THANGARAJ,1,/users/ramyapriya-thangaraj/badges
Varshitha,,G,1,/users/varshitha-g.e35cc91a/badges
Aditya Purushottam,,Sawalkar,1,/users/aditya-purushottam-sawalkar/badges
Shubham,,Modak,1,/users/shubham-modak.ab905978/badges
Anushreya,,Kamini,1,/users/anushreya-kamini/badges
Winston,,Rebello,1,/users/winston-rebello/badges
Rayasam,,Saranya,1,/users/rayasam-saranya/badges
Jayakrishnan,,K,1,/users/jayakrishnan-k.8be0357c/badges
Nagammal,,G,2,/users/nagammal-g/badges
Shivam,,Srivastava,1,/users/shivam-srivastava.8c098565/badges
Arun,,Krishnakumar,1,/users/arun-krishnakumar.efb44ec3/badges
Santhosh,,Boopathi,1,/users/santhosh-boopathi.25468d10/badges
Sahil,,Shakya,1,/users/sahil-shakya.44e4120b/badges
Naziya,,Nazir,1,/users/naziya-nazir/badges
Kiran Kumar,,Devapatla,1,/users/kiran-kumar-devapatla/badges
VISHAL,,GHORPADE,1,/users/vishal-ghorpade.2759681c/badges
silla,,shradhanjali,1,/users/silla-shradhanjali/badges
Samreen,,Mohammad,1,/users/samreen-mohammad.da1b1644/badges
Pankaj,,Biradar,1,/users/pankaj-biradar/badges
Gajjalabusigari,,Sarada,1,/users/gajjalabusigari-sarada/badges
Vivek,,Jaiswal,1,/users/vivek-jaiswal.2dc5156c/badges
Karpaga Sushmitha,,Kumar,1,/users/karpaga-sushmitha-kumar/badges
Priya,,Bhardwaj,1,/users/priya-bhardwaj.1c2c1bc3/badges
Anju,,M R,1,/users/anju-m-r.f77b4a00/badges
Saurabh,,Singh,1,/users/saurabh-singh.19edb4e5/badges
Vimal,,T,1,/users/vimal-t.30117349/badges
Srivishnu,,KR,1,/users/srivishnu-kr.67cb5e44/badges
Anusha,,Adiraju,1,/users/anusha-adiraju.572ca567/badges
Aman,,Irshad,1,/users/aman-irshad.ddd94cd4/badges
Harsh,,Rastogi,1,/users/harsh-rastogi.4e4ad181/badges
Prakhar,,Yadav,1,/users/prakhar-yadav.8909e24a/badges
Aurkit,,Das,1,/users/aurkit-das.a27a8287/badges
Karan,,K K,1,/users/karan-k-k/badges
sandhya,,bandi,1,/users/sandhya-bandi.97cf36df/badges
parthasarathi,,rpp,1,/users/parthasarathi-rpp/badges
Anjali,,B S,2,/users/anjali-b-s.32307b40/badges
Abdul Samadh,,Shaik,1,/users/abdul-samadh-shaik/badges
Gopala Krishna Chaitanya,,Yadavalli,1,/users/gopala-krishna-chaitanya-yadavalli.1660f26b/badges
Devraj,,Das,1,/users/devraj-das.192d1e3d/badges
Ravi,,Chandran,2,/users/ravi-chandran/badges
Sampath Kumar,,Bogini,2,/users/sampathkumar-bogini/badges
Anuja,,Pawar,1,/users/anuja-pawar/badges
Rohidas,,Jondhale,1,/users/rohidas-jondhale.e59b395d/badges
Saumya,,Gupta,1,/users/saumya-gupta.977cfc1a/badges
Sourav,,Sarkar,1,/users/sourav-sarkar.d9f7314c/badges
Manish,,Mishra,4,/users/manish-mishra.9c1b3397/badges
thangapandian,,ganesan,1,/users/thangapandian-ganesan/badges
elumalai,,venu,1,/users/elumalai-venu.538b4656/badges
Vinamra,,Srivastava,1,/users/vinamra-srivastava/badges
Akash,,Rai,1,/users/akashrai/badges
Sanskar,,Gupta,2,/users/sanskar-gupta.41695dcb/badges
sujal,,rastogi,1,/users/sujal-rastogi.fea3689e/badges
Shashank,,S,1,/users/shashank-s.c2cadbae/badges
Titas,,Ganguly,2,/users/titas-ganguly.6560c99d/badges
Namana,,Sri Rahul,1,/users/namana-sri-rahul/badges
Saikiran,,thummalapudi,1,/users/saikiran-thummalapudi/badges
Sunny,,Khatri,1,/users/sunny-khatri.c43a8986/badges
Vasanth,,G,1,/users/vasanth-g.9e0637ee/badges
Jeffin,,Kuruvilla,1,/users/jeffin-kuruvilla/badges
ARGHYA,,DEY,2,/users/arghya-dey.79d8d4ab/badges
Satadru,,Roy Chowdhury,1,/users/satadru-roy-chowdhury/badges
Hariharan,,Govindasamy Kesavan,1,/users/hariharan-govindasamy-kesavan.fbffd1bc/badges
Mohammad Afreed,,Dudekula,1,/users/mohammad-afreed-dudekula/badges
Tridha,,Das,2,/users/tridha-das/badges
Gopala,,Krishnan,1,/users/gopala-krishnan.a7af2568/badges
Rohit,,Jain,2,/users/rohit-jain.558cc48c/badges
Nikhil,,Macha,1,/users/nikhil-macha.0855700a/badges
ABDUL AZEEZ,,SHAIK,5,/users/abdul-azeez-shaik.beaca893/badges
Ravina,,Maragale,1,/users/ravina-maragale/badges
Chenna kesava,,Kasimsetty,1,/users/chenna-kesava-kasimsetty/badges
Alpesh,,Hete,1,/users/alpesh-hete/badges
Rohit,,Sharma,1,/users/rohit-sharma.bb6d69aa/badges
Priyansh,,Thakore,1,/users/priyansh-thakore.8a320177/badges
Harshal,,kamble,2,/users/harshal-kamble.7e166ef0/badges
VIJAY KUMAR,,BOTCHA,2,/users/vijay-kumar-botcha/badges
Sajida,,Shaik,1,/users/sajida-shaik.92799e41/badges
Gopikrishna,,Kadapa,1,/users/gopikrishna-kadapa/badges
Joyan,,Jacob,1,/users/joyan-jacob/badges
Abhilash,,Kyasa,1,/users/abhilash-kyasa.45fce990/badges
Shripad,,Motarwar,1,/users/shripad-motarwar/badges
irshad,,Ahammad shaik,1,/users/irshad-ahammad-shaik/badges
Pavithra,,Subramaniam,1,/users/pavithra-subramaniam.3e15374d/badges
Suprava,,Dutta,1,/users/suprava-dutta/badges
soumya,,kanchi,1,/users/soumya-kanchi.f6c3fa93/badges
Amit,,Ranjan,1,/users/amit-ranjan.6e7ba65a/badges
Vinu,,Krishnan R,1,/users/vinu-krishnan-r.18894370/badges
Dhatri naresh,,Garlapati,1,/users/dhatri-naresh-garlapati/badges
Devi,,Kumarasamy,1,/users/devi-kumarasamy/badges
Rakhi,,Murali,1,/users/rakhi-murali/badges
Vignesh,,KR,1,/users/vignesh-kr.cbad732f/badges
Shubham,,Nimkar,1,/users/shubham-nimkar/badges
Aswin,,Nair,1,/users/aswin-nair.52a3d6a3/badges
Mahantesh,,Khairate,1,/users/mahantesh-khairate/badges
Mohd,,Harish,1,/users/mohd-harish.4e0db3d2/badges
Saiteja,,Kolluru,2,/users/saiteja-kolluru.28ed782a/badges
Harishkumar,,P,1,/users/harishkumar-p.74c1977c/badges
Vishal,,_,1,/users/vishal-_.964063dd/badges
Siva krishna reddy,,Rendla,1,/users/siva-krishna-reddy-rendla/badges
Vaishnavi,,D,1,/users/vaishnavi-d.58076d1b/badges
Punith,,Kumar A,1,/users/punith-kumar-a/badges
ROSHAN,,Babu,1,/users/roshan-babu.443d7277/badges
Bhavishya,,Neelam,1,/users/bhavishya-neelam.befa2fee/badges
Abhimantra Singh,,Rathore,1,/users/abhimantra-singh-rathore.8a4a5153/badges
Sai Preetham,,Dommati,1,/users/preetham-dommati/badges
Aryan,,Sachan,1,/users/aryan-sachan.09b76f50/badges
Aisha,,Mohapatra,2,/users/aisha-mohapatra.5903d576/badges
Naresh,,Reddy,1,/users/naresh-reddy.f2613e56/badges
Nagendran,,R,1,/users/nagendran-r.ce259bcb/badges
Sai Swarup,,Patnaik,1,/users/sai-swarup-patnaik.166a1a06/badges
Avdesh,,Sharma,1,/users/avdesh-sharma.769a438e/badges
Akhila,,Menon,1,/users/akhila-menon.13652e48/badges
Ashutosh,,Ramdasi,1,/users/ashutosh-ramdasi/badges
Ishita,,Mukherjee,2,/users/ishita-mukherjee.a9e0b1c0/badges
Avinash,,G,1,/users/avinash-g.40879b0e/badges
JANABHI,,RAUT,1,/users/janabhi-raut.9fe77889/badges
Sujitha,,Ravi,2,/users/sujitha-ravi.5080127d/badges
Tamojit,,Ray,2,/users/tamojit-ray.4055834d/badges
Deepak,,Ramachandran Pillai,3,/users/deepak-ramachandranpillai/badges
Devineni,,Divya Sree,1,/users/devineni-divya-sree/badges
Sanjay,,Yadav,1,/users/sanjay-yadav.73c8913f/badges
Jithendranath Reddy,,Ambati,1,/users/jithendranath-reddy-ambati.51aea18c/badges
Sarojkanta,,Muduli,1,/users/sarojkanta-muduli.761ab9f6/badges
Kartik,,Mishra,1,/users/kartik-mishra.2107ee11/badges
Muneeshwaran,,N,1,/users/muneeshwaran-n/badges
Shamanna,,Sriramappa,1,/users/shamanna-sriramappa/badges
Jugal,,Adhyaru,1,/users/jugal-adhyaru/badges
Saichandan,,Sahoo,1,/users/saichandan-sahoo/badges
Harini,,M,1,/users/harini-manivasagam/badges
MD.,,SUJAUDDIN,2,/users/md-sujauddin.4bfd022d/badges
Shishir,,Dash,1,/users/shishir-dash.923c400e/badges
Vijay,,Nariyal,1,/users/vijay-nariyal/badges
Srinithi,,Balamurugan,3,/users/srinithi-balamurugan/badges
Ashish,,Ram,1,/users/ashish-ram.4295155c/badges
Rubarani,,Abboy,1,/users/rubarani-abboy/badges
William,,Jacob,1,/users/william-jacob.e8039127/badges
Shubham,,Sharma,2,/users/shubham-sharma.409212df/badges
VIKAS,,J,2,/users/vikas-j.de8ab687/badges
Dhivakar,,P,2,/users/dhivakar-p.00b7b6b3/badges
Karthikeya,,Rama,2,/users/karthikeya-rama.e09bf388/badges
Budhagavimatam,,Sunilkumar,1,/users/budhagavimatam-sunilkumar/badges
Prashant,,Ranjan,1,/users/prashant-ranjan.90109be0/badges
Saptarshi,,Dey,1,/users/saptarshi-dey.271905e5/badges
Ritoban,,Mukhopadhyay,1,/users/ritoban-mukhopadhyay/badges
Aarthi,,Damodaran,1,/users/aarthi-damodaran/badges
madhvender,,bhardwaj,1,/users/madhvender-bhardwaj.07c4845e/badges
Navjot,,Rupal,1,/users/navjot-rupal/badges
Debango,,De,1,/users/debango-de.8662a8d2/badges
Pranjal,,Shinde,1,/users/pranjal-shinde.cc61e621/badges
Nivya,,Sree,1,/users/nivya-sree/badges
Ibrar,,Ansari,1,/users/ibrar-ansari.39fa3cc5/badges
shashank,,yadav,1,/users/shashank-yadav.9c0cf78c/badges
Pratik,,Mahapatra,5,/users/pratik-mahapatra/badges
Ravindra,,Labbe,1,/users/ravindra-labbe.38f48f2b/badges
GUDIMETTA,,PEERAMBI,1,/users/gudimetta-peerambi.fd1df5ed/badges
Suganya,,S,1,/users/suganya-s.6925e27f/badges
Apurba Sinha,,Mahapatra,2,/users/apurba-sinha-mahapatra/badges
Shyamanth R,,Upadhya,1,/users/shyamanth-r-upadhya/badges
Abdul Karim imtiyaz,,Ali,2,/users/abdul-karim-imtiyaz-ali/badges
Vasa Yaswanth,,Kumar,1,/users/vasa-yaswanth-kumar.553ea66d/badges
BARATH KUMAR,,SELVARAJ,1,/users/barath-kumar-selvaraj.87ef59cf/badges
Manu,,Mithran,1,/users/manu-mithran.b9a07dee/badges
Pavithra,,Paramesh,2,/users/pavithra-paramesh/badges
Suman,,Mondal,1,/users/suman-mondal.a8f221c0/badges
Saptaneel,,Chakraborty,2,/users/saptaneel-chakraborty/badges
Sourav,,Saha,1,/users/sourav-saha.db3db59c/badges
Paul P,,Elias,2,/users/paul-p-elias/badges
likhitha,,mundra,2,/users/likhitha-mundra/badges
Amit,,Ojha,1,/users/amit-ojha/badges
satendra,,rathore,1,/users/satendra-rathore.ce1f88e6/badges
Sriya,,Lakshmi,1,/users/sriya-lakshmi/badges
soumya,,Panthulugari,1,/users/soumya-panthulugari/badges
Nanduri,,Venkata Manikya Sri Datta,2,/users/nanduri-venkata-manikya-sri-datta/badges
Mohamed,,Irfan,1,/users/mohamed-irfan.4e46fcf3/badges
aparna,,chintha,1,/users/aparna-chintha/badges
Moksh,,Chaudhary,1,/users/moksh-chaudhary/badges
Sridhar Rajan,,S,1,/users/sridhar-rajan-s/badges
Anoop,,Varghese,1,/users/anoop-varghese.de2ca207/badges
Chaitali,,Modi,1,/users/chaitali-modi/badges
Kiran,,Bornare,1,/users/kiran-bornare/badges
Jitendra,Kumar,Prajapat,1,/users/iamjitendra028/badges
Vinoth,,Annamalai,1,/users/vinoth-annamalai/badges
Mahendran,,Raju,1,/users/mahendran-raju.687d5962/badges
SIDDHARTH,,KARNATI,1,/users/siddharth-karnati.1ea1a0a5/badges
Rohan,,Ghosh,1,/users/rohan-ghosh.9703d086/badges
Rahul,,Mondal,1,/users/rahul-mondal.a722a8bd/badges
Nandhini,,A,1,/users/nandhini-a.280880b8/badges
Chetan,,Ghadigaonkar,1,/users/chetan-ghadigaonkar.cf9d197d/badges
Amgoth,,Yuktej,1,/users/amgoth-yuktej/badges
Tejas,,Bhonsale,1,/users/tejas-bhonsale/badges
Sai Chandra Prasad,,Bopparapu,1,/users/sai-chandra-prasad-bopparapu/badges
eswar vardan,,jajjara,1,/users/eswar-vardan-jajjara/badges
saranya,,s,1,/users/saranya-s.a0f087cb/badges
Dishayan,,Chakraborty,2,/users/dishayan-chakraborty/badges
Raju,,Ellendula,2,/users/raju-ellendula.20010f78/badges
KIRAN,,T,1,/users/kiran-t.e0c835b7/badges
Arpan,,Sarkar,1,/users/arpan-sarkar.95f08aed/badges
Suresh,,Orchu,1,/users/suresh-orchu/badges
Shrutesh,,Karam,1,/users/shrutesh-karam/badges
Penumerthy,,Thanmayee,1,/users/penumerthy-thanmayee/badges
Chandana,,Shastri,1,/users/chandana-shastri/badges
Rakshit,,Gang,1,/users/rakshit-gang/badges
Diya,,Ukirde,1,/users/diya-ukirde.65e1a304/badges
Pratham,,Salve,1,/users/pratham-salve/badges
Devendra,,Ingale,1,/users/devendra-ingale.5af56b27/badges
Gaurav,,Joshi,1,/users/gaurav-joshi.372651ae/badges
Piyushkumar,,Jain,1,/users/piyushkumar-jain.592802ea/badges
Dinesh Kumar,,Subramaniam,1,/users/dinesh-kumar-subramaniam/badges
Abantika,,Sarkar,2,/users/abantika-sarkar/badges
Vikash,,Kumar Shah,2,/users/vikash-kumar-shah.486d33ed/badges
khyathi,,putnoori,1,/users/khyathi-putnoori.296709ed/badges
Tamil Selvan,,J,2,/users/tamil-selvan-j.f6f78325/badges
Sriram,,Thiruvenkatachary,1,/users/sriram-thiruvenkatachary/badges
Sreedevi,,M,1,/users/sreedevi-m.eaa86704/badges
Pratiksha,,Patil,1,/users/pratiksha-patil.bced32db/badges
THANIYARASI,,K,1,/users/thaniyarasi-k/badges
Kenneth,,Rebello,1,/users/kenneth-rebello/badges
Nemo,,.,1,/users/nemo.02/badges
Shivas,,t.k,1,/users/shivas-t-k/badges
Suryadevara,,Indira Niharika,1,/users/suryadevara-indira-niharika/badges
Kishor,,Digole,1,/users/kishor-digole/badges
Rahil,,Shah,1,/users/rahil-shah.b27d79ab/badges
Ashwini,,Bakshi,1,/users/ashwini-bakshi.820afb89/badges
Krishnagopal,,Kar,2,/users/krishnagopal-kar.f462f187/badges
Shreyansh,,Thakur,1,/users/shreyansh-thakur.6489015a/badges
Anurag,,Sharma,1,/users/anurag-sharma.3d8fb837/badges
K M,,Yeshwanth,2,/users/k-m-yeshwanth/badges
Shankar,,Kandukuri,1,/users/shankar-kandukuri/badges
Narayana reddy,,konda,1,/users/narayana-reddy-konda/badges
Amrita,,Dev,1,/users/amrita-dev.54253f71/badges
Divya,,Bhat,1,/users/divya-bhat.0a4e99be/badges
Shashikumar,,M,1,/users/shashikumar-m.bc70fb97/badges
Ajay,,Baikani,1,/users/ajay-baikani.08d61faf/badges
Anusmita,,Mullick,2,/users/anusmita-mullick/badges
Keshava,,Palisetti,1,/users/keshava-palisetti.84e17f28/badges
Hrishikesh,,Kurhade,1,/users/hrishikesh-kurhade.7702e6eb/badges
Suchitra,,Sridhar,1,/users/suchitra-sridhar/badges
Syed,,Peer,1,/users/syed-peer.0a61248a/badges
Ganesh Babu,,Thirugnanam,2,/users/ganesh-babu-thirugnanam/badges
Thiyagarajaperumal,,T,1,/users/thiyagarajaperumal-t.90b0aef1/badges
Sumith,,S,1,/users/sumith-s/badges
Aritro,,Roy,1,/users/aritro-roy.132e5b48/badges
Sujitha,,Jothimani,1,/users/sujitha-jothimani/badges
Rohit,,Das,1,/users/rohit-das.8355dba6/badges
SHERSHAD,,H,1,/users/shershad-h/badges
Giri Prasad,,Boppa,1,/users/giri-prasad-boppa/badges
Mayur,,Gunjal,2,/users/mayur-gunjal/badges
Soumya,,Mahapatra,1,/users/soumya-mahapatra.2200666e/badges
Gopinath,,Panjiyara,1,/users/gopinath-panjiyara.c2ec1453/badges
Albert,,K P,1,/users/albert-k-p.1b089653/badges
Reshma,,Menon,1,/users/reshma-menon.23825eb5/badges
RAJASHREE,,ROUT,4,/users/rajashree-rout.57e23cf5/badges
Maheshwari,,P,1,/users/maheshwari-p.932470b0/badges
Aman,,MOGAL,1,/users/aman-mogal.51487d77/badges
Devarakonda,,Kumar,1,/users/devarakonda-kumar/badges
Aniket,,Dixit,1,/users/aniket-dixit.76ee6665/badges
sruthi,,p,2,/users/sruthi-p.29cf283f/badges
janani,,kp,1,/users/janani-kp/badges
agaram,,priya,1,/users/agaram-priya/badges
Yusuf,,Sheik,1,/users/yusuf-sheik.09e5470b/badges
Jasmine,,Shukla,1,/users/jasmine-shukla/badges
Akanksha,,Muley,1,/users/akanksha-muley.408dbeb1/badges
Arulselvi,,Subramanian,1,/users/arulselvi-subramanian/badges
Shubham,,Verma,1,/users/shubham-verma.28df446f/badges
Yeshwanth,,Naick,1,/users/yeshwanth-naick.ddef46c6/badges
Gaddam,Venkata,Nagendra Swami,1,/users/gvnswami8567-gmail-com-gaddam/badges
Shivani,,Gupta,1,/users/shivani-gupta.52bed06c/badges
Arepalli,,Naga Teja,1,/users/arepalli-naga-teja.8dd9d33a/badges
Vishal Kumar,,Singh,1,/users/vishal-kumar-singh.67332443/badges
Madhankumar,,Ellappan,1,/users/madhankumar-ellappan/badges
subham,,pati,1,/users/subham-pati/badges
B,,TAMILSELVI,1,/users/b-tamilselvi/badges
Amit,Raju,Wani,1,/users/amit-wani.d986de97/badges
SIYAMALADEVI,,M,1,/users/siyamaladevi-m/badges
Ankit,,Maggon,2,/users/ankit-maggon/badges
Anindya,,Mitra,1,/users/anindya-mitra.8369a143/badges
AARTHI,,A P,1,/users/aarthi-a-p/badges
Balachandra,,Malepati,1,/users/balachandra-malepati/badges
Ankit Kumar,,Shah,1,/users/ankit-kumar-shah.5574b479/badges
Sathishraja,,A,2,/users/sathishraja-a/badges
Md Abdul Ashfaq,,Khan,1,/users/md-abdul-ashfaq-khan/badges
Lavkush,,Singh,1,/users/lavkush-singh/badges
Prasad,,Chaudhari,1,/users/prasad-chaudhari.4da3a9bc/badges
Pawan,,Kumar R,1,/users/pawan-kumar-r.1118c392/badges
VIJAYENDRA KUMAR,,SAO,1,/users/vijayendra-kumar-sao/badges
Ameer Amsa,,Meera Shahip,1,/users/ameer-amsa-meera-shahip/badges
Parth,,Gajjar,1,/users/parth-gajjar.5b080e56/badges
Dheeraj,,Karwa,1,/users/dheeraj-karwa.51b1f43c/badges
Vaishnavi Devi,,V,1,/users/vaishnavi-devi-v/badges
Arnab,,Nath,2,/users/arnab-nath.25945755/badges
Sony Mubarak,,Shaik,2,/users/sony-mubarak-shaik.ab49d42a/badges
Karthick,,Nagaraj,1,/users/karthick-nagaraj.3e7c669c/badges
Shivam,,Patwa,1,/users/shivam-patwa.c032b0b3/badges
Soundarya,,A,1,/users/soundarya-a.706a1172/badges
CHANDRASEKARAN,,M R,1,/users/chandrasekaran-m-r.ecea7835/badges
NISSAN,,BISWAS,1,/users/nissan-biswas.1b23f76a/badges
Siddhesh,,Jadhav,1,/users/siddhesh-jadhav.ecce7a8a/badges
Abhijeet,,Patil,1,/users/abhijeet-patil.b0a0ab9e/badges
Ayishwarya,,M,2,/users/ayishwarya-m/badges
Abdul Rahim,,G,1,/users/abdul-rahim-g.ced5705b/badges
Manideep,,Ramapuram,1,/users/manideep-ramapuram/badges
BARUN KANTI,,ROY,1,/users/barun-kanti-roy/badges
Arkaprabha,,Dian,1,/users/arkaprabha-dian.def6d67b/badges
Aarushi,,Singh,1,/users/aarushi-singh.199be0e8/badges
Souvik,,Chattopadhyay,2,/users/souvik-chattopadhyay.06c18e05/badges
shivam,,chaudhary,1,/users/shivam-chaudhary.3adfaa0d/badges
Devendran,,Murugesan,1,/users/devendran-murugesan/badges
Ananya,,Raorane,1,/users/ananya-raorane/badges
Keshav,,Sharma,1,/users/keshav-sharma.9e1bfd72/badges
Prince,,D,2,/users/prince-d.bc2066ac/badges
Atharva,,Dethe,1,/users/atharva-dethe/badges
Prachi,,Neware,2,/users/prachi-neware/badges
Malavika,,S,1,/users/malavika-s.20ffd33f/badges
Lakshmi Harika,,Dusi,2,/users/lakshmi-harika-dusi.a688481f/badges
pawan,,Jangra,2,/users/pawan-jangra/badges
Mohammed,,Atharuddin,2,/users/mohammed-atharuddin.445fd554/badges
Rohan,,Taji,2,/users/rohan-taji/badges
Research,,Parashar,1,/users/research-parashar/badges
Harshal,,Mankar,1,/users/harshal-mankar.df3d4cfb/badges
Bharat,,Singh,1,/users/bharat-singh.f955ce67/badges
Kashish,,Kanojia,1,/users/kashish-kanojia.bc5d0678/badges
KARAN,,PARSI,1,/users/karan-parsi/badges
Sandhya Geshnavi,,Chodagam,1,/users/sandhya-geshnavi-chodagam/badges
Pilli,,Kumar,1,/users/pilli-kumar/badges
Saurabh,,Rane,1,/users/saurabh-rane.686cb32d/badges
Sandeep,,Talwar,1,/users/sandeep-talwar.8a049514/badges
DINESHKUMAR,,M,1,/users/dineshkumar-m.b8f92aad/badges
Nisha,,Bhalerao,1,/users/nisha-bhalerao/badges
Ramkumar,,N,1,/users/ramkumar-n.42438640/badges
Rachit,,Sharma,1,/users/racxhit/badges
MOHIT,,KUMAR,2,/users/mohit-kumar.7f923501/badges
SIDDHARTH,,PAMECHA,1,/users/siddharth-pamecha/badges
Hariharan,,Saisubramanian,1,/users/hariharan-saisubramanian/badges
Jemima,,Madasu,2,/users/jemima-madasu/badges
Shaik,,Rizwan,1,/users/shaik-rizwan.077bfcc3/badges
Sourav,,Kuila,2,/users/sourav-kuila.51cf3d6c/badges
Manivannan,,Nadar,1,/users/manivannan-nadar.5d7759b9/badges
Mohamed,,Faizel S,1,/users/mohamed-faizel-s.41bb98d5/badges
GOKUL,,U,1,/users/gokul-u.e197656a/badges
Akhil,,B,1,/users/akhil-b.3b53be2b/badges
Dhanush Kumar,,S,1,/users/dhanush-kumar-s.7f109afc/badges
Najih,,Basheer,1,/users/najih-basheer/badges
Rahul,,Jaiswal,2,/users/rahul-jaiswal.1b0620e9/badges
Satyam,,Raj,1,/users/satyam-raj.020db91c/badges
Devanshu,,Rastogi,1,/users/devanshu-rastogi/badges
DEEPADHARSHINI,,K,1,/users/deepa-krishnaraj/badges
Pankaj,,Gupta,1,/users/pankaj-gupta.e74bff75/badges
Prasanth,,P,1,/users/prasanth-p.6fa92ff2/badges
Bharat,,Joshi,1,/users/bharat-joshi.0107b56b/badges
Priyanshu,,Deshmukh,1,/users/priyanshu-deshmukh.6ff5eef1/badges
SWATHI,,V,1,/users/swathi-v.5a8516b1/badges
Murugesh,,Aravind,1,/users/murugesh-aravind/badges
Arun Sampath,,A,1,/users/arun-sampath-a/badges
Manikandan,,Ramu,1,/users/manikandan-ramu.259c1b31/badges
Sharvit,,Kashikar,1,/users/sharvit-kashikar.30f387f6/badges
Suraj,,Sheena,1,/users/suraj-sheena.52d54e92/badges
Manoj,,Bhargavan,1,/users/manoj-bhargavan/badges
Misba,,Mulla,1,/users/misba-mulla.55026360/badges
Divyanshu,,Rajput,1,/users/divyanshu-rajput.f3c7d0ee/badges
paramadhayalan,,S,2,/users/paramadhayalan-s/badges
Kavya,,Pavurala,1,/users/kavya-pavurala/badges
Ayush,,Roy,1,/users/ayush-roy.22a13f6b/badges
Sharanya,,Marripelli,1,/users/sharanya-marripelli/badges
Renjith,,Gangan,1,/users/renjith-gangan.b6fe3bf5/badges
P,,YAMINI,1,/users/p-yamini.b4c46d70/badges
Subhadeep,,Chakraborty,1,/users/subhadeep-chakraborty.bd340b3b/badges
Vinay,,Kadari,1,/users/vinay-kadari.8b02d21a/badges
Vijay,,Kokkiligadda,1,/users/vijay-kokkiligadda/badges
ganda,,Reddy,1,/users/ganda-reddy/badges
Vamsi,,Gelli,1,/users/vamsi-gelli/badges
Sathish,,Nagarajan,1,/users/sathish-nagarajan.e4a1a0c0/badges
Ishaq,,Sabun Wala,1,/users/ishaq-sabun-wala/badges
Niroopkumar,Doddaya,Shetty,2,/users/niroopkumar-shetty/badges
Nisha,,Parashar,1,/users/nisha-parashar.34cbb20e/badges
Pruthviraj,,Parmar,1,/users/pruthviraj-parmar.38074dfb/badges
jitendra,,Das,2,/users/jitendra-das.bd5cda60/badges
Aditya,,Kumar,1,/users/aditya-kr86/badges
Sayantika,,Sahu,2,/users/sayantika-sahu/badges
alekhya,,chinnu,1,/users/alekhya-chinnu.b48f3bfe/badges
Jayendra,,Thottempudi,1,/users/jayendra-thottempudi/badges
Sakthivel,,Balan,1,/users/sakthivel-balan/badges
Sakshi,,Singh,1,/users/sakshi-singh.9ae5ddf1/badges
Sayak,,Sarkar,2,/users/sayak-sarkar.90b879b0/badges
Recab John Samuel,,P,1,/users/recab-john-samuel-p.830692f1/badges
ADDANKI,,SAI SRI SWETHA,1,/users/addanki-sai-sri-swetha/badges
Anjali,,Dubey,1,/users/anjali-dubey.eab2d410/badges
Omkar,,Nanaware,1,/users/omkar-n/badges
Sai Alekhya,,Kosuri,1,/users/sai-alekhya-kosuri/badges
Vipul,,Raokale,1,/users/vipul-raokale.ee87a018/badges
Mayank,,Kumar,1,/users/mayank-kumar.23581915/badges
Balamanikandan,,Mani,1,/users/balamanikandan-mani/badges
Krittika,,Mondal,2,/users/krittika-mondal.4efd3173/badges
JAYASREE K S,,22ITR037,1,/users/jayasree-k-s-22itr037/badges
Ananga,,Roy Chowdhury,1,/users/ananga-roy-chowdhury/badges
Harish,,Bohare,1,/users/harish-bohare/badges
Payal,,Chaurasiya,1,/users/payal-chaurasiya.c791763c/badges
Ramesh,,Hiremath,1,/users/ramesh-hiremath.0b8afb20/badges
Rambabu,,Dirsimilli,1,/users/rambabu-dirsimilli/badges
Manish,,Chouhan,3,/users/manish-chouhan.6697da8a/badges
Nachammai,,Murugappan,2,/users/nachammai-murugappan/badges
Monu,,Singh,1,/users/monu-singh.72a825c9/badges
Balaji,,Rajan,2,/users/balaji-rajan.eade9f80/badges
Vishwa,,M,2,/users/vishwa-m.83fd74a7/badges
Mohammed Sahal,,P M K,1,/users/mohammed-sahal-p-m-k.7008b1a5/badges
Sudha,,Sudha,2,/users/sudha-sudha.e293ca7e/badges
Harikrishnan,,M G,1,/users/harikrishnan-m-g/badges
MATHAN,,KUMAR A,1,/users/mathan-kumar-a.7113e175/badges
Siddharth,,Mishra,1,/users/siddharth-mishra.5c62228b/badges
Preethy,,Prasad,1,/users/preethy-prasad.23993923/badges
Rituparna,,Banerjee,4,/users/rituparna-banerjee.7dd6bb1e/badges
srinivas,,Bonthu,1,/users/srinivas-bonthu/badges
Devi,,Dhanabalan,1,/users/devi-dhanabalan/badges
Devarajan,,Nachimuthu,1,/users/itsdeva/badges
Amit,,Gaikwad,1,/users/amit-gaikwad.75a44f43/badges
Madhan,,P E,1,/users/madhan-p-e/badges
Anam,,Ansari,2,/users/anam-ansari.8b8e347e/badges
Anil,,Chary,1,/users/anil-chary.ac735991/badges
Simran,,Saboo,1,/users/simran-saboo/badges
Bipin Wilson,,Anchalassery,1,/users/bipin-wilson-anchalassery/badges
Kaustubh,,Gunjal,2,/users/kaustubh-gunjal.f6fff72d/badges
Santhoshkumar,,M C,2,/users/santhoshkumar-m-c/badges
Renuka,,Mohan,1,/users/renuka-mohan.3b7226a3/badges
Lakshmi,,Krishnakumar,1,/users/lakshmi-krishnakumar.74202a03/badges
Madhu,,Kushwah,1,/users/madhu-kushwah/badges
Chanchal,,Maurya,1,/users/chanchal-maurya/badges
Ranjit,,Malick,2,/users/ranjit-malick/badges
Sanket,,Talele,1,/users/sanket-talele.df2891bb/badges
Sushma,,Thakur,1,/users/sushma-thakur.cae26a85/badges
Ritik,,Ranjan,1,/users/ritik-ranjan.23395e0d/badges
Amit,,Bhandare,1,/users/amit-bhandare.0244d3c6/badges
Aditya,Prakash,Maurya,1,/users/aditya-maurya.37144a60/badges
Srivarshan,,KS,1,/users/srivarshan-ks.d4c86cf0/badges
Harendra,,Bhardwaj,2,/users/harendra-bhardwaj.13c05058/badges
Maheshwar,,Nag,1,/users/maheshwar04/badges
Nagesh Naik,,Dharavath,1,/users/nagesh-naik-dharavath/badges
Pradip,,Ray,1,/users/pradip-ray.92193f03/badges
Mugil,,J S,1,/users/mugil-j-s/badges
Sanket,,Banerjee,1,/users/sanket-banerjee/badges
Akilash A,,Cyber security,1,/users/akilash-a-cyber-security/badges
Ritu,,Priya,1,/users/ritu-priya.a617cc58/badges
Elavarasan,,Kaliyamoorthy,1,/users/elavarasan-kaliyamoorthy/badges
Naveen,,Ande,1,/users/naveen-ande/badges
Sharmila A,,A,1,/users/sharmila-a-a/badges
Chinmay,,Kargutkar,1,/users/chinmay-kargutkar/badges
Madhuri,,Pallagani,1,/users/madhuri-pallagani/badges
Sri Ranganayaki,,Mamidi,1,/users/sri-ranganayaki-mamidi.542ebcfc/badges
Hari,,Sathwik,1,/users/hari-sathwik/badges
Shrutika,,Suryawanshi,1,/users/shrutika-suryawanshi/badges
Anita,,Raut,1,/users/anita-raut.dcdab89d/badges
Kavyasree,,P,1,/users/kavyasree-p.a1b5ea0e/badges
Arulselvam,,D,1,/users/arulselvam-d/badges
Harshit,,Saxena,1,/users/harshit-saxena.c22de4fa/badges
sridevi,,yarapathineni,1,/users/sridevi-yarapathineni.bfcff076/badges
Boyina,,Adarsh,1,/users/boyina-adarsh.c2ae6c7f/badges
Jaideep,,Tatikonda,1,/users/jaideep-tatikonda/badges
Tanmoy,,Singha Mahapatra,1,/users/tanmoy-singha-mahapatra.bd2f4b0c/badges
Mihir,,Parmar,1,/users/mihir-parmar.db7aefa1/badges
Subham,,Mahapatro,2,/users/subham-mahapatro.b49f79d4/badges
Shweta,,Biradi,1,/users/shweta-biradi/badges
Chiranjeevi,,Gopalakrishnan,1,/users/chiranjeevi-gopalakrishnan/badges
Sarthak,,Tyagi,1,/users/sarthak-tyagi.1e321e99/badges
Payal,,Diwan,1,/users/payal-diwan.2026b039/badges
Yaswanth Ayyappa,,Puredla,1,/users/yaswanth-ayyappa-puredla/badges
Rahul,,Umdekar,1,/users/rahul-umdekar.c811f3ac/badges
H Lalith,,Kumar,1,/users/h-lalith-kumar/badges
saurabh,,konpratiwar,1,/users/saurabh-konpratiwar.df571e4a/badges
Avik,,Bhattacharya,2,/users/avik-bhattacharya.8b7c387c/badges
Sanchita,,Ola,1,/users/sanchita-ola/badges
Madhura,,Sukhatankar,1,/users/madhura-sukhatankar/badges
mainak,,das,2,/users/mainak-das.36609925/badges
Altaf,,Ansari,1,/users/altaf-ansari.efeb8e85/badges
Veesam,,Ramani,1,/users/veeam-ramani/badges
V V S D Pravallika,,Pravallika,1,/users/v-v-s-d-pravallika-pravallika/badges
Mukul,,Kesharwani,1,/users/mukul-kesharwani/badges
Balaji,,Mohan,1,/users/balaji-mohan.5fc09e53/badges
Mira,,Ramakrishnan,2,/users/mira-ramakrishnan/badges
Shakthi Palanivel,,S,1,/users/shakthi-palanivel-s/badges
pardha,,saradhi,1,/users/pardha-saradhi.02e98db2/badges
Shrutika,,Thakare,1,/users/shrutika-thakare.68f143d5/badges
Madhura,,Chowdaiah,1,/users/madhura-chowdaiah/badges
Gomathi,,Ravichandiran,1,/users/gomathi-ravichandiran/badges
Saranya,,C,1,/users/saranya-c.8d10d806/badges
Bharati,,Metre,1,/users/bharati-metre/badges
Jose,Thomas,Dominic,1,/users/jose-thomas-dominic/badges
Prosenjit,,Ghosh,1,/users/prosenjit-ghosh.dc6450c2/badges
Pranav,,Jandu,1,/users/pranav-jandu.db0a5e4f/badges
sairaj,,souda,1,/users/sairaj-souda/badges
Ramachandran,,balasubramaniyan,1,/users/ramachandran-balasubramaniyan/badges
Sekar,,Thangavel,1,/users/sekar-thangavel.1b265a7e/badges
Tanishq,,Tanishq,1,/users/tanishq-tanishq.b61eb20c/badges
Anu,,N Raphael,1,/users/anu-n-raphael/badges
Dibyarup,,Nath,1,/users/dibyarupnath/badges
Aman,,Sahu,1,/users/aman-sahu.378ca68b/badges
Subhashini,,K,1,/users/subhashini-k.00a6631a/badges
Tamizhmani,,B,1,/users/tamizhmani-b/badges
Sharmila,,Murali,1,/users/sharmila-murali.f0c4ddec/badges
Nirbhay,,Agarwal,1,/users/nirbhay-agarwal.0a923ec7/badges
Vinay,,Shetty,1,/users/vinay-shetty.0d52b426/badges
Kiruthika,,Elango,1,/users/kiruthika-elango.c62eff61/badges
Karnasula,,Pravallika,1,/users/karnasula-pravallika/badges
Sathishmani,,Karuppusamy,1,/users/sathishmani-karuppusamy/badges
Kommu,,Shanmukh,1,/users/kommu-shanmukh/badges
Kedar,,Uplenchwar,1,/users/kedar-uplenchwar.e8d13581/badges
Gurshaan,,Singh,1,/users/gurshaan-singh.ceeac63e/badges
Saadhik,,Shaik,1,/users/saadhik-shaik/badges
Vignesh,,Nandhakumar,1,/users/vignesh-nandhakumar.c2e0e118/badges
Bathala,,Viswanath,1,/users/bathala-viswanath/badges
ATHVAITHA,,E,1,/users/athvaitha-e/badges
Pranav,,Shikarkhane,1,/users/pranav-shikarkhane/badges
Abhinav,,Kumar,1,/users/abhinav-kumar.a6b53e07/badges
Snehal,,Ingle,1,/users/snehal-ingle.e46035e9/badges
Rajasekhar,,Paleti,1,/users/rajasekhar-paleti.85d72434/badges
Ravi Kiran,,Patibandla,2,/users/ravi-kiran-patibandla/badges
Naveen Dasaranna,,.,1,/users/naveen-dasaranna/badges
rahul,,garud,1,/users/rahul-garud.e019dd40/badges
Lingeswaran,,Rangasamy,1,/users/lingeswaran-rangasamy/badges
Tanush,,Jangid,1,/users/tanush-jangid/badges
Yougesh,,R,1,/users/yougesh-r.4c9bdc71/badges
Animesh,,Raj,1,/users/animesh-raj.cb42054e/badges
Vikas,,Rai,1,/users/vikas-rai.a3e32fce/badges
Salai SelvaKumari,,S,2,/users/salai-selvakumari-s/badges
Akram,,Hasan,1,/users/akram-hasan.63d52181/badges
Muthukumar,,K,1,/users/muthukumar-k/badges
Libin,,Varghese,1,/users/libin-varghese.d77ada4c/badges
Namratha,,Mahesh,1,/users/namratha-mahesh.a2449614/badges
Iswariya,,K,1,/users/iswariya-k.e736c4b3/badges
Soundhar,,raj,1,/users/soundhar-raj/badges
Bhuvanesh,,S,1,/users/bhuvanesh-s.1b9b2f58/badges
CHIRAG,,KUMAR,1,/users/chirag-kumar.ad5ce569/badges
Mithun,,Sen,1,/users/mithun-sen.0db65b61/badges
Arul,,Saxena,2,/users/arul-saxena/badges
Jim,,Seelan,1,/users/jim-seelan.46762671/badges
saravanan,,g,1,/users/saravanan-g.6c72b64f/badges
Syed,,Anwar,1,/users/syed-anwar.4fb1e5bc/badges
Jagannath,,K,1,/users/jagannath-k.d670d0b9/badges
Subhasis,,Bhattacharya,1,/users/subhasis-bhattacharya.c3a100ad/badges
Sathishkumar,,Subramanian,1,/users/sathishkumar-subramanian.f1e44206/badges
Ramya,,V,1,/users/ramya-v.b8e5499b/badges
Bhavani Sankar,,M,1,/users/bhavani-sankar-m.4e7bfb8f/badges
Sonam,,Verma,1,/users/sonam-verma.b9df6872/badges
Krosuri,,Vydehi,1,/users/krosuri-vydehi/badges
nalwyn,,nessiah,1,/users/nalwyn-nessiah/badges
Deep,,Joshi,1,/users/deep_lumiere/badges
RISHABH,,TRIPATHI,3,/users/rishabh-tripathi.406786f1/badges
Pavith Gokul,,Ravi,1,/users/pavith-gokul-ravi.28723cf0/badges
Rohit,,Gupta,1,/users/rohit-gupta.a3a94c3c/badges
Sarthak,,Hardas,1,/users/sarthak-hardas.f49c50c4/badges
Rishit,,Sagar,1,/users/rishit-sagar/badges
HARSHINI E,,23CSR082,1,/users/harshini-e-23csr082/badges
Sireesha,,Patnayakuni,1,/users/sireesha-patnayakuni.bb224d80/badges
Madishetty,,Harshitha,1,/users/madishetty-harshitha/badges
Tejasri,,Chokkapu,1,/users/tejasri-chokkapu/badges
Shreyas,,Vijay,1,/users/shreyas-vijay/badges
Sai Prasad,,Pagadala,2,/users/sai-prasad-pagadala/badges
VASUNDARA,,BOREDDY,1,/users/vasundara-boreddy/badges
shanmugavel,,k,1,/users/shanmugavel-k.fc7e920f/badges
NIKHIL,,SWAMI,1,/users/nikhil-swami.b8ed08ff/badges
Rithin,,M,2,/users/rithin-m/badges
Armeti Sanath,,Reddy,1,/users/armeti-sanath-reddy/badges
Himanshu,,Verma,1,/users/himanshu-verma.5a47f871/badges
Arif Mohamed Khan,,Rabi Ahamad,2,/users/arif-mohamed-khan-rabi-ahamad.7480f419/badges
Adithya,,A,1,/users/adithya-a.2456ad09/badges
Palan,,Kachhap,1,/users/palan-kachhap/badges
Rajesh,R,Thakur,1,/users/rajesh-thakur.1684c090/badges
Rajdeep,,Singha,1,/users/rajdeep-singha/badges
Sai,,Palem,1,/users/sai-palem/badges
HEMANTH,,KUCHIBATLA,1,/users/hemanth-kuchibatla/badges
Dhakshayini,,H N,1,/users/dhakshayini-h-n/badges
Abiman,,Bakthavachalam,1,/users/abiman-bakthavachalam/badges
puvvada v n p b,,pravallika,1,/users/puvvada-v-n-p-b-pravallika.603b463d/badges
Deepali,,Tyagi,1,/users/deepali-tyagi.1873145d/badges
Jagadish Goud,,Palamuru,1,/users/jagadish-goud-palamuru/badges
Elango,,Van,1,/users/elango-van.a822ccb8/badges
Kumari,,Anjali,1,/users/kumari-anjali.b9649b3c/badges
Anna Maria,,Jose,1,/users/anna-maria-jose.e45e4ff0/badges
Arun,,E,1,/users/arun-e.c75f3723/badges
Kedar,,Bojjawar,1,/users/kedar-bojjawar/badges
Sandeep,,saw,1,/users/sandeep-saw/badges
Rasiga,,R,1,/users/rasiga-r.d9319ae6/badges
Vimalesh,,Jeyavelmani,1,/users/vimalesh-jeyavelmani/badges
Divya,,N,1,/users/divya-n.8cbe5af8/badges
Ketan Kumar,,Gupta,1,/users/ketan-gupta.42e5b393/badges
Shridhar,,Dhanopia,1,/users/shridhar-dhanopia/badges
Devakanth,,K U,1,/users/devakanth-k-u/badges
Annamalai,,Dhandapani,2,/users/annamalai-dhandapani/badges
Chakradhar,,Thangellapelly,1,/users/chakradhar-thangellapelly.9d3a097c/badges
Durga,,S,1,/users/durga-s.01fcf3f4/badges
Ujwal Anil,,Mahule,2,/users/ujwalmahule/badges
Aishwarya,,singh,1,/users/aishwarya-singh.d5337fc2/badges
Harika,,Uppala,1,/users/harika-uppala.b8a51244/badges
Aditya,,Bhandari,1,/users/aditya-bhandari.2a85ea85/badges
Ranadeep,,Laskar,1,/users/ranadeep-laskar/badges
Ajith kumar,,S,1,/users/ajith-kumar-s.a40e3704/badges
Vellampalli,,Lakshmi Priya,1,/users/vellampalli-lakshmi-priya/badges
Nandakrishnan,,K S,1,/users/nandakrishnan-k-s/badges
Venkata Anudeep,,Nayani,1,/users/venkata-anudeep-nayani.c8a894ed/badges
Pabbathi,,Yasoda Sai Hanuma Lakshmi,1,/users/pabbathi-yasoda-sai-hanuma-lakshmi/badges
Sreevidhya,,V,1,/users/sreevidhya-v.15b4e695/badges
Parth,,Pulhyani,1,/users/parth-pulhyani/badges
Ajay,,B,1,/users/ajay-b.a7b3fa17/badges
Krishnan,,V,1,/users/krishnan-v.b6147266/badges
Tharun,,Kumar S,2,/users/tharun-kumar-s.e34eca42/badges
Pratheek,,N K,1,/users/pratheek-n-k.7b94f04f/badges
Juhi,,Dwivedi,1,/users/juhi-dwivedi.e8ed789e/badges
Sai,,Pratyusha,1,/users/sai-pratyusha/badges
Asutosh,,Panda,1,/users/asutosh-panda.21ee0180/badges
Pooja,,Kadam,1,/users/pooja-kadam.9f4dc25d/badges
Kanhaiya,,Singh,1,/users/kanhaiya-singh.440f0d5c/badges
Jaswanth,,Nagarur,1,/users/jaswanth-nagarur/badges
Sagar,,Gangula,1,/users/sagar-gangula.4a5b43c6/badges
Akash,,Kumar,1,/users/akash-kumar.8680036e/badges
Prabhanshu,,Rawat,1,/users/prabhanshu-rawat.c4eb6a12/badges
Sushmita,,Kumari,1,/users/sushmita-kumari.5fbb5669/badges
Saravanan,,K,2,/users/saravanan-k.375b9b9f/badges
kumar,,sahil,1,/users/kumar-sahil.277d1766/badges
SIVA SHANKARI,,MOHANAN,2,/users/siva-shankari-mohanan.35c61baa/badges
Anjana,,Dheram,1,/users/anjana-dheram/badges
Pradyumna,,Ray,1,/users/pradyumna-ray.204062cb/badges
Dileep Kumar,,Addanki,1,/users/dileep-kumar-addanki.442e11d4/badges
Aman,,malviya,1,/users/aman-malviya.59a3e909/badges
Supratim,,Banerjee,1,/users/supratim-banerjee.b773fe5a/badges
Subodh,,Singh,1,/users/subodh-singh1/badges
UTTAM,,GARG,1,/users/uttam-garg.4ea56024/badges
Palakonda,,Koti Reddy,1,/users/palakonda-koti-reddy.19180030/badges
Madhuri,,Adamane,1,/users/madhuri-adamane.fdaa7be2/badges
Ajith,,Vikraman,1,/users/ajith-vikraman/badges
Anlin,,Vincent,1,/users/anlin-vincent.9c538d10/badges
K M Udhith,,Raju,2,/users/k-m-udhith-raju/badges
Sriranjani,,Srinivasan,1,/users/sriranjani-srinivasan.3cf5dfd2/badges
Priya,,Sreepuram,1,/users/priya-sreepuram/badges
Bhagyalakshmi,,Surasani,1,/users/bhagyalakshmi-surasani/badges
Midhun,,Baby,1,/users/midhun-baby.a65ced36/badges
Shivam,,Pal,1,/users/shivam-pal.67fce7af/badges
Bibitha,,Babu,1,/users/bibitha-babu.df42630a/badges
Thejaswini,,Keelara Ramakrishna,1,/users/thejaswini-keelara-ramakrishna/badges
Asha,,Swamy,1,/users/asha-vivek/badges
Rajesh Navnath,,Gaikwad,1,/users/rajesh-navnath-gaikwad/badges
Priyanka,,Reddy,1,/users/priyanka-reddy.1b22385b/badges
Yuvanesh,,N,1,/users/yuvanesh-n.ceea6112/badges
NAMASIVAYA,,GUNDRAPUREDDY,1,/users/namasivaya-gundrapureddy/badges
OM,,JI,1,/users/om-ji/badges
Elluru,,Manasa,1,/users/elluru-manasa.405439f7/badges
Vivek,,Suryawanshi,1,/users/vivek-suryawanshi.44b13977/badges
jisa mary,,Abraham,1,/users/jisa-mary-abraham.84452a6f/badges
Niroj,,Kar,1,/users/niroj-kar/badges
Karthika Sai,,Sammeta,1,/users/karthika-sai-sammeta/badges
Kiran,,Bandal,2,/users/kiran-bandal.c6c0625e/badges
AMIT KUMAR,,MAURYA,1,/users/amit-kumar-maurya.22017912/badges
Bhavin,,Varsur,1,/users/bhavin-varsur/badges
Akila,,Narayanan,1,/users/akila-narayanan/badges
Kakarla Nanda,,Sindhuja,2,/users/kakarla-nanda-sindhuja/badges
Sandhiya,,S,1,/users/sandhiya-s.3b943d49/badges
Rakesh,,Bhima,1,/users/rakesh-bhima.2b86f025/badges
Jayanth,,Angappan,2,/users/jayanth-angappan/badges
Kavitha,,Damodaran,1,/users/kavitha-damodaran.0dd7b8ef/badges
Prateek,,Punetha,1,/users/prateek-punetha/badges
Sanjay,,Kumar,1,/users/sanjay-kumar.9dd38906/badges
Muneer,,Sayyed,1,/users/muneer-sayyed.ecf8af99/badges
Murali,,Ananthagiri,1,/users/murali-ananthagiri/badges
Ajith,,A S,1,/users/ajith-a-s.53b7f67f/badges
Christeena,,Joseph,1,/users/christeena-joseph.1465283f/badges
NANDAGANESH,,.,2,/users/nandaganesh/badges
roopali,,upadhyay,1,/users/roopali-upadhyay/badges
Mahesh,,Kumawat,1,/users/mahesh-kumawat.a592bc0f/badges
Shwetha,,Merin,1,/users/shwetha-merin/badges
Dinesh,,M,1,/users/dinesh-m.1bfe62af/badges
Naga,,Adapa,1,/users/naga-adapa.72b265af/badges
Pranusha,,Sreeramoju,1,/users/pranusha-sreeramoju/badges
Pravin,,Patil,1,/users/pravin-patil.7fd8cf23/badges
Mayuri,,Jamode,1,/users/mayuri-jamode/badges
Saikumar,,Putta,1,/users/saikumar-putta/badges
Aman,,Sagar,1,/users/aman-sagar.8b353cc9/badges
Manvitha,,Chadive,1,/users/manvitha-chadive.48fa04b0/badges
VIJAY KUMAR,,K,1,/users/vijay-kumar-k-web-developer/badges
Kothakonda,,Adithya,1,/users/kothakonda-adithya.91fb07ff/badges
Kushal,,Kumar jain,1,/users/kushal-kumar-jain/badges
Pooja,,Yadav,1,/users/pooja-yadav.701a170d/badges
Aparna,,Chimman,1,/users/aparna-chimman/badges
Srimathi,,M,1,/users/srimathi-m.f5f06b71/badges
Niharika,,Bonagiri,1,/users/niharika-bonagiri.0dc83b19/badges
Rajshree,,Lande,1,/users/rajshree-lande/badges
vishal,,singh,1,/users/vishal-singh.0f7274b2/badges
Dinesh,,M,1,/users/dinesh-m.3afde65a/badges
Manikandan,,B,2,/users/manikandan-b.fbb10cc1/badges
Manvi,,.,1,/users/manvi.12aced98/badges
Gauri,,Khanapure,1,/users/gauri-khanapure/badges
Mathan,,IR,1,/users/mathan-ir/badges
prasad,,prasad,2,/users/prasad-prasad.23f3c56f/badges
Chittu,,Sathivageesan,1,/users/chittu-sathivageesan/badges
Mani,,Selvaraj,2,/users/mani-selvaraj.a1d0992f/badges
Subramania,,venkatesh,1,/users/subramania-venkatesh/badges
Rakshitha,,Koti,1,/users/rakshitha-koti/badges
Sudipta,,Sen,1,/users/sudipta-sen.9f79a1ee/badges
Badri,,krishnan,1,/users/badri-krishnan.a865d934/badges
Ravi,,Kumar,1,/users/ravi-kumar.0f0cb347/badges
NaveenKumar,,G,1,/users/naveenkumar-g.46c274b2/badges
Karuturi,,Satish Babu,2,/users/karuturi-satish-babu/badges
Abinash,,Kashyap,1,/users/abinash-kashyap/badges
Gaurav,,Bagul,1,/users/gaurav-bagul.fa8b1934/badges
Gaurav,,Kumar,1,/users/gaurav-kumar.fb023ad6/badges
Janaranjani,,S,1,/users/janaranjani-s.9105d360/badges
Hari Prasath,,Manoharan,1,/users/hari-prasath-manoharan/badges
Pranavi,,Gote,1,/users/pranavi-gote.54a633a8/badges
Abhishek,,Mitra,1,/users/abhishek-mitra.51247100/badges
Vishal,,Mundhe,1,/users/vishal-mundhe/badges
Arjun,,K,1,/users/arjun-k.6a07523f/badges
kush,,kumar,1,/users/kush-kumar.ddbdcac4/badges
SajjanRaj,,Gopinath,2,/users/sajjanraj-gopinath/badges
Vinay,,Danepalli,1,/users/vdanepalli/badges
Vaddi,,Dimpul Reddy,1,/users/vaddi-dimpul-reddy/badges
Sagnik,,Duttaroy,1,/users/sagnik-duttaroy/badges
Dhiraj,,Patil,1,/users/dhiraj-patil.592702ce/badges
Harsheithaa,,Shri,1,/users/harsheithaa-shri/badges
Pankaj,,Faujdar,1,/users/pankaj-faujdar.2263cd33/badges
Akshay,,Changole,1,/users/akshay-changole/badges
Vimal Raj,,Krishnasamy,1,/users/vimal-raj-krishnasamy/badges
Yogini,,Devnale,1,/users/yogini-devnale/badges
Sampreeth,,D,1,/users/sampreeth-d.4041716d/badges
Nanda,,Kumar S,3,/users/nanda-kumar-s-007/badges
Supriyank,,Vishwakarma,1,/users/supriyank-vishwakarma.31c487c0/badges
Pritam,,Hazra,1,/users/pritam.hazra/badges
Khushboo,,Maheshwari,1,/users/khushboo-maheshwari.39c1a937/badges
Tony,,Davis,1,/users/tony-davis.9f869522/badges
Pillalamarri,,Vyshnavi,1,/users/pillalamarri-vyshnavi-vyshnavi/badges
Dinkal,,Rajpurohit,1,/users/dinkal-rajpurohit/badges
Vaibhav,,Oberoi,1,/users/vaibhav-oberoi.76b78c18/badges
Bikram,,Nath,1,/users/bikram-nath.e97c1bc0/badges
Gowtham,,M,1,/users/gowtham-m.608348f8/badges
Ugeshprasanna,,AV,1,/users/ugeshprasanna-av/badges
Vivek,,Hippargi,2,/users/vivek-hippargi.50e6d3e2/badges
Sujal,,Mashettiwar,1,/users/sujal-mashettiwar/badges
Rahul,,Raj,1,/users/rahul-raj.e4e26f14/badges
Pradeepkumar,,J,1,/users/pradeepkumar-j.5d9a7ac3/badges
Anshuman,,Yadav,1,/users/anshuman-yadav.a9f0cbdd/badges
Atoshi,,Tiwari,1,/users/atoshi-tiwari/badges
RAJASEKHAR,,TIPERNENI,1,/users/rajasekhar-tiperneni/badges
Pijush Kanti,,Nag,1,/users/pijush-kanti-nag/badges
4c9,,Shaik Mohammed Tayyab,1,/users/4c9-shaik-mohammed-tayyab/badges
Anirban,,Ghosh,2,/users/anirban-ghosh.2102e53e/badges
Rushikesh,,K,1,/users/rushikesh-k.18d1e072/badges
Pratik Kumar,,Singh,1,/users/pratik-kumar-singh.28f0826b/badges
Anmol,,Rai,1,/users/anmol-rai.3fc5a2a7/badges
S,,Petchimurugan,1,/users/s-petchimurugan/badges
Aryan,,Sahoo,1,/users/aryan-sahoo/badges
Santanu,,Nandi,1,/users/santanu-nandi.f091dda3/badges
Nitin,,Arote,1,/users/nitin-arote/badges
Seelam,,Trivikrama Reddy,1,/users/seelam-trivikrama-reddy/badges
Gokul,,P,1,/users/gokul-p.c41b480b/badges
Dhakshnamoorthi,,Deiveegan,1,/users/dhakshnamoorthi-deiveegan/badges
Sahil,,Anand,1,/users/sahil-anand.d451de3f/badges
Ravi Shankar,,Kagitha,1,/users/ravi-shankar-kagitha.ba0be76e/badges
Roshni,,Priya S,2,/users/roshni-priya-s.9957c3d6/badges
Arun,Kumar,Tomar,1,/users/arun-tomar.06899244/badges
K T D,,Harikrish,1,/users/k-t-d-harikrish/badges
Muhammed,,Mahir P C,1,/users/muhammed-mahir-p-c/badges
PRAJWAL,,NAYAK,1,/users/prajwal-nayak.2f7eacbe/badges
Abhishek Kumar,,Singh,1,/users/abhishek-kumar-singh.ae24e6c5/badges
Pranay,,Ramtekkar,1,/users/pranay-ramtekkar.90220743/badges
Sujithra,,S,1,/users/sujithra-s.d9da4e24/badges
KOWSIKA,,A,1,/users/kowsika-a.935e65d6/badges
Pradeep,,Sahu,2,/users/pradeep-sahu.95d84c94/badges
AKHIL KRISHNA,,GUNTURU,1,/users/akhil-krishna-gunturu/badges
Tamros,,Mondal,2,/users/tamros-mondal.ac4a59da/badges
Tushar,,Prajapati,2,/users/tushar-prajapati.529e3a11/badges
KALANJALI,,KOLLIPARA,1,/users/kalanjali-kollipara/badges
Sadaf,,Shaikh,1,/users/sadaf-shaikh.6f1e18c5/badges
Gopal,,Barik,2,/users/gopal-barik.228f20dc/badges
SRINIVAS,,YARRAMSETTI,1,/users/srinivas-yarramsetti/badges
Dotula,,Akhil,2,/users/dotula-akhil/badges
Abhishek,,Mishra,1,/users/abhishek-mishra.ac4bce8d/badges
Jaya Krishna,,Annapragada,1,/users/jaya-krishna-annapragada/badges
Vinay,,M V,1,/users/vinay-m-v.f4dad6b1/badges
HARSHA,,VARDHAN,1,/users/harshavardhan127a/badges
Charitha,,Atcha,1,/users/charitha-atcha/badges
Shubham,,Singhal,1,/users/shubham-singhal.371ce615/badges
Subhradwip,,Ghosh,1,/users/subhradwip-ghosh/badges
Amarnath,,Kubandren,2,/users/amarnath-kubandren/badges
Sagar,,B S,2,/users/sagar-b-s.c1a4b72c/badges
Abhijit,,Mapari,1,/users/abhijit-mapari.c40cc29c/badges
Naresh,,Gadri,1,/users/naresh-gadri/badges
Shivam,,Gupta,2,/users/shivam-gupta.05718621/badges
Arjun,,M,1,/users/arjun-m.5b982d47/badges
Krishnasai,,Parkav,1,/users/krishnasai-parkav/badges
Aryan,,Porwal,1,/users/aryan.porwal/badges
Harini,,M,1,/users/harini-m.49cf60db/badges
Bhavesh,,Verma,2,/users/bhavesh-verma.6959d05c/badges
Vasan,,S P,1,/users/vasan12sp/badges
Vinay,,Manthena,1,/users/vinay-manthena/badges
Mohanraj,,R,1,/users/mohanraj-r.3714cebd/badges
Jaswanth,Krishna,Perla,1,/users/jaswanth-krishna-perla/badges
Subhajyoti,,Roy,2,/users/subhajyoti-roy.f4da5bfb/badges
Ruksana,,A,1,/users/ruksana-a/badges
Kotu Lakshmi Narasimha,,Vinay,1,/users/kotu-lakshmi-narasimha-vinay.57f52553/badges
Abhay Kumar,,Gautam,1,/users/abhay-kumar-gautam.5b4c76fd/badges
Dhanraj,,Sampath,1,/users/dhanraj-sampath/badges
Tejas,,Ubhe,2,/users/tejas-ubhe/badges
Rajdeep,,Gupta,1,/users/rajdeep-gupta.4083a1a1/badges
Abdul Halith,,A,1,/users/abdul-halith.70e5f1f4/badges
Soumyadeep,,Chanda,2,/users/soumyadeep-chanda.bd0d0667/badges
Rhitwik,,Sikdar,1,/users/rhitwik-sikdar.a363a1f2/badges
Nishil,,Pathak,1,/users/nishil-pathak.5645fad1/badges
Affina,,Felcy,1,/users/affina-felcy/badges
Dhiraj,,Mishra,1,/users/dhiraj-mishra.fd73efcc/badges
Inti,,Satya,2,/users/inti-satya/badges
Arjun,,KT,1,/users/arjunotp/badges
Ann Maria,,Sebastian,1,/users/ann-maria-sebastian.a7a820fe/badges
Sampath,,Chinnari,1,/users/sampath-chinnari/badges
Hiranya,,Sadineni,2,/users/hiranya-sadineni/badges
Sridhar,,Vg,1,/users/sridhar-vg/badges
Shafiq,,Mohamed,2,/users/shafiq-mohamed.5b11c1de/badges
Kalyani,,Arepalli,1,/users/kalyani-arepalli/badges
ALEXANDER,,MADANU,1,/users/alexander-madanu/badges
Deepak,,yadav,1,/users/deepak-yadav.a48020b9/badges
Madhuri,,Chaudhary,1,/users/madhuri-chaudhary/badges
Kritika,,.,2,/users/kritika.9a507a15/badges
Pratiksha,,Popat Kalokhe,1,/users/pratiksha-popat-kalokhe/badges
Ashish Kumar,,Srivastava,1,/users/ashishsrivastava8/badges
Jyothi,,Chinthala,2,/users/jyothi-chinthala/badges
Maathu,,Michael,1,/users/maathu-michael.f8a78ad3/badges
Bhanu,,Dadi,1,/users/bhanu-dadi/badges
Venkata,Haritha,Pothala,1,/users/venkata-haritha/badges
Nikhil,,Swamy B C,1,/users/nikhil-swamy-b-c/badges
Abhijit,,Sen,1,/users/abhijit-sen.1744b3db/badges
Sandeep,,Krishnegowda,1,/users/sandeep-krishnegowda/badges
Bhargav,,Paleti,1,/users/bhargav-paleti/badges
Sourav,,Sharma,1,/users/sourav-sharma./badges
Muni Sai Vivek,,Busetty,1,/users/muni-sai-vivek-busetty.2ae68fa4/badges
ALEKHYA,,JAKKI REDDY,1,/users/alekhya-jakki-reddy/badges
Sowmya,,C,1,/users/sowmya-c.2cf6d49a/badges
Sai Kiran,,Madagani,1,/users/sai-kiran-madagani/badges
Laxminarashimaa,,V,1,/users/laxminarashimaa-v/badges
Sharukh,,Shaik,2,/users/sharukh-shaik.23fd8209/badges
Bhagya,,Lakshmi,1,/users/bhagya-lakshmi.57870bc2/badges
Rishav,,Pattnaik,1,/users/rishav-pattnaik.a977ef99/badges
Namrata,,Kalaje,1,/users/namrata-kalaje/badges
RAJIV RANJAN,,SINGH,1,/users/rajiv-ranjan-singh.250ad230/badges
Meghana,,Thirupathigari,1,/users/meghana-thirupathigari/badges
Vikash,,Shah,2,/users/vikash-shah.07516f0a/badges
Sakthivel,,Thangaraj,1,/users/sakthivel-thangaraj.8fec1b55/badges
Zohaib,,Mohammed,2,/users/zohaib-mohammed.6caa051b/badges
Abhilash,,V Sankar,1,/users/abhilash-v-sankar.49230af6/badges
PEREDDY,,DHANUNJAYA REDDY,1,/users/pereddy-dhanunjaya-reddy.4fd73f4a/badges
Vishvajit,,Mohite,1,/users/vishvajit-mohite/badges
Ishdeep,,Chugh,1,/users/ishdeep-chugh/badges
Preethi,,R,1,/users/preethi-r.ab936492/badges
Biswajeet,,Parida,1,/users/biswajeet-parida.e045255d/badges
Bushra,,Begum,1,/users/bushra-begum.81d6a926/badges
23ATA05052,,BUGUDE YOGESH,1,/users/23ata05052-bugude-yogesh/badges
Vaibhav,,Gupta,1,/users/vaibhav-gupta.0436dde2/badges
Sushmitha,,Mc,1,/users/sushmitha-mc.2b508caa/badges
Deepak,,Gupta,1,/users/deepak-gupta.67c1758c/badges
Pranoti,,Chandratre,2,/users/pranoti-chandratre/badges
Lokeshwaran,,S K,1,/users/lokeshwaran-s-k.2340dc1f/badges
Prathamesh,,Punde,1,/users/prathamesh-punde.e196f2ef/badges
Sahith,,Vadigella,1,/users/sahith-vadigella.9db61232/badges
nilesh,,tarte,1,/users/nilesh-tarte/badges
Dipanwita,,Chowdhury,1,/users/dipanwita-chowdhury.65a93310/badges
Nivia,,Somasundar,1,/users/nivia-somasundar/badges
Chaithanya,,Banka Venkata,1,/users/chaithanya-banka-venkata/badges
Sandip,,Panti,2,/users/sandip-panti.ffbb6f05/badges
Koti,,Raghunath,1,/users/koti-raghunath.6e75ebcb/badges
Umesh,,Tiruvalluru,1,/users/umesh-tiruvalluru.a70b048f/badges
Shaik,,Mohammad Javad,1,/users/shaik-mohammad-javad/badges
SRI VIDYA,,VADDULA,1,/users/sri-vidya-vaddula/badges
RAM CHARAN TEJA,,MADURI,2,/users/maduri-ram-charan-teja/badges
Dinesh Kumar,,Sambasivam,1,/users/dinesh-kumar-sambasivam/badges
Modem,,Mahesh,1,/users/modem-mahesh/badges
Deepak,,Dubey,1,/users/deepak-dubey.13419fd3/badges
Amritansh,,Agrawal,1,/users/amritansh-agrawal.cf88c841/badges
Aditi,,Srivastav,1,/users/aditi-srivastav.7ef11069/badges
Amina,,M Thaha,1,/users/amina-m-thaha/badges
MALASANI,,SREE KRISHNA CIDDARDA RAKESHYADAV,1,/users/rakesh-yadav.e264f3d5/badges
Vishaka,,Vasanth,1,/users/vishaka-vasanth/badges
Swati,,Verma,1,/users/swati-verma.54935e94/badges
Pankaj,,Tupe,1,/users/pankaj-tupe/badges
Yelsi,,Tamrakar,2,/users/yelsi-tamrakar/badges
Suriya,,S,4,/users/ssuriya1/badges
Pushpendra,,Pal,1,/users/pushpendra-pal.59c29736/badges
Rajkumar,,Garg,1,/users/rajkumar-garg.01db4e1e/badges
Priya,,Narayanan,1,/users/priya-narayanan.fda4ee2a/badges
Yash Raj,,Dhakonia,1,/users/yash-raj-dhakonia.898ae58f/badges
Ankush,,Sarkhel,1,/users/ankush-sarkhel/badges
Aigis,,Nalian,1,/users/aigis-nalian/badges
VIJAYKUMAR,,PAWAR,1,/users/vijaykumar-pawar.0c68ca35/badges
Shalini,,Singh,1,/users/shalini-singh.9bce17a4/badges
Abish,,Kurungadathil,1,/users/abish-kurungadathil.0a7e6dca/badges
Akash,,Chhetri,1,/users/akash-chhetri.403cbba4/badges
Mohammed,,Masiullah,1,/users/mohammed-masiullah.ac0ce6b5/badges
Sree,,valli,1,/users/sree-valli.11a89225/badges
Anilkumar,,Nimmala,1,/users/anilkumar-nimmala/badges
Akash,,Agrawal,1,/users/akash-agrawal.f2a07d17/badges
Sibbala,,Anitha,1,/users/sibbala-anitha/badges
Deeksha,,Senava,1,/users/deeksha-senava.ba7e0fc0/badges
Shubhajit,,Mukherjee,1,/users/shubhajit-mukherjee/badges
Punit,,Vishwakarma,2,/users/punit-vishwakarma/badges
Tejashwini,,T,1,/users/tejashwini-t.9a280d61/badges
Mokshda,,Sharma,1,/users/mokshda-sharma.ea811413/badges
Manasa,,Samala,3,/users/samala-manasa/badges
Muskan,,Singh,2,/users/muskan-singh.65ff486a/badges
Guduru Prashanth,,Reddy,1,/users/guduru-prashanth-reddy.74abedf1/badges
Navneet,,Malviya,1,/users/navneet-malviya.d598052b/badges
ARVITI,,HEMARUPINI,1,/users/arviti-hemarupini/badges
H M Prajwal,,Kumar,1,/users/h-m-prajwal-kumar/badges
himaja,,sadineni,1,/users/himaja-sadineni/badges
Vivekananda Reddy,,Kottapalli,1,/users/vivekananda-reddy-kottapalli.913da62b/badges
Amitha,,Vuyyuru,1,/users/amitha-vuyyuru/badges
Iswarya,,R,1,/users/iswarya-r.a9a8529d/badges
Mohan,,Chilivery,1,/users/mohan-chilivery/badges
Prajot,,Kulkarni,1,/users/prajot-kulkarni.7bd67a85/badges
Sruthi,,Murali,1,/users/sruthi-murali.a0b87248/badges
Dinesh,,Loganathan,1,/users/dinesh-loganathan.b6ddd9e2/badges
Pavithra,,H S,2,/users/pavithra-h-s.b23347fe/badges
Sumit,,Banik,2,/users/sumit-banik.d6d77d8d/badges
Sravani,,g,1,/users/sravani-g.ff4b81cd/badges
Shankari,,N,2,/users/shankari-n/badges
Aman,,Verma,1,/users/aman-verma.ead16717/badges
Abdul,,Afeel,1,/users/abdul-afeel.aca6613d/badges
Navneet,,jain,1,/users/navneet-jain.509ad917/badges
Gaurav,,Dukekar,1,/users/gaurav-dukekar/badges
Bhushan,,Ghevde,1,/users/bhushan-ghevde/badges
Sowmya Sri,,Ellandula,1,/users/sowmya-sri-ellandula/badges
Debanjan,,Hore,1,/users/debanjan-hore.5d30a390/badges
Rahul Ranjan,,Kumar,1,/users/rahul-ranjan-kumar/badges
Jyotishman,,Thakur,1,/users/jyotishman-thakur/badges
Rekha,,Sundaramoorthy,1,/users/rekha-sundaramoorthy/badges
Dilip,,M,1,/users/dilip-m/badges
Saurabh,,Vishal,2,/users/saurabh-vishal.f8fc8609/badges
Suman,,Maity,1,/users/suman-maity.ed782ae1/badges
Siddhanth,,Londhe,1,/users/siddhanth-londhe/badges
Karthikeyan,,Ranganathan,1,/users/karthikeyan-ranganathan.c6045381/badges
Suchitra,,Padmakumar,2,/users/suchitra-padmakumar/badges
Rishabh,,Tripathi,1,/users/rishabh-tripathi.a646b249/badges
George,,Mathew,1,/users/george-mathew.35bb7628/badges
Alok,,Shankar,1,/users/alok-shankar.2bc682d0/badges
KRISHNA GAYATHRI,,KALAGA,1,/users/krishna-gayathri-kalaga/badges
kumar,,patnaik,1,/users/kumar-patnaik/badges
Abinash,,Giri,1,/users/abinash-giri.3eadb550/badges
Vinai,,N,1,/users/vinai-n/badges
Jayasurya,,Pasupureddy,1,/users/jayasurya-pasupureddy.d6507060/badges
Anvitha Raj,,Gunday,1,/users/anvitha-raj-gunday/badges
Samarth,,Nema,1,/users/samarth-nema/badges
merlin,,John,1,/users/merlin-john.3c7fc936/badges
Susan,,John,1,/users/susan-john.b780f440/badges
Soumodeep,,Pakhira,1,/users/soumodeep-pakhira.6942c2ee/badges
Amol,,Chandak,1,/users/amol-chandak/badges
Nikhil,,Lingutla,1,/users/nikhil-lingutla.ee86c660/badges
Vaishali,,Balaji,1,/users/vaishali-balaji.15860bf4/badges
Anil Kumar,,Penthala,2,/users/anilkumar.penthala.9705043211/badges
Taher,,Shabbiri,1,/users/taher-shabbiri/badges
Janani,,Arumugam,1,/users/janani-arumugam.13b88b51/badges
SK SOFIQUEE,,FIAZ,1,/users/sk-sofiquee-fiaz.d4b97f71/badges
Tanuja,,Tharapatti,1,/users/tanuja-tharapatti/badges
Kartik,,Minhas,1,/users/kartik-minhas.62e33378/badges
Abhishek,,Maurya,2,/users/abhishek-maurya.f7a23a17/badges
VIDHYASHREE,,U,2,/users/vidhyashree-u.fc303c00/badges
YOGESH,,D,3,/users/yogesh-d.720ba710/badges
Mohd,,Hameed,2,/users/mohd-hameed.724a0fb1/badges
Sukuru naga,,sai Srinivas,1,/users/sukuru-naga-sai-srinivas/badges
Gnanendra Ajithnag,,Gadde,1,/users/gnanendra-ajithnag-gadde/badges
Shreyansh,,Kumbhare,1,/users/shreyansh-kumbhare.85483c93/badges
Narayana Pavan,,Sarma,1,/users/narayana-pavan-sarma/badges
Runjhun,,Jain,1,/users/runjhun-jain.e1446487/badges
Aburva,,K,1,/users/aburva-k/badges
Ayush,,Rusia,1,/users/ayush-rusia.75144a82/badges
Mohammed,Ali Mohammed,Al sakkaf,1,/users/mohammed-ali-al-sakkaf/badges
Kritika,,Ruhela,1,/users/kritika-ruhela/badges
Kapil Singh,,Rathore,1,/users/kapil-singh-rathore.8b3d4a47/badges
Ajaykumar,,Dudhedia,1,/users/ajaykumar-dudhedia/badges
Puneet,,Kathar,2,/users/puneet-kathar/badges
Vignesh,,J,2,/users/vignesh-j.47ecc900/badges
Rahul,,S,1,/users/rahul-s.a2bb0716/badges
Rohan,,Shrivastava,3,/users/rohans17we/badges
Jitaditya,,Das,1,/users/jitaditya-das/badges
GAURAV,,PALKRUTWAR,1,/users/gaurav-palkrutwar/badges
Chiranjibi,,Rout,2,/users/chiranjibi-rout/badges
Dhanalakshmi,,K,1,/users/dhanalakshmi-k.34ff20c9/badges
Yash,,Dhingra,1,/users/yash-dhingra.b47a4d3f/badges
Shashwat,,Kale,3,/users/shashwatkale27/badges
Vasantharohini,,Palanisamy,1,/users/vasantharohini-palanisamy/badges
Debleena,,Chakraborty,1,/users/debleena-chakraborty.b7c42011/badges
Dinesh,,Bhati,1,/users/dinesh-bhati.b75e632f/badges
Hemanth,,Srinivas,1,/users/hemanth-srinivas.80055e13/badges
Mithun,,Sen,2,/users/mithun-sen.232b8253/badges
Siddharth,,Kishore,1,/users/siddharth-kishore.4cdbd1ce/badges
Vishwajeet,,Jadhav,1,/users/vishwajeet-jadhav.609ab41f/badges
Jose Nivesha,,L,2,/users/jose-nivesha-l/badges
Yakavi,,S,1,/users/yakavi-s/badges
Sharnicka,,S,1,/users/sharnicka-s/badges
Roopa,,Panchmal,1,/users/roopa-panchmal/badges
Katikala Goutham Ashish,,gowthamashish@gmail.com,1,/users/katikala-goutham-ashish-gowthamashish-gmail-com/badges
Rahul,,Kariya,1,/users/rahul-kariya/badges
Aditya,,Aditya,2,/users/aditya-aditya.cee6d8cd/badges
Mangesh,,Patil,1,/users/mangesh-patil.70693199/badges
Manoj,,Thipiri,1,/users/manoj-thipiri.005f96f8/badges
Arunabha,,Mishra,1,/users/arunabha-mishra/badges
Komanjali,,Gude,1,/users/komanjali-gude/badges
divya,,edubilli,2,/users/divya-edubilli/badges
Ramarao,,Thakkalapally,1,/users/ramarao-thakkalapally/badges
Rohit,,Vardhani,1,/users/rohit-vardhani/badges
Karni,,Gupta,1,/users/karni-gupta/badges
Vishakha,,Verma,1,/users/vishakha-verma.152038b2/badges
Vishal,,P,1,/users/vishal-p.6471ba1c/badges
Kavya,,D,1,/users/kavya-d.87cb43c4/badges
VIPUL,,TYAGI,1,/users/vipul-tyagi.6da7a6a9/badges
Venkatesan,,M,1,/users/venkatesan-m.29d52038/badges
Senthilkumar,,Murugesan,1,/users/senthilkumar-murugesan.41659688/badges
Abhishek,,S V,1,/users/abhishek-s-v.018e4350/badges
Sanjana,,Joy,1,/users/sanjana-joy.f41eba59/badges
Gnapika_20,,413,1,/users/gnapika_20-413/badges
Nandha Prakash,,Nambirajan,1,/users/nandha-prakash-nambirajan.cb62ed11/badges
Divya,,Krishnan R,2,/users/divya-krishnan-r.cc4ac58a/badges
VIGNESH,,C,1,/users/vignesh-c.0b043849/badges
Shelshi,,jain,1,/users/shelshi-jain.ba17a49d/badges
Sarmila,,Saha,2,/users/sarmila-saha/badges
Lakshmi Sai Siva Teja,,Somana,2,/users/lakshmi-sai-siva-teja-somana/badges
Dwitika,,Singh,2,/users/dwitika-singh/badges
Thamaraipandi,,S,1,/users/thamaraipandi-s/badges
Rishi,,Bhatia,1,/users/rishi-bhatia.9687bed1/badges
Kumar,,Yashu,1,/users/kumar-yashu.bd1cd1a6/badges
Susritha,,Medukonduru,2,/users/susritha-medukonduru/badges
maroju,,sriram,1,/users/maroju-sriram/badges
JILLELA,,Santhosh Reddy,1,/users/jillela-santhosh-reddy/badges
Vishaal,,K,1,/users/vishaal-k/badges
Shivani,,Patil,1,/users/shivani-patil.6f714670/badges
Deepanshu,,Tyagi,1,/users/deepanshu-tyagi.13f1d183/badges
Durga Mani,,Pothula,1,/users/durga-mani-pothula.560d4e71/badges
Nikhil,,Samala,1,/users/nikhil-samala.5a6f1578/badges
Oviya,,Gal,1,/users/oviya-gal/badges
chenna,,krishna reddy,2,/users/chenna-krishna-reddy/badges
Siddhesh,,Dewalekar,1,/users/siddhesh-dewalekar/badges
Divya,,Kondapavuluru,1,/users/divya-kondapavuluru/badges
Ayyappan,,Ravichandran,2,/users/ayyappan-ravichandran/badges
Jagadish,,J,1,/users/jagadish-j.54b5e5ef/badges
Ayush,,Saxena,1,/users/ayush-saxena.d196cc55/badges
Arpit,,Agarwal,1,/users/arpit-agarwal.69a47d12/badges
Diksha,,Deshmukh,1,/users/diksha-deshmukh.9d316bca/badges
SUYASH,,SHARMA,1,/users/suyash-sharma.618d7676/badges
Kailaash,,Nachivel,1,/users/kailaash-nachivel/badges
Jagadeesh,,Rajanala,1,/users/jagadeesh-rajanala/badges
Venkata Anjaneya Vamsi Krishna,,Yadla,2,/users/venkata-anjaneya-vamsi-krishna-yadla/badges
Debanjan,,Hore,1,/users/debanjan-hore/badges
Chaitanya,,Sharma,1,/users/chaitanya-sharma.4d1708ac/badges
Niraj,,Kumar,1,/users/niraj-kumar.7275111e/badges
Saravana,,Krishnan J,1,/users/saravana-krishnan-j/badges
Muzzammil,,Mohiddin Jeelani,1,/users/muzzammilmohiddinjeelani/badges
Hafsa,,Iffath,1,/users/hafsa-iffath-22bce9576/badges
Shivani,,Rani,1,/users/shivani-rani/badges
Khadar Mastan,,Shaik,1,/users/khadar-mastan-shaik.f4adf4d8/badges
Sarath,,Kumaran P,1,/users/sarath-kumaran-p.88e811db/badges
Rajesh Kumar,,Prajapati,1,/users/rajesh-kumar-prajapati/badges
Raghuveer,,Varahagiri,2,/users/raghuveer-varahagiri/badges
Tejas,,Jangade,1,/users/tejas-jangade/badges
Ritu,,Ritu,2,/users/ritu-ritu.537be8f3/badges
Sumit,,Prakash,2,/users/sumit-prakash.d2c3811c/badges
Kannan,,Ks,2,/users/kannan-ks.faf5d8ae/badges
Nandani,,Chouhan,1,/users/nandani-chouhan/badges
Shivam,,Mishra,1,/users/shivam-mishra.57114b8e/badges
Rohit,,Pathak,1,/users/rohit-pathak.59373295/badges
Nidhi,,Singh,1,/users/nidhi-singh.28c92393/badges
Hema Harika,,Kakarla,1,/users/hema-harika-kakarla.34e0a1a6/badges
Aayushi,,Jain,1,/users/aayushi-jain.700e2edf/badges
DHARANEEDHARAN,,V,2,/users/dharaneedharan-v/badges
Anubrata,,Das,1,/users/anubrata-das.b8e58831/badges
Harish,,A,1,/users/harish-a.d1e509aa/badges
Manish,,Sharma,2,/users/manish-sharma.1e072618/badges
Nidhish,,Kumar,1,/users/nidhish-kumar.41ffe3cc/badges
Naveenkumar,,M,2,/users/nk069/badges
Sandhya,,Dileep,1,/users/sandhya-dileep/badges
Pratibha,,Shende,1,/users/pratibha-shende.84d389bd/badges
Sudharsan,,M,1,/users/sudharsan-m.b9fe70ca/badges
Venkatesh,,K,2,/users/venkatesh-k.9cad61bc/badges
Keerthi,,Ganesh Kumar,1,/users/keerthi-ganesh-kumar/badges
Navaneetha Rao,,Takkallapally,2,/users/navaneetha-rao-takkallapally/badges
Abhishek,,Giri,1,/users/abhishek-giri.df907a30/badges
Sushil,,Shaw,1,/users/sushil-shaw.18591737/badges
Naveen Kumar Reddy,,Sama,1,/users/naveen-kumar-reddy-sama/badges
Aasim,,Qureshi,1,/users/aasim-qureshi.a5dfa3a8/badges
Vishall,,J K,1,/users/vishall-j-k.9bbb66fd/badges
Mallampalli,,Revanth Kumar,1,/users/mallampalli-revanth-kumar/badges
Pranav,,Vartak,1,/users/pranav-vartak/badges
Manasvin Surya,,B J,1,/users/manasvin-surya-b-j/badges
Mihir,,Ranjan,1,/users/mihir-ranjan.2e2334c6/badges
MohammadTaj,,Shaik,1,/users/mohammadtaj-shaik/badges
SOBIGARANI,,S.P,1,/users/sobigarani-s-p/badges
Nagaphaneendra,,Desu,1,/users/nagaphaneendra-desu/badges
Subhashini,,Manoharan,2,/users/subhashini-manoharan/badges
Sanjeev,,kumar,2,/users/sanjeev-kumar.b9cd7907/badges
Shalini,,Mondal,2,/users/shalini-mondal.ab979960/badges
Aseem,,kamboj,1,/users/aseem-kamboj/badges
Rakesh,,Kumar,1,/users/rakesh-kumar.70ec200e/badges
THARUN,,M,2,/users/tharun-m.864fcc96/badges
VIJAY,,M P,1,/users/vijay-m-p/badges
Ashwin,,K V,1,/users/ashwin-k-v.01c5bbe2/badges
Dhavalkumar,,Kaku,1,/users/dhavalkumar-kaku/badges
Mahima,,Sahu,1,/users/mahima-sahu/badges
Prathmesh,,Wakodikar,1,/users/prathmesh-wakodikar/badges
BIBHUDATTA,,NAYAK,1,/users/bibhudatta-nayak.891b899c/badges
Abhijeet,,Chavan,2,/users/abhijeet-chavan.8a2b6054/badges
manan,,mittal,2,/users/manan-mittal.e5a2d9da/badges
Ehtesham,,Ansari,1,/users/ehtesham-ansari/badges
Prudhvi Raj,,Ravula,2,/users/prudhvi-raj-ravula/badges
Ajit,,Kumar,3,/users/ajit-kumar.596dfec6/badges
Kasim Nadim,,Mahammad,1,/users/kasimnadim/badges
RAVI KANT,,VERMA,2,/users/ravi-kant-verma.d29a69ef/badges
CHANDRAMANI,,GAJBHARE,1,/users/chandramani-gajbhare/badges
GANESH,,GOPINATH,2,/users/ganesh-gopinath.2eb7d43b/badges
Vennila,,B,1,/users/vennila-b.6814cf5e/badges
Nishant,,Jain,1,/users/nishant-jain.c965758c/badges
Shreya,,Pachauri,1,/users/shreya-pachauri.82337009/badges
Sameer,,Bhat,1,/users/sameer-bhat.c1618292/badges
Vasavi,,Poppoppula,1,/users/vasavi-vasavi-poppoppula/badges
Shyam,,Ganesh,1,/users/shyam-ganesh.fb05d622/badges
Abhilash,,CH,1,/users/abhilash-ch.c90253b3/badges
Pranab,,Sasmal,1,/users/pranab-sasmal.82cd7de9/badges
Roshan,M,Thomas,1,/users/roshan-thomas-10/badges
Monica,,Gaddipati,1,/users/monica-gaddipati/badges
Akilandeswari,,Sailappan,2,/users/akilandeswari-sailappan/badges
Md Saif,,Ali,2,/users/md-saif-ali.b60f91a0/badges
Ranjan,,sahoo,2,/users/ranjan-sahoo.1f820b66/badges
Aryasomayajula Subrahmanya,,Srinivas,1,/users/aryasomayajula-subrahmanya-srinivas.8108bc24/badges
liyander,,rishwanth,1,/users/liyander-rishwanth/badges
NANDA KUMAR,,N,1,/users/nanda-kumar-n.a3931a41/badges
JITENDRAKUMAR,,CHAUHAN,2,/users/jitendrakumar-chauhan/badges
Renuka,,Tegginakeri,2,/users/renuka-tegginakeri/badges
Jaideep,,Nawale,1,/users/jaideep-nawale.250dc2e4/badges
Athira,,A V,1,/users/athira-a-v/badges
Selvakumar,,M,2,/users/selvakumar-m.86ae499d/badges
SHAHANAZ,,NADIMIPALLI,2,/users/shahanaz-nadimipalli/badges
Samiksha,,Ganjane,1,/users/samiksha-ganjane/badges
rahul,,mishra,1,/users/rahul-mishra.0adef5e4/badges
Chozhaventhan,,Kalangiaraj,1,/users/chozhaventhan-kalangiaraj/badges
Tanishq,,Ahuja,1,/users/tanishq-ahuja/badges
Vaibhav,,Gunjkar,1,/users/vaibhav-gunjkar.dae9321a/badges
Princy,,Kumari,1,/users/princy-kumari.669593c6/badges
Suraj,,Singh,1,/users/suraj-singh.32c06e1d/badges
Arshad,,Mahemood Patel,1,/users/arshad-mahemood-patel/badges
Daragani,,Karthik goud,1,/users/daragani-karthik-goud/badges
Sohanjit,,Mallick,1,/users/sohanjit-mallick.f92c9a29/badges
Vivek,,Vishwakarma,1,/users/vivek-vishwakarma.ee344643/badges
Archana,,V A,1,/users/archana-v-a/badges
Gowtham Prapullakumar,,Pyate,1,/users/gowtham-prapullakumar-pyate/badges
Sanjana,,Shanbhag,1,/users/sanjana-shanbhag.65355600/badges
Kankana,,Dey,2,/users/kankana-dey/badges
Santhosh,,T K,1,/users/santhosh-t-k.f05fd78d/badges
Rutuja,,Dhavale,1,/users/rutuja-dhavale.06efc4d5/badges
Nithin,,Challa,1,/users/nithin-challa.5f141a80/badges
Tharigoppula,,Rajkumar,1,/users/tharigoppula-rajkumar/badges
Makasi,,Pavan Kumar,1,/users/makasi-pavan-kumar/badges
Vijay,,Chinchkhede,1,/users/vijay-chinchkhede/badges
Jamestar,,Kurbah,1,/users/jamestar-kurbah/badges
Krishna,,Chaithanya,2,/users/krishna-chaithanya.104d8b9c/badges
Ankit,,Gupta,2,/users/ankit-gupta.c19d161c/badges
Rohit,,Goyal,2,/users/rohit.goyal/badges
Abriti,,Ghosh,1,/users/abriti-ghosh.2b98e57c/badges
K P Balaji,,Reddy,1,/users/k-p-balaji-reddy/badges
Sai,,Eswar,1,/users/sai-eswar.64928748/badges
Rahul,,Debnath,1,/users/rahul-debnath.6471c954/badges
Jaswanth,,Marni,1,/users/jaswanth-marni.c24b1894/badges
Khanaka,,Vijayasarangan,2,/users/khanaka-vijayasarangan/badges
Amit,,Trika,1,/users/amit-trika/badges
Pushkar,,Taralekar,1,/users/pushkar-taralekar.de4afdb5/badges
Avishka,,Katiyar,1,/users/avishka-katiyar/badges
deepak,,porwal,4,/users/deepak-porwal.0976f059/badges
Nirmal,,Theresa,1,/users/nirmal-theresa/badges
Mohit,,Rathee,1,/users/mohitrathee051/badges
MEDAKOKKULA,,SHIVATEJA,2,/users/medakokkula-shivateja/badges
Shantanu,,Pant,1,/users/shantanu-pant.0bb93792/badges
Venkata Sai P,,Bhamidipati,1,/users/venkata-sai-p-bhamidipati/badges
Jaikumar,,Ramanujam,1,/users/jaikumar-ramanujam.5a4b67f9/badges
Sandeep,,Jangiti,1,/users/sandeep-jangiti/badges
Anik,,Dakua,2,/users/anik03/badges
T N M Srinadh,,Vura,1,/users/t-n-m-srinadh-vura.2f4827b1/badges
kalyani,,lekkala,2,/users/kalyani-lekkala/badges
Shiva,,Kumaraswamy,1,/users/shiva-kumaraswamy/badges
Aazib,,Khan,1,/users/aazib-khan.7f67b5df/badges
Dipal,,Vashi,1,/users/dipal-vashi.bb430e70/badges
Kuldeep,,Singh,1,/users/kuldeep-singh.8cceb46b/badges
Raghu,,S,2,/users/raghu-s.7d91b23f/badges
Thangaamirtharaja,,V,1,/users/thangaamirtharaja-v/badges
Shivam,,Shukla,1,/users/shivam-shukla.32961071/badges
Bhagyashree,,Date,1,/users/bhagyashree-date.7bf7f857/badges
Balasubramanian,,T M,2,/users/balasubramanian-t-m.d101ed05/badges
NIMMALA,,PAVAN KUMAR,1,/users/nimmala-pavan-kumar/badges
Aarcha S,,Sreevidhya,1,/users/aarcha-s-sreevidhya.312a0624/badges
Nagendra,,Kumar,1,/users/nagendra-kumar.ac75fe2c/badges
Priyanka,,Singh,1,/users/priyanka-singh.dd10d733/badges
Navinchander,,Dhanavanthan,1,/users/navinchander-dhanavanthan.a6dd7d53/badges
Sonal,,Kokane,1,/users/sonal-kokane.c00f18cd/badges
Kumar,,Aprameya,1,/users/kumar-aprameya.3a98b0aa/badges
AKSHAY,,KADALI (RA2211003011454),1,/users/akshay-kadali-ra2211003011454/badges
Pramada,,Rao,2,/users/pramada-rao/badges
Rahul,,Ojha,1,/users/rahul-ojha.02b99b6d/badges
Hanamant,,Karoli,1,/users/hanamant-karoli/badges
THARIGA SHRINITHI,,R,1,/users/thariga-shrinithi-r/badges
Naveen,,Kalyan,1,/users/naveen-kalyan/badges
Police,,Hemanth Kumar Reddy,2,/users/police-hemanth-kumar-reddy.9f7f64a6/badges
Vinoth,,Manivel,1,/users/vinoth-manivel/badges
DURGA,,S,1,/users/durga-s.a098be2a/badges
Pranav,,Jadhav,1,/users/pranav-jadhav.f3677eb6/badges
Sayantan,,Ghosh,1,/users/sayantan-ghosh.4ca48265/badges
Sugumar,,Ramappa,2,/users/sugumar-ramappa/badges
Pooja,,Kumari,1,/users/pooja-kumari.073ca617/badges
Thulasi,,K A,1,/users/thulasi-k-a/badges
PALANI,,SELVAM V,2,/users/palani-selvam-v.4a8179bc/badges
Pradeep,,Kumar,1,/users/pradeepidl/badges
Sathish,,G,1,/users/sathish-g.9848ec03/badges
Parameshu,,Komati,1,/users/parameshu-komati.37e94b50/badges
Yasar Arafath,,N,1,/users/yasar-arafath-n/badges
Gourav,,Bhuyan,1,/users/gourav-bhuyan/badges
Rakesh,,Pranav,1,/users/rakesh-pranav/badges
Shankar,,Pilli,1,/users/shankar-pilli.f2024d27/badges
Vivekkumar,,Majithiya,1,/users/vivekkumar-majithiya/badges
Dhiraviyam,,L,1,/users/dhiraviyam-l.82f5ace5/badges
apuroop,,k,2,/users/apuroop-k.324349ff/badges
sakalabhaktula,,saitejesh,2,/users/sakalabhaktula-saitejesh.825235a4/badges
Abhi,,Gupta,1,/users/abhi-gupta.3b995c3e/badges
Sriram,,Ramaswamy Thiruvengadam,1,/users/sriram-ramaswamy-thiruvengadam/badges
Vasantha,,Devanathan,1,/users/vasantha-devanathan/badges
Sofia,,Goel,1,/users/sofia-goel.975059f5/badges
Abinaya,,.,1,/users/abinaya.9c3e00fc/badges
CHAKILAM,,SAMHITHA,1,/users/chakilam-samhitha/badges
ASWIN,,N,1,/users/aswin-n.e3a809f1/badges
JERIN,,JACOB,1,/users/jerin-jacob.ef9b43dd/badges
Srihith Reddy,,Siddareddy,1,/users/srihith-reddy-siddareddy.7f410ba8/badges
Subhasish,,Biswasaray,1,/users/subhasish-biswasaray/badges
NISHA,,KALIYAMOORTHY,1,/users/nishai-kaliyamoorthy/badges
sandeep,,prabha,1,/users/sandeep-prabha/badges
Abhishek,,Singh,1,/users/abhishek-singh.afe4c14f/badges
Ajinkya,,Mohite,1,/users/ajinkya-mohite.4e904f6d/badges
Sumati,,Verma,1,/users/sumati-verma/badges
PRAVAT,,JANA,1,/users/pravat-jana/badges
Ananya,,Raula,1,/users/ananyaraula/badges
Khalid,,Habib,2,/users/khalid-habib.1d609d5c/badges
anil kumar,,jyothula,1,/users/anil-kumar-jyothula/badges
Sawan,,Jha,1,/users/sawan-jha/badges
Saravanan,,M,2,/users/saravanan-m.8477a41b/badges
Vishal,,Jadhav,1,/users/vishal-jadhav.bcdb21e6/badges
Sagar,,Kathe,1,/users/sagar-kathe.7b119992/badges
Aravind,,kumar D,2,/users/aravind-kumar-d.d902afa5/badges
Aayush,,Harsola,1,/users/aayush-harsola.3d9ab4f7/badges
Raghuram,,N,2,/users/raghuram-n.65a0eb56/badges
VANI,,KRISHNAN,2,/users/vani-krishnan.390cfb73/badges
Gautam,,Muddana,1,/users/gautam-muddana/badges
varunkumar,,sekar,1,/users/varunkumar-sekar.7f630f96/badges
tejaswini,,kasula,1,/users/tejaswini-kasula/badges
Ankleshwar,,Tiwari,1,/users/ankleshwar-tiwari/badges
Anish,,K M,1,/users/anish-k-m.21f547e8/badges
YASHASHVI,,SINGH,1,/users/yashashvi-singh.f9e00078/badges
Jaikishan,,Balwani,1,/users/jaikishan-balwani/badges
Priya,,.,1,/users/priya.82df7b3a/badges
Avadhesh,,Yadav,1,/users/avadhesh-4444/badges
SUNKARA CHAITANYA,,SAI BHASKAR,1,/users/sunkara-chaitanya-sai-bhaskar.0fe26528/badges
Abhishek,,Rakshit,2,/users/abhishek-rakshit.30a8861a/badges
Lavanya,,Kantipudi,2,/users/lavanya-kantipudi/badges
Karthick,,Jothiraman,2,/users/karthick-jothiraman/badges
Gowtham,,T,1,/users/gowtham-t.ec8222f4/badges
Adarsh,,Amrit,1,/users/adarsh-amrit/badges
Khyati,,Maru,1,/users/khyati-maru.2e61a07c/badges
Aravindan B,,BALAMURUGAN,2,/users/aravindan-b-balamurugan/badges
Aravinthkumar,,B,1,/users/aravinthkumar-b.78fdade8/badges
Rohit,,Shaw,1,/users/rohit-shaw.f71539ae/badges
Preethi,,Harold Jayakumar,2,/users/preethi-harold-jayakumar.11786464/badges
Lakshna,,S,1,/users/lakshna-s/badges
himanshu,,kumar,1,/users/himanshu-kumar.1ad30953/badges
Jophin,,John,1,/users/jophin-john/badges
Sriya,,Gaddam,1,/users/sriya-gaddam/badges
Aanchal,,Gupta,1,/users/aanchal-gupta.53c75fab/badges
Hariharan,,Deenadayalan,1,/users/hariharan-deenadayalan/badges
Bharath Kumar,,P,1,/users/bharath-kumar-p.39c93b8f/badges
Ganapathy,,T,1,/users/ganapathy-t.04196fcd/badges
Babaiahgari,,Hemanth Reddy,2,/users/babaiahgari-hemanth-reddy.12688c0e/badges
Ankit,,Sewadik,1,/users/ankit-sewadik.594fcc9c/badges
Pakalapati,,Archana,1,/users/pakalapati-archana/badges
Dandasi,,Shareen,2,/users/dandasi-shareen/badges
Putakala,,Naga Venkata Rakesh,2,/users/rakesh_putakala/badges
HEMALATHA,,S,1,/users/hemalatha-s.20be0cb7/badges
Venkata Srinivasa Reddy,,Gurrala,1,/users/venkata-srinivasa-reddy-gurrala.8fbebdf8/badges
Chandan,,Mishra,1,/users/chandan-mishra.8afd9d0b/badges
Gitansh,,Pise,1,/users/gitansh-pise.2ce3c9f6/badges
Prakash,,K,1,/users/prakash-k.ebc1c7c4/badges
Apoorva,,S,1,/users/apoorva-s.55019a64/badges
Harish,,Satagopam,2,/users/harish-satagopam/badges
Aditya,,Das,2,/users/aditya-das.2c50d79f/badges
RAGASHREE R,,Rajamanickam,1,/users/ragashree-r-rajamanickam/badges
PAVITRAA,,D S B,1,/users/pavitraa-d-s-b.fce41edf/badges
Sreejaa,,Vidyasagar,2,/users/sreejaa-vidyasagar/badges
Aashrith,,Bulusu,1,/users/aashrith-bulusu/badges
LIYA MANUSREE,,YARLAGADDA,1,/users/liya-manusree-yarlagadda.cf344f54/badges
Udyan,,Trivedi,2,/users/udyan-trivedi/badges
Priyanka,,Kadam,1,/users/priyanka-kadam.1a235283/badges
Avinash,,Kumar,2,/users/avinash-kumar.66808327/badges
VAIBHAV,,SHINDE,2,/users/vaibhav-shinde.0f64547f/badges
YOHESH,,RAJAGOPAL (RA2211003011840),1,/users/yohesh-rajagopal-ra2211003011840/badges
Aditya,,Sakhare,1,/users/aditya-sakhare.150fda24/badges
Anjana,,MV,1,/users/anjana-mv.5a119f8a/badges
shruti,,khadse,1,/users/shruti-khadse/badges
SWETHA,,V,2,/users/swetha-v.4c936ea6/badges
Aditi,,Kulkarni,1,/users/aditi-kulkarni.a51513d0/badges
Gayatri,,Bhagat,1,/users/gayatri-bhagat.7cb529a4/badges
PRAYAS RAJ,,MAHAPATRO,2,/users/prayas-raj-mahapatro/badges
Vikranth,,P,1,/users/vikranth-p.d1b031c0/badges
Himanshu,,Dhoundiyal,1,/users/himanshu-dhoundiyal/badges
KRISH,,GOYAL,2,/users/krish-goyal.c00adce1/badges
Soumojit,,Das,1,/users/soumojit-das.5ab379fd/badges
Samyuktha,,Rajasekaran,2,/users/samyuktha-rajasekaran/badges
vinay,,rayudu,2,/users/vinay-rayudu/badges
harish,,varadarajan,1,/users/harish-varadarajan.6d3c514d/badges
Siva Prakash,,P,1,/users/siva-prakash-p.0413d002/badges
Sahadev,,Murmu,1,/users/sahadev-murmu.a7a71ece/badges
Akanksha,,Srivastava,1,/users/akanksha-srivastava.84cbfabb/badges
Akhila,,Medara,1,/users/akhila-medara/badges
Niranjani,,Srinivasavibhu,1,/users/niranjani-srinivasavibhu/badges
ATHIRA,,S,2,/users/athira-s.d5d5e177/badges
Ramesh,,Hiremath,1,/users/ramesh-hiremath.4301f3bb/badges
Sai Chinmay,,Tripurari,1,/users/sai-chinmay-tripurari/badges
Vignesh,,P,1,/users/vignesh-p.105e54a0/badges
Manikanta,,Cheruku,2,/users/manikanta-cheruku.42ce98fd/badges
Bramarambica,,Bukkana,1,/users/bramarambica-bukkana/badges
Muzammil,,.,2,/users/muzammil.59639243/badges
Sudheer,,Uggina,3,/users/sudheer-uggina.fa7b615d/badges
Ramswaroop,,Padhy,1,/users/ramswaroop-padhy.dcdb2111/badges
Duraivignes,,T,2,/users/duraivignes-t/badges
Yuvasrilakshmi,,Putta,2,/users/yuvasrilakshmi-putta.acb42275/badges
Santhosh Raja,,P,1,/users/santhosh-raja-p/badges
Ajit,,Maske,1,/users/ajit-maske/badges
Aswathy,,Chandran,1,/users/aswathy-chandran.7b19aee6/badges
Jaya,,saravanan,1,/users/jaya-saravanan/badges
A,,Harshith,1,/users/a-harshith/badges
Subhodeep,,Basak,2,/users/subhodeep-basak.3bd7a0a6/badges
Sam,,Anderson Y,1,/users/sam-anderson-y/badges
Kirrtanaa,,Megavarnam,2,/users/kirrtanaa-megavarnam/badges
Afrin,,Parween,1,/users/afrin-parween/badges
arvind,,sharma,1,/users/arvind-sharma.6bb22259/badges
Ashok,,Chacko,1,/users/ashok-chacko/badges
Ravi,,Rathour,3,/users/ravi-rathour.9f0d18fe/badges
Architha Sree,,L K,1,/users/architha-sree-l-k/badges
Vikrant,,Shinde,2,/users/vikrant-shinde.76280ecb/badges
CHITRIKA,,B S,1,/users/chitrika-b-s/badges
Polani,,Veenadhari,1,/users/polani-veenadhari/badges
Gunnam Sai,,Saketh Ram,1,/users/gunnam-sai-saketh-ram/badges
Tushar,,Dhiman,1,/users/tushar-dhiman.9c715ed9/badges
Cruz Stephen Raj,,M,1,/users/cruz-stephen-raj-m/badges
Kaluva,,Sravani,1,/users/kaluva-sravani/badges
Bithika,,Paul Patra,1,/users/bithika-paul-patra/badges
Sabarigiri,,K,1,/users/sabarigiri-k/badges
Tejaswi,,Nalumasu,1,/users/tejaswi-nalumasu/badges
Namrata,,Thakur,1,/users/namrata-thakur.9332c6b7/badges
Vaibhav,,Kumar,1,/users/vaibhavkumar/badges
Priyranjan,,Kumar,1,/users/priyesranjan/badges
AkashBalaji,,Ayyappan,1,/users/akashbalaji-ayyappan/badges
manushi,,srivastava,1,/users/manushi-srivastava/badges
Sagar,,Vadnere,2,/users/sagar-vadnere/badges
Gongati,,Abhi,2,/users/gongati-abhi/badges
Abilash,,Kannah,1,/users/abilash-kannah/badges
Aashika,,M,1,/users/aashika-m.613e1f1f/badges
Sunil,,Kumar Singh,1,/users/sunil-kumar-singh.3fe1bfef/badges
Ram,,Naidu,2,/users/ram-naidu.0ad2bdf1/badges
pavan,,kalyan,2,/users/pavan-kalyan.73b15ebe/badges
Aishwarya,,Joshi,1,/users/aishwarya-joshi.5a062b48/badges
Yogesh,,Vishwakarma,1,/users/yogesh-vishwakarma.2a6617ed/badges
BIKU,,BHAVAYA,1,/users/biku-bhavaya/badges
Puja,,Saha,1,/users/puja-saha.09d2c4a3/badges
Harshit,,Waldia,1,/users/harshit-waldia/badges
ashish,,srivastava,1,/users/ashish-srivastava.eb8f2b5e/badges
GALSAM CHAKRADHAR,,REDDY,1,/users/galsam-chakradhar-reddy/badges
SAI PAVAN,,SIRIPURAM,1,/users/sai-pavan-siripuram.5323ec8b/badges
Sushree,,Priyadarshini,1,/users/sushree-priyadarshini.a73b3c98/badges
Chinni,,Anurag,1,/users/chinni-anurag.174949f0/badges
Bhavadesh,,Denaboina,1,/users/bhavadesh-denaboina.eafefc39/badges
Gajula,,Priyanka,1,/users/gajula-priyanka.4651f563/badges
veena,,wilson,1,/users/veena-wilson.649330ec/badges
Kodamanchili,,Navya,1,/users/kodamanchili-navya.7135b6d1/badges
Deltus Baselios,,Paul,2,/users/deltus-baselios-paul/badges
Surya Teja,,Vendra,1,/users/surya-teja-vendra/badges
Hasith,,Chodisetty,2,/users/hasith-chodisetty/badges
Kirubhananth,,Chellam,1,/users/kirubhananth-chellam/badges
NARESHGANAPATHY,,A,1,/users/nareshganapathy-a/badges
sagar,,uppar,1,/users/sagar-uppar/badges
saitheja,,manchekatla,1,/users/saitheja-manchekatla/badges
Shivakant,,Mishra,1,/users/shivakant-mishra/badges
Radhika,,Gulhane,1,/users/radhika-gulhane.057244f8/badges
Madhu,,Gowda A,1,/users/madhu-gowda-a/badges
ankit,,mishra,1,/users/ankit-mishra.a090bc17/badges
Gowtham,,B,2,/users/gowtham-b.f93f3e74/badges
swapneel,,kedari,1,/users/swapneel-kedari/badges
Hari,,Sapa,1,/users/hari-sapa/badges
Desai Dheeraj,,Kumar,1,/users/desai-dheeraj-kumar/badges
VETRIVEL,,SANTHANAM,1,/users/vetrivel-santhanam/badges
Ravikumar,,Pathirappan,2,/users/ravikumar-pathirappan/badges
Mohana,,A,1,/users/mohana-a.534fc316/badges
MOULIKASRI,,S S,1,/users/moulikasri-s-s.4ecc7cc7/badges
Samarth,,H M,1,/users/samarth-h-m/badges
Kotari,,Tukaram,1,/users/kotari-tukaram.de1dbe78/badges
Eega,,Tejaswini,2,/users/eega-tejaswini/badges
Narender Singh,,Flora,1,/users/narender-singh-flora/badges
Vivek,,Gupta,1,/users/vivek-gupta.1273add6/badges
Polaki,,Patro,1,/users/polaki-patro/badges
Ayan,,Mulaskar,2,/users/ayan-mulaskar/badges
Dipti,,Gandhi,1,/users/dipti-gandhi.ff1b0124/badges
Vikas,,Vijayan,1,/users/vikas-vijayan.0a9fa0fb/badges
Keerthana,,Kakarla,1,/users/keerthana-kakarla.3cdefe4d/badges
Dhanshree,,Shimpi,2,/users/dhanshree-shimpi/badges
Kukutla,,Jaipal Reddy,1,/users/kukutla-jaipal-reddy/badges
SAI varshith,,GANGISETTY,1,/users/sai-gangisetty-ra2211026010151/badges
Suksham,,Raina,1,/users/suksham-raina/badges
HARSH,,VERMA,1,/users/harsh-verma.ca0ba30f/badges
Akshay,,Lungare,1,/users/akshay-lungare/badges
Prasad,,Munusamy,2,/users/prasad-munusamy/badges
Mangina,,Venkata Kiran,1,/users/mangina-venkata-kiran.42877b74/badges
Divine,,Kosmos,1,/users/divine-kosmos/badges
Subhadeep,,Dey,1,/users/subhadeep-dey/badges
Abhishek,,DESHMUKH,1,/users/abhishek-deshmukh.924e675a/badges
Sunayan,,Thakur,1,/users/sunayan-thakur.56b40a43/badges
Deepak Kumar,,Gurusamy,1,/users/deepak-kumar-gurusamy/badges
lordson,,David,1,/users/lordson-david/badges
Sarath Kumar,,Goka,3,/users/sarath-kumar-goka/badges
Abhishek,,Kumar,1,/users/abhishek-kumar.5846e9b3/badges
Subhadeep,,Bhadra,1,/users/subhadeep-bhadra.a8f0c710/badges
DOREDLA,,SATYANARAYANA,1,/users/doredla-satyanarayana/badges
ARJUN,,E M,1,/users/arjun-em/badges
DEEPAK,,KUMAR,1,/users/deepak-kumar.c4bc94b8/badges
Sruthi,,Sagar,1,/users/sruthi-sagar/badges
PAVITHRA,,A,1,/users/pavithra-a.aaf18db4/badges
Parag,,Patil,2,/users/parag-patil.a95e0071/badges
Pronay,,Roy,1,/users/pronay-roy/badges
Soniya,,Gupta,1,/users/soniya-gupta.83570e24/badges
Anurag,,Kumar,1,/users/anurag-kumar.1b68aa2f/badges
Anush,,Kumar,1,/users/anush-kumar.2b0f3309/badges
Mohd Rashid,,Ansari,1,/users/mohd-rashid-ansari.03c582ee/badges
Shivam,,Trisal,1,/users/shivam-trisal.74fccf4b/badges
Ishfaq,,Maknoo,1,/users/ishfaq-maknoo/badges
Dharneesh,,N,1,/users/dharneesh-n/badges
Shine,,Joseph E,1,/users/shine-joseph-e.f7ecdc64/badges
Vinay,,Kumaar Balde,1,/users/vinay-kumaar.6dc5e0f3/badges
Anuja,,VK,1,/users/anuja-vk/badges
Vidhya,,M,1,/users/vidhya-m.61a0de80/badges
Neha,,Shinkre,1,/users/neha-shinkre/badges
K LAXMI KANTH,,REDDY,2,/users/k-laxmi-kanth-reddy/badges
Thangamarimuthu,,K,1,/users/thangamarimuthu-k/badges
Vishal,,Chaudhary,1,/users/vishal-chaudhary.ecf58315/badges
Reon,,Antony,1,/users/reon-antony/badges
Ganesh,,Burugupalli,1,/users/ganesh-burugupalli.09f4b413/badges
Ezhilane,,P,1,/users/ezhilane-p/badges
Vivek,,Modamparambath,1,/users/vivek-modamparambath/badges
Konduru,,Anusha,1,/users/konduru-anusha/badges
Rahul,,Verma,1,/users/rahul-verma.9249dda9/badges
Anuj,,Jain,1,/users/anuj-jain.aa732b8b/badges
Zoheb,,Hussain,1,/users/zoheb-hussain.f3bfafe7/badges
Priyadharshini,,Asokan,1,/users/priyadharshini-asokan/badges
Archisman,,Hes,1,/users/archisman-hes.b7865502/badges
Ferrin,,G,1,/users/ferrin-g/badges
Cynthia,,S,1,/users/cynthia-s.2f2cb17d/badges
Sreejith,,K,1,/users/sreejith-k.2f281069/badges
Adwaith,,Rajeev,1,/users/adwaith-rajeev.7e31fc3e/badges
Gowrinath,,Chilukuri,1,/users/gowrinath-chilukuri/badges
Rakesh,,Pawar,1,/users/rakesh-pawar.a0b9aeed/badges
Debanjana,,Sen,1,/users/debanjana-sen.18b31928/badges
Amar,,Waghmare,1,/users/amar-waghmare/badges
Jaanvi,,Dhariwal,1,/users/jaanvi-dhariwal/badges
Reddamma,,Kummitha,1,/users/reddamma-kummitha/badges
Snehil,,Sahu,1,/users/snehil-sahu/badges
Vijayamahantesh,,Nalatawad,2,/users/vijayamahantesh-nalatawad/badges
Gaurav,,Kumar,1,/users/gaurav-kumar.3864e56b/badges
sudha,,amsole,1,/users/sudha-amsole/badges
Ankur,,Walia,2,/users/ankur-walia.51858cda/badges
Ashish,,Kumar Gupta,1,/users/ashish-kumar-gupta.a28d05ab/badges
Aryan,,Sinha,1,/users/aryan-sinha.b461fc5f/badges
Sagar,,Singh,3,/users/sagar-singh.22e1f2a0/badges
NIKHIL,,KUMAR VISHWAKARMA,2,/users/nikhil-kumar-vishwakarma/badges
Ayyagari,,Sri Harsha,1,/users/ayyagari-sri-harsha/badges
Munirathnakumar,,Sivaramakrishnan,2,/users/munirathnakumar-sivaramakrishnan/badges
Aswathi,,Sankar,1,/users/aswathi-sankar/badges
Vamshi,,Jinkala,1,/users/vamshi-jinkala/badges
Bhavana,,Bande,1,/users/bhavana-bande/badges
Shivangi,,Paharia,1,/users/shivangi-paharia/badges
Vishwasya,,Sandagalla,1,/users/vishwasya-sandagalla/badges
anoushka,,sud,1,/users/anoushka-sud/badges
Mulam,,Yochitha,1,/users/mulam-yochitha/badges
Varun,,Kumar R,1,/users/varun.kumar/badges
Lab,,Dutta,1,/users/lab-dutta/badges
Preeti,,Honawad,1,/users/preeti-honawad/badges
Ashiq,,Shahansha,2,/users/ashiq-shahansha.8f87273d/badges
Surya prakash reddy,,Kopparthi,2,/users/surya-prakash-reddy-kopparthi/badges
Aritra,,Paul,1,/users/aritra-paul.69350123/badges
Rajeev,,Bettalingegowda,1,/users/rajeev-bettalingegowda.b1df66be/badges
Brajveer,,Singh,1,/users/brajveer-singh.c50ea088/badges
Kothakonda,,Adithya,1,/users/kothakonda-adithya/badges
Mohd Wajahatraza,,Pathan,1,/users/mohd-wajahatraza-pathan/badges
Anbarasan,,V,1,/users/anbarasan-v/badges
Dhananchezhiyan,,G,2,/users/dhananchezhiyan-g.a4647ee0/badges
Mahadeva,,Shindhe,1,/users/mahadeva-shindhe.c073a9ac/badges
Gagan,,S,1,/users/gagan-s.e11a6ab5/badges
Sumanth,,Nagaseva,1,/users/sumanth-nagaseva/badges
Doni,,Joy,1,/users/doni-joy.dcf2968a/badges
Praveen,,R,1,/users/praveen-r.8847f067/badges
Logesh,,SD,1,/users/logesh-sd.49056b8a/badges
Rejin,,V,1,/users/rejin-v.3ec33896/badges
Prashant,,Roundal,1,/users/prashant-roundal.d65d8949/badges
LahariSai,,Para,1,/users/laharisai-para/badges
Harshada,,Salaskar,2,/users/harshada-salaskar/badges
Vishwajeet,,Karna,1,/users/vishwajeet-karna/badges
Prakashraj,,P,1,/users/prakashraj-p.457a16ce/badges
Tejaswini,,.,1,/users/tejaswini.d24436d0/badges
Parvathy,,Pramod,1,/users/parvathy-pramod/badges
Monish,,Kanna,1,/users/monish-kanna.71cfaed1/badges
George,,Francis,1,/users/george-francis.cd980647/badges
Premanath Reddy,,LAKSHMIREDDYGARI,2,/users/premanath-reddy-lakshmireddygari/badges
Tarun,,Aghara,1,/users/tarun.aghara/badges
Praveen,,Gupta,1,/users/praveen-gupta.2ed76101/badges
Bhanu Pratap,,Singh,1,/users/bhanu-pratap-singh.4580945f/badges
Akash,,Gaikwad,1,/users/akash-gaikwad.49768205/badges
Aparna,,Thomas,1,/users/aparna-thomas.dd7874d6/badges
Vikash,,Rathod,1,/users/vikas-rathod.e7c3eb9a/badges
anup,,khanke,1,/users/anup-khanke/badges
Vidya,,Y,1,/users/vidya-y/badges
karanam,,sekhar,2,/users/karanam-sekhar/badges
Sreereshmi,,JS,1,/users/sreereshmi-js/badges
Kothagundla,,Tijilesh,1,/users/kothagundla-tijilesh.9b49e80d/badges
Jagruti,,Harne,1,/users/jagruti-harne/badges
Vignesh,,Ravichandran,1,/users/vignesh-ravichandran.8bb8d7b1/badges
Sathish,,Midde,1,/users/sathish-midde/badges
Kankana,,Dutta,1,/users/kankana-dutta.7ea8d4a5/badges
sonu,,kumar,1,/users/sonu-kumar.365eb529/badges
CHAITANYA KUMAR,,MUSUNURU,1,/users/chaitanya-kumar-musunuru/badges
Vanshika,,Pringle,1,/users/vanshika-pringle.060dc90d/badges
Arjun,,V K,1,/users/arjun-v-k.fbdf3637/badges
Kavitha,,Mathivanan,1,/users/kavitha-mathivanan.6dcff004/badges
Lokeshwari,,B,1,/users/lokeshwari-b.99b20a18/badges
Jannu,,Janani,1,/users/jannu-janani/badges
Aryan,,Yadav,2,/users/aryan-yadav.a5a96985/badges
Sruthy,,Sreekumar,1,/users/sruthy-sreekumar.032109e8/badges
Sravani,,Kaipu,2,/users/sravani-kaipu.0137d281/badges
Sri Nanda,,Nagaboyina,1,/users/sri-nanda-nagaboyina.0ffffacf/badges
Utkarsh,,Bhargava,1,/users/utkarsh-bhargava.6ac3036e/badges
Harsh,,Harsh,1,/users/harsh-harsh.3d752c28/badges
Sheelu,,Surbhi,2,/users/sheelu-surbhi/badges
Kunal,,singh,1,/users/kunal-singh.f34b5124/badges
Sai Kumar,,Nanganoor,2,/users/sai-kumar-nanganoor.b9b368f1/badges
ANAS,,KHAN,1,/users/anas-khan.814fa9cd/badges
Pragya,,Kashyap,1,/users/pragya-kashyap/badges
Nikunj,,Mehta,1,/users/nikunj-mehta.10a2a200/badges
Shifali,,Sharma,1,/users/shifali-sharma.2f70142d/badges
Kammari,,Gurusanthosh,1,/users/kammari-gurusanthosh/badges
Chimaladinne,,Neelima sandya,2,/users/chimaladinne-neelima-sandya/badges
SIVA SAI,,SANTHI SWAROOP,1,/users/siva-sai-santhi-swaroop/badges
Krishna Kumar,,Gupta,1,/users/krishna-kumar-gupta.381491e7/badges
Pooja,,Katkar,1,/users/pooja-katkar.be39a7af/badges
bharath,,reddy,2,/users/bharath-reddy.2062fb05/badges
Ashish,,Rawat,1,/users/ashish9342/badges
Ganesh,Gopal,Gudeli,3,/users/nidhi-daga/badges
satya,,kantubothu,1,/users/satya-kantubothu/badges
Rajesh Kumar,,Ganesh Kumar,1,/users/rajesh-kumar-ganesh-kumar/badges
Ankit,,Kumar,1,/users/ankit-kumar.6c82602a/badges
Renganathan,,Rajagopalan,1,/users/renganathan-rajagopalan/badges
Shreeram,,Sharma,1,/users/shreeram-sharma.5f5795a7/badges
Gudimelli,,Catherin Sowgandhika,1,/users/gudimelli-catherin-sowgandhika.91022335/badges
Namrata,,Dhamale,1,/users/namrata-dhamale/badges
Ritesh,,Sadh,2,/users/ritesh-sadh/badges
Arava,,Anuja,1,/users/arava-anuja.4068df59/badges
Pankaj,,Dhiman,1,/users/pankaj-dhiman.5aef7170/badges
Nilay,,Neve,1,/users/nilay-neve/badges
Karthik,,Veeram Reddygari,1,/users/karthik-veeram-reddygari/badges
Avadhoot,,Dhere,1,/users/avadhoot-dhere/badges
Porkodi,,S,2,/users/porkodi-s.3003e3f6/badges
Dhananjai Pai Madathiparambil,,Viswanathan,1,/users/dhananjaipai/badges
PAIDAKULA,,SRIKANTH,1,/users/paidakula-srikanth.7c34725f/badges
Hritik,,Ranjan,1,/users/hritik-ranjan.586b46d7/badges
Vipul,,Maurya,2,/users/vipul-maurya.796240ec/badges
Sanskar,,Jonnalagadda,1,/users/sanskar-jonnalagadda/badges
Sikhakolli,,Srinivas,1,/users/sikhakolli-srinivas/badges
Sharon,,Robert,2,/users/sharon-robert/badges
Piyush,,Verma,1,/users/piyush-verma.4d7f1241/badges
KODIMELA,SAI,VARDHAN,1,/users/kodimelasaivardhan/badges
MARTHALA,,Guru Mohan Reddy,1,/users/marthala-guru-mohan-reddy/badges
Subhadip,,Chatterjee,1,/users/subhadip-chatterjee.79c6e5ab/badges
Sanjay,,Yelkote,1,/users/sanjay-yelkote/badges
Sonika,,Pillai,1,/users/sonika-pillai/badges
Deepika,,S,1,/users/deepika-s.f22f51a1/badges
Usha,,Gudupudi,1,/users/usha-gudupudi/badges
Naveen Kumar Reddy,,Siramma,1,/users/naveen-kumar-reddy-siramma/badges
Shaily,,Chauhan,1,/users/shaily-chauhan/badges
Saravanan,,Sabarethinam,1,/users/saravanan-sabarethinam/badges
Shubham,,Saurav,1,/users/shubham-saurav.1dfadb3e/badges
Sravan Kumar,,Duggirala,1,/users/sravan-kumar-duggirala.f3b63ea7/badges
Abhijit,,Mishra,1,/users/abhijit-mishra.e6688eb6/badges
Kumar Kalpadiptya,,Roy,1,/users/kumar-kalpadiptya-roy/badges
Jayaraj,,Sankar,2,/users/jayaraj-sankar/badges
Tarun,,Reddy,1,/users/tarun-reddy.b64d8f1c/badges
Abhinav,,Singh,1,/users/abhinav-singh.cf46253c/badges
Jaskirat,,Kaur,1,/users/jaskirat-kaur.dbfe7be6/badges
Rohit,,Jibhakate,1,/users/rohit-jibhakate/badges
subudhi,,amrutha,1,/users/subudhi-amrutha/badges
Rahul,,Singh,1,/users/rahul-singh.996e04d7/badges
Aman,,Tomar,1,/users/aman-tomar.77547d57/badges
Vignesh,,R,1,/users/vignesh-r.f3556c22/badges
Lakshya,,katara,2,/users/lakshya-katara/badges
Abhishek,,Kumar Gupta,2,/users/abhishek-kumar-gupta.ee9d26e5/badges
Harshapriya,,Gunnabathula,2,/users/harshapriya-gunnabathula.66882569/badges
Gunavarshini,,S,2,/users/gunavarshini-s.f58f8310/badges
Buchireddypalli,,Koushik,2,/users/buchireddypalli-koushik/badges
Shubham,,Todkar,1,/users/shubham-todkar/badges
Akash,,Kumar,1,/users/akash-kumar.ae746f56/badges
Devi Sireesha,,Seru,2,/users/devi-sireesha-seru/badges
Arnab,,Banik,1,/users/arnab-banik.75b946d0/badges
Pawan,,Sharma,1,/users/pawan-sharma.2a87efb6/badges
Ganesh Kumar,,T N,1,/users/ganesh-kumar-t-n/badges
Karthikeyan,,Perumal,1,/users/karthikeyan-perumal.fdea93c6/badges
Kishore,,R,2,/users/kishore-r.fe30498f/badges
Karthik,,Venugopal,1,/users/karthik-venugopal.21c412b7/badges
GOURAB,,BANIK,1,/users/gourab-banik.48d9b3c5/badges
Daniel,,Joshua,1,/users/daniel-joshua.80dcaa22/badges
Kriti,,Kalita,1,/users/kriti-kalita.6fd40c67/badges
G Ashok,,Kumar,1,/users/g-ashok-kumar/badges
Mayank,,Maity,5,/users/mayank-maity/badges
Haribabu,,Ganga,1,/users/haribabu-ganga/badges
Pavan,,Marisetty,2,/users/pavan-marisetty/badges
Pavan kumar,,Kalam,2,/users/pavan-kumar-kalam/badges
Ravisankar,,D,2,/users/ravisankar-d/badges
Santhosh,,R,2,/users/santhosh-r.fc32cc94/badges
Sudha,,Prajapati,1,/users/sudha-prajapati.eed0d695/badges
Prakasha,,K,1,/users/prakasha-k.eda47e27/badges
Abhishek,,Esthala,1,/users/abhishek-esthala/badges
Lishma Sruthi,,Arunachalam,2,/users/lishma-sruthi-arunachalam/badges
Swapnamay,,Saha,2,/users/swapnamay-saha/badges
Subhra,Jyoti,Lahiri,2,/users/subhra-lahiri/badges
Golla,,Venkatesh,2,/users/golla-venkatesh/badges
Priya,,K,1,/users/priya-k.6a6a5695/badges
Shubhechchha,,Nikhare,1,/users/shubhechchha-nikhare/badges
AKASH,,JAIN,1,/users/akash-jain.1462e50b/badges
Sajin,,George,1,/users/sajin-george.0aae6661/badges
Ahalya,,Mandala,2,/users/ahalya-mandala.da407967/badges
saivamshi,,kottam,1,/users/saivamshi-kottam/badges
SANDEEP,,SHARMA,1,/users/sandeep_sharma/badges
Shakeb,,Alam,2,/users/shakeb-alam.6076855f/badges
Varun,,M,1,/users/varun-m.be779b34/badges
BIBHU PRASAD,,PRUSTY,2,/users/bibhu-prasad-prusty/badges
Nijil,,Chandran,1,/users/nijil-chandran/badges
mohammed,,noohu,1,/users/mohammed-noohu.65b65807/badges
Suyash,,Roy,1,/users/suyash-roy.e17d6ce7/badges
srinithin,,grandhi,2,/users/srinithin-grandhi/badges
Ahir,,Chattopadhyay,1,/users/ahir-chattopadhyay.1db599b1/badges
Sandeep,,Kumar,1,/users/sandeep-kumar.56892a6f/badges
Dheeraj,,Motwani,1,/users/dheeraj-motwani/badges
aswathy,,achu,1,/users/aswathy-achu.9dbc6532/badges
Narayan,,S.,5,/users/narayansahu/badges
Nidhi,,Singh,1,/users/nidhi-singh/badges
Prathit,,Bandopadhyay,1,/users/prathit-bandopadhyay.d4f0cd1e/badges
Pranjul,,Yaduvanshi,1,/users/pranjul-yaduvanshi/badges
Sarah,,Mathew,1,/users/sarah-mathew.f7ce291f/badges
Raghav,,Bucha,1,/users/raghav-bucha.ac7d0c22/badges
Koushik,,Thota,1,/users/koushik-thota.99b97033/badges
Pradeep,,Chauhan,1,/users/pradeep-chauhan.2265b203/badges
SANJANA,,SINGH,1,/users/sanjana-singh.6ffc19b0/badges
Balu,,Krishnan,1,/users/balu-krishnan.90874457/badges
SHOUNAK,,BASU,1,/users/shounak-basu.1855828b/badges
Ashutosh,,Swain,1,/users/ashutosh-swain.aa31f934/badges
Jinu,,John,2,/users/jinu-john.d5b6696f/badges
Shantanu,,Nautiyal,1,/users/shantanu-nautiyal/badges
Sandeep,,Krishnan,1,/users/sandeep-krishnan.01bceacf/badges
BOPPANA,,NAGA ARAVIND,1,/users/boppana-naga-aravind/badges
Paidakula,,Rahul,2,/users/paidakula-rahul/badges
Ameena,,Shaik,3,/users/ameena-shaik.7f9c7859/badges
Anukaran,,raj,1,/users/anukaran-raj.9ec4b274/badges
PRASANNAKUMAR REDDY,,GAVIREDDY,2,/users/prasannakumar-reddy-gavireddy/badges
Nimisha,,S,2,/users/nimisha-s.13975eb2/badges
Ajay,,Mallesh,3,/users/ajay-mallesh/badges
Poornima Devi,,Muthuramalingam,1,/users/poornima-devi-muthuramalingam/badges
Debolin,,Dhar,2,/users/debolin-dhar/badges
Sandeep,,Kushwaha,2,/users/sandeep-kushwaha.d0ba3c28/badges
Harshit Singh,,Kushwah,2,/users/harshit-singh-kushwah.f792e574/badges
Bhavesh,,Shelke,1,/users/bhavesh-shelke.fb2c358c/badges
Vinay Chandra,,Kotagiri,1,/users/vinay-chandra-kotagiri.76e52ca7/badges
Macharla,,Mohan Sri Vamsi,1,/users/macharla-mohan-sri-vamsi/badges
Priyanshi,,Toshniwal,1,/users/priyanshi-toshniwal.26402bc2/badges
Syed Ayaz,,Hussain Abidi,1,/users/syed-ayaz-hussain-abidi/badges
Vivek,,Tiwari,1,/users/vivek-tiwari.90bce566/badges
Rohit,,Mane,1,/users/rohit-mane.9805cd0f/badges
Sreeram,,Aakash,1,/users/sreeram-aakash.39e60349/badges
Aswin,,manikandan,2,/users/aswin-manikandan.a1e519e9/badges
Harsha Vardhan,,Sunkara,1,/users/harsha-vardhan-sunkara/badges
Harshit,,Vallamkonda,2,/users/harshit-vallamkonda/badges
T.,,Yasaswini,2,/users/t-yasaswini/badges
Arnav,,Munshi,1,/users/arnav-munshi/badges
Degala,,Lakshmi Priyanka,1,/users/degala-lakshmi-priyanka.a40d974a/badges
Isai,,Uday Kiran,2,/users/isai-uday-kiran/badges
Ayush,,Kumar,1,/users/ayush-kumar.5572df0c/badges
Ayyappan,,Sekaran,1,/users/ayyappan-sekaran/badges
Tarun Teja,,Anupoju,1,/users/tarun-teja-anupoju/badges
Keerthiharan,,Dhanasekaran,2,/users/keerthiharan-dhanasekaran.13ac4451/badges
REDDI,,LAKSHMI NARASIMHA,2,/users/reddi-lakshmi-narasimha/badges
Darshan,,Basava,1,/users/darshan-basava/badges
BOGGURU,,THEJASWINI,2,/users/bogguru-thejaswini/badges
Bhavya,,H P,1,/users/bhavya-h-p.7e9c08d4/badges
Pushpendra,,Sharma,1,/users/pushpendra-sharma.8a2958be/badges
Arijit,,Ghosh,1,/users/arijit-ghosh.973234c2/badges
Manoj,,Seth,1,/users/manoj-seth.c1939ece/badges
Akshat,,Jain,2,/users/akshat-jain.5a0e0c4a/badges
parameswara,,rebba,1,/users/parameswara-rebba.565dc99b/badges
Manoj,,Behera,1,/users/manoj-behera.a05b6c1d/badges
K N S,,Sri Harshith,1,/users/k-n-s-sri-harshith/badges
Nandhakumar,,S,1,/users/nandhakumar-s.a8b71636/badges
Avinash,,Badireddy,1,/users/avinash-badireddy/badges
JEEVANAND,,R,2,/users/jeevanand-r/badges
Pallavi,,Tarigonda,1,/users/pallavi-tarigonda/badges
Namburu,,Likhitha,1,/users/namburu-likhitha/badges
Hemanth Reddy,,Mukku,2,/users/hemanth-reddy-mukku/badges
Ritesh,,Sharma,1,/users/ritesh-sharma.03798599/badges
Bhupendra,,Solanki,2,/users/bhupendra-solanki.eee35cf7/badges
Soujanya,,Gollapapani,2,/users/soujanya-gollapapani/badges
Guda,,Paneendranath Reddy,2,/users/guda-paneendranath-reddy/badges
Rahul,,Kumar Mehta,2,/users/rahul-kumar-mehta.c0bd4e2f/badges
Swastik Tarun,,Palo,3,/users/swastik-tarun-palo/badges
ANKIT,,SHYAMJI PANDEY,1,/users/ankit-shyamji-pandey/badges
Shivali,,_,1,/users/shivali-_/badges
Uday,,Pandey,1,/users/uday-pandey.59ce7d6e/badges
Vishal,,Mane,1,/users/vishal-mane/badges
K,,DHEERAJ,1,/users/k-dheeraj/badges
RITESH,,YADAV,1,/users/ritesh-yadav.b6f45d67/badges
Ravy,,Srinivasan,4,/users/ravy-srinivasan.a48f82ce/badges
Afiya,,Ustad,2,/users/afiya-ustad/badges
Sajin,,Murali,1,/users/sajin-murali.10d9307b/badges
Balguri,,Vaishnavi,1,/users/balguri-vaishnavi/badges
Lakshya,,Kohli,1,/users/lakshya-kohli/badges
ganapati,,bhat,1,/users/ganapati-bhat.cd6d9e18/badges
GAUTHAM,,VENKATESAN (RA2211003010348),1,/users/gautham-venkatesan-ra2211003010348/badges
SREESAILAM,,LAKSHMI THANUJA,2,/users/lakshmi-thanuja-sreesailam/badges
Karan,,Kumar,1,/users/karan97611/badges
Prajwala,,Gollapudi,1,/users/prajwala-gollapudi/badges
Likitha Sri,,M,1,/users/likitha-sri-m.daceb56e/badges
Chethan,,Yadav,1,/users/chethanyadav/badges
Vaibhav,,Arora,1,/users/vaibhav-arora.494a4af2/badges
Shankar,,Narayan K,1,/users/shankar-narayan-k.8f2ed731/badges
AFEEFA,,S,1,/users/afeefa-s/badges
Anurag,,Rai,1,/users/anurag-rai/badges
PATTEM,,CHAITANYA KUMAR,2,/users/chaitanya-kumar-pattem/badges
Abhishek,,Mahato,2,/users/abhishek-mahato.c24e52dc/badges
Varshini,,M,1,/users/varshini-m.42c1ac5c/badges
Abhijeet,,Tate,1,/users/abhijeet-tate.cc39e725/badges
Shrikanth,,Kumara,1,/users/shrikanth-kumara/badges
Avin,,Mehla,1,/users/avin-mehla/badges
Sadhashiva Reddy,,Karra,1,/users/sadhashiva-reddy-karra.542831d9/badges
Manshi,,Sinha,1,/users/manshi-sinha.7da24acb/badges
Muhammed,,Abnas,1,/users/muhammed-abnas.b2c621d6/badges
Naveen,,B,1,/users/naveen-b.6e3a2a83/badges
Subhranil,,Nandy,1,/users/subhranil-nandy/badges
Mohan,,Tummalapenta,2,/users/mohan-tummalapenta/badges
CHANDANKUMAR,,M,1,/users/chandankumar-m/badges
Karthick Srinivas,,Velmurugan,2,/users/karthick-srinivas-velmurugan/badges
Amit,,Patel,1,/users/amit-patel.e9c4c017/badges
Venkatesh,,R B,1,/users/venkatesh-r-b/badges
Ayushi,,Umbarkar,2,/users/ayushi-umbarkar/badges
hussain,,rampurawala,1,/users/hussain-rampurawala/badges
Harikrishna,,Gajula,1,/users/harikrishna-gajula.e9c8bec6/badges
Sohail,,Alekar,1,/users/sohail-alekar/badges
Sudhanshu,,Singh,2,/users/sudhanshu-singh.7c6516ed/badges
Jajjari,,Chandu,2,/users/jajjari-chandu/badges
Shaik Suhail,,Pasha,1,/users/shaik-suhail-pasha/badges
Chaitanya,,S,1,/users/cscscs/badges
Bipin,,Kumar,2,/users/bipin-kumar.0f033711/badges
Smitha,,Prabhu,1,/users/smitha-prabhu.29957ed2/badges
Rohan Lal,,Keshri,1,/users/rohan-lal-keshri/badges
Chintan,,Shah,1,/users/chintan-shah.fb73116c/badges
Namitha,,S,1,/users/namitha-s.b82ddd6e/badges
PAVITHRAN,,C,2,/users/pavithran-c.b5583a25/badges
Arihant,,Saswade,1,/users/arihant-saswade/badges
Rohith,,Maram,2,/users/rohith-maram/badges
Thushar,,Machha,2,/users/thushar-machha.b3c1ca9b/badges
Mohammed Mohaideen Aswath,,S,1,/users/mohammed-mohaideen-aswath-s.c270801a/badges
KEERTHIKA,,K,1,/users/keerthika-k.07e9e5ef/badges
Nagarajan,,S,1,/users/nagarajan-s.978bcbf6/badges
Rudraram,,Pranavi Anushna,1,/users/rudraram-pranavi-anushna.036cb9d3/badges
soumen,,jana,1,/users/soumen-jana.e9fe6368/badges
Manavi,,Lahoti,1,/users/manavi-lahoti.2ccb94eb/badges
Ayush,,Kaushik,1,/users/ayush-kaushik.e5cf027f/badges
Uday Kumar Reddy,,Reddyvari,2,/users/uday-kumar-reddy-reddyvari/badges
Shubham kumar,,sharma,2,/users/shubham-kumar-sharma.b309bdef/badges
Omkar,,Pembarti,1,/users/omkar-pembarti/badges
Karthick,,K R,2,/users/karthick-k-r.6291e5c6/badges
Dispy,,Varghese,1,/users/dispy-varghese/badges
Vaibhav,,Agrawal,1,/users/vaibhav-agrawal.cec8de1e/badges
tarun kumar,,allada,2,/users/tarun-kumar-allada/badges
Vinay,,Manda,2,/users/vinay-manda.1f989075/badges
Aromal,,S S,3,/users/a6omal/badges
Sanjana,,Hosakeri,1,/users/sanjana-hosakeri/badges
Aravindh,,R,1,/users/aravindh-r.d89fa618/badges
Baivhav,,Kummar,1,/users/baivhav-kummar/badges
Satakshi,,Singhal,1,/users/satakshi-singhal.fa1beb2e/badges
Santosh,,A,1,/users/santosh-a.028ca710/badges
Love,,Kumar,1,/users/love-kumar.0f10febd/badges
Krutika,,Bhanarkar,1,/users/krutika-bhanarkar.68ece1f9/badges
DEBOJIT,,SAHA,1,/users/debojit-saha.eccba261/badges
Lakshmanakumar,,Jayapal,1,/users/lakshmanakumar-jayapal/badges
Tanisa,,De,1,/users/tanisa-de/badges
Nikhil,,Parsurampuria,2,/users/nikhil-parsurampuria/badges
Promit,,Das,1,/users/promit-das.971fa67b/badges
PIYUSH,,MORCHHALE,2,/users/piyush-morchhale/badges
Pitta,,Maheswari,2,/users/pitta-maheswari/badges
Ranjeet,,Phale,1,/users/ranjeet-phale/badges
GAYATHRI,,L S,1,/users/gayathri-l-s/badges
Vipeen,,Bendale,2,/users/vipeen-bendale/badges
Harishkanna,,R,1,/users/harishkanna-r/badges
Parwaaz,,Joshi,1,/users/parwaaz-joshi.1eb3e44d/badges
Manan,,Kathuria,1,/users/manan-kathuria/badges
Mukesh,,Gautam,2,/users/mukesh-gautam.768681ea/badges
Sudheer,,Muthoju,2,/users/sudheer-muthoju/badges
Hritik,,Kumar,1,/users/hritik-kumar.5d53a2a5/badges
Sanjeev,,Karra,2,/users/sanjeev-karra/badges
Srihan,,Prasad,1,/users/srihan-prasad/badges
aswin,,m s,1,/users/aswin-m-s.e224dce7/badges
Gurmillan,,singh,1,/users/gurmillan-singh.c6a6a7ef/badges
Hariharan,,Mudaliar,1,/users/hariharan-mudaliar.9431d310/badges
sagar,,anand,1,/users/sagar-anand.001/badges
Argho,,Sarkar,1,/users/argho-sarkar/badges
Piyush,,Trivedi,2,/users/piyush-trivedi.67d4ce44/badges
Swapnil s,,Parkhi,1,/users/swapnil-s-parkhi/badges
Kaushik,,Tanuku,2,/users/kaushik-tanuku/badges
Biswaroop,,Nath,2,/users/biswaroop-nath/badges
Jyothi,,Hulkund,2,/users/jyothi-hulkund/badges
Hara,Prasad,Misra,1,/users/haraprasadmisra/badges
Aditya,,Vangaru,2,/users/adityavangaru/badges
Ajay Kumar,,Kandagatla,2,/users/ajay-kumar-kandagatla/badges
Vivan,,Pamta,1,/users/vivan-pamta/badges
manoj,,kumar,1,/users/manoj-kumar.fff9ea74/badges
Hardik,,laddha,2,/users/hardik-laddha.8b6b240d/badges
Kuresi,,Janardhana,2,/users/kuresi-janardhana/badges
lingala,,Udaykiranreddy,2,/users/lingala-udaykiranreddy/badges
Kavitha,,Suresh,1,/users/kavitha-suresh.48d0a573/badges
Appu,,V,2,/users/appuv/badges
Jahanvi,,Sinha,1,/users/jahanvi-sinha.88a06815/badges
Amey,,Badhe,1,/users/amey-badhe.746fa707/badges
Nishant,,kashyap,2,/users/nishant-kashyap.916553f6/badges
Mounika,,Ampapurapu,1,/users/mounika-ampapurapu/badges
MOGASALA,PAYANI,SANDYA,2,/users/sandhya-mogasala/badges
M RAJENDRA,,BABU,1,/users/m-rajendra-babu/badges
Therasa,,Rajasekaran,1,/users/therasa-rajasekaran/badges
Nandakumar,,Thiruvengadam,1,/users/nandakumar-thiruvengadam.e7555a17/badges
Sanju,,Anand,1,/users/sanju-anand.8376a2b2/badges
Sumit,,das,1,/users/sumit-das.dfa4bb1c/badges
Navya,,Bommali,2,/users/navya-bommali.3a5fb6e6/badges
SALANI SAI KIRAN,,.,1,/users/salani-sai-kiran/badges
Richard,,Mathew,1,/users/richard-mathew.73cb9860/badges
Sourav,,Ghosh,1,/users/sourav-ghosh.53f4eb09/badges
Sayona,,Mitra,1,/users/sayona-mitra.0e18f0d4/badges
Janak,,Makadia,1,/users/janak-makadia/badges
Mohit,,Garg,1,/users/mohit-garg.a839c3de/badges
Ajit,Mohan,Medhekar,1,/users/ajit-medhekar/badges
Sai Rasagna Reddy,,Ravula,1,/users/sai-rasagna-reddy-ravula/badges
MOHD SAHIL,,KHAN,2,/users/mohd-sahil-khan.42ee6052/badges
Prabhjot,,Singh,2,/users/prabhjot-singh.255db8ef/badges
Shreya,,Mehetre,2,/users/shreya-mehetre/badges
vinaykumar,,singamsetti,1,/users/vinaykumar-singamsetti/badges
Lok Nath Reddy,,Kakarla,1,/users/lok-nath-reddy-kakarla/badges
Shubh,,Shrimali,2,/users/shubh-shrimali.81049701/badges
Mathan Kumar,,Govindarajan,1,/users/mathan-kumar-govindarajan.2d3f274d/badges
Debayan,,Saha,1,/users/debayan-saha.677c10b9/badges
J V PAVAN,,KUMAR,2,/users/j-v-pavan-kumar/badges
Kaushalya,,R,2,/users/kaushalya-r/badges
Harshini,,K,2,/users/harshini-k.428aa322/badges
Indrapal,,Baghel,1,/users/indrapal-baghel/badges
Praveen,,T,1,/users/praveen-t.e9a1f1a3/badges
Nandhini,,B R,1,/users/nandhini-b-r/badges
Arti,,Rajput,1,/users/arti-rajput.7307dd5e/badges
Ponlakshmi,,K,1,/users/ponlakshmi-k/badges
Abhishek,,Jaybhaye,2,/users/abhishek-jaybhaye.cd2931b7/badges
Ritu,,Agrawal,1,/users/ritu-agrawal.30d307bd/badges
Santosh,,Gade,2,/users/santosh-gade.fd1b4ec2/badges
Manjot,,Singh,1,/users/manjot-singh.92342ff4/badges
Sakthivel,,Panneerselvam,2,/users/sakthivel-panneerselvam.4f859be2/badges
Sagar,,Devde,2,/users/sagar-devde/badges
Ipsita,,Nandy,1,/users/ipsita-nandy/badges
Nisarga,,S N,2,/users/nisarga-s-n.b0c946ce/badges
Krishna Reddy,,Banda,1,/users/krishna-reddy-banda/badges
Rohit Kumar,,Gupta,1,/users/rohit-kumar-gupta.8a6789a7/badges
Priya,,Priya,1,/users/priya-priya.29307b12/badges
SHIVAM,,SHARMA,1,/users/shivam-sharma-ra2211003010444/badges
Nithyashree,,M,1,/users/nithyashree-m.7a645835/badges
Anbarasan,,S,1,/users/anbarasan-s.1d7d43fd/badges
Krunal,,Shah,1,/users/krunaljshah/badges
Omkar,,Kale,1,/users/omkar-kale.aeeda49d/badges
srinivas,,lanka,1,/users/srinivas-lanka.34ffe3ec/badges
Rajesh,,PS,3,/users/rajesh-p-s.928db95f/badges
Aradhya,,Pavan H S,1,/users/aradhya-pavan/badges
souvik,,mandal,1,/users/souvik-mandal.77c43023/badges
vansh,,agarwal,2,/users/vansh-agarwal.36ca47cf/badges
Athukuri,,Amaresh,1,/users/athukuri-amaresh/badges
Sanath,,Loknath,1,/users/sanath-loknath/badges
Atharv,,Sharma,1,/users/atharv-sharma.77d2049f/badges
Vaibhav,,Pawar,1,/users/vaibhav-pawar.645b1ecf/badges
Deshidi,,Manikanth,2,/users/deshidi-manikanth/badges
Ratakonda,,Priyanka,1,/users/ratakonda-priyanka.5b859d62/badges
VIKAS KUMAR,,Sharma,1,/users/vikas-kumar-sharma.36fc8a67/badges
Abdul,,Rahman Sawood,1,/users/abdul-rahman-sawood.c462dbe5/badges
Bharath Akash,,R,1,/users/bharath-akash-r/badges
Rahim,,Khan,1,/users/rahim-khan.41384f09/badges
P,,Joshna,2,/users/p-joshna/badges
DON,,JIJI,1,/users/don-jiji.b52cc471/badges
MARUBOINA,,AFRAIM,1,/users/maruboina-afraim.66a77052/badges
Himanshu,,Sharma,1,/users/himanshu-sharma.25b4fdc4/badges
Vaibhav,,Rajpoot,2,/users/vaibhav-rajpoot.7130b2e7/badges
murali,,krishna,2,/users/murali-krishna.a46bcd8a/badges
Arjya,,Biswas,1,/users/arjya-biswas/badges
Nagaswetha,,Gosangi,1,/users/nagaswetha-gosangi/badges
Nethra,,B S,2,/users/nethra-b-s/badges
Anil,,Lodhi,2,/users/anil-lodhi.c00c6719/badges
Jaydeep,,Adik,2,/users/jaydeep-adik/badges
Sokkam,,Chaitra sree,2,/users/sokkam-chaitra-sree/badges
Akila,,S,2,/users/akila-s.aef4a315/badges
Chaithanya,,Nandini,2,/users/chaithanya-nandini/badges
Vandrasi,,Ajay,2,/users/vandrasi-ajay/badges
Kushal kumar,,Valleru,2,/users/kushal-kumar-valleru/badges
Anuj,,Pathak,2,/users/anuj-pathak.1c5a7329/badges
Tejbahadur,,Singh,1,/users/tejbahadur-singh/badges
Kambala,,Gurunadh,2,/users/kambala-gurunadh/badges
Amit,,Khandagale,1,/users/amit-khandagale/badges
Velagaleti,,Bhavan,2,/users/velagaleti-bhavan/badges
MAULIK,,PATEL,2,/users/maulik-patel.96d9eddc/badges
Meghna,,Bisht,1,/users/meghna_bisht/badges
Rakesh,,Mariserla,2,/users/rakesh-mariserla/badges
Kalpesh,,Kale,2,/users/kalpesh-kale.b49c9829/badges
Subhayu,,Mukherjee,1,/users/subhayu-mukherjee.5ccf4239/badges
Jayant,,Purohit,1,/users/jayant-purohit.963e0554/badges
Namit,,Sharma,1,/users/namit-sharma.8a981eda/badges
Amit,,Kumar,2,/users/amit-kumar.77aac0a9/badges
Suhas,,Kulkarni,1,/users/suhas-kulkarni.021a5cfa/badges
Padala,,Tejaswini,1,/users/padala-tejaswini.298344c0/badges
Adithya,,Kasula,1,/users/adithya-kasula/badges
Nikhil,,Gupta,2,/users/nikhil-gupta.5dcb5727/badges
Srinivas Rao,,Aswathnarayana Rao,1,/users/srinivas-rao-aswathnarayana-rao/badges
Mannu,,Baveja,1,/users/mannu-baveja.41575e13/badges
Ashpak Altamil Ahmed,,S,1,/users/ashpak-altamil-ahmed-s.d4a50a7b/badges
Sriram,,Srinivasan,1,/users/sriram-srinivasan.23d7438a/badges
Rufus,,J,1,/users/rufus-j/badges
Sudipta,,Roy,2,/users/sudipta-roy.5598da9d/badges
Anushri,,Kulkarni,1,/users/anushri-kulkarni/badges
G Bhanu,,Pratap,1,/users/gadda-bhanu-sai-pratap/badges
kusumanchi,,rao,1,/users/kusumanchi-rao/badges
Vansh,,Bansal,1,/users/vansh-bansal.d6b60e00/badges
Ayushi,,Sharma,2,/users/ayushi-sharma.a8287a04/badges
Md Sohel,,Ahmed,2,/users/md-sohel-ahmed.f1d37b51/badges
Harsha,,Jadhav,1,/users/harsha-jadhav/badges
Nitin kumar,,singh,2,/users/nitin-kumar-singh.5b8eb417/badges
Narsi,,Reddy,1,/users/narsi-reddy.0efe0b13/badges
Md,,Rashid,2,/users/md-rashid.c8b710cf/badges
LAXMI NARASIMHA SWAMY,,BAJJURI,1,/users/laxmi-narasimha-swamy-bajjuri.3ff75746/badges
Yeshwanth,,D S,2,/users/yeshwanth-d-s/badges
Sandhya Rani,,Jabbala,2,/users/sandhya-rani-jabbala.7076cfae/badges
KHADAR BASHA,,SHAIK,2,/users/khadar-basha-shaik.5355c25e/badges
dinesh singh,,baghel,1,/users/dinesh-singh-baghel.4e0465bd/badges
Manjupriya,,Rukmangathan,1,/users/manjupriya-rukmangathan/badges
Sankar Raj,,Vadakkanthara Subrahmanian,1,/users/sankar-raj-vadakkanthara-subrahmanian/badges
CP,,Samy,1,/users/cp-samy.ffb744c7/badges
TRUSHANGKUMAR,,PATEL,1,/users/trushang28/badges
Jacob,,K Jacob,1,/users/jacob-k-jacob_/badges
HIMANSHU,,SHARMA,1,/users/himanshu-sharma.ca573982/badges
Syed,,Salman Ali,2,/users/syed-salman-ali.b4b52435/badges
AJAY,,PANDEY,2,/users/ajay-pandey.cbe96ce7/badges
Pruthvi,,Nsrsr,2,/users/pruthvi-nsrsr.b8496ba5/badges
Pradyut,,Saha,1,/users/pradyut-saha.5d4ba309/badges
Somdev,,Chatterjee,1,/users/somdev-chatterjee.aad38660/badges
Isha,,Gothwad,1,/users/isha-gothwad.32193a07/badges
Prathiksha,,Kini,1,/users/prathiksha-kini/badges
Ankur,,Tamrakar,1,/users/ankur-tamrakar.01f24bfb/badges
Abhishek,,Agrawal,1,/users/abhishek-agrawal.b67bcb83/badges
Bolleddu,,Paul Manoj Deepak,2,/users/manojdeepak200/badges
NIKHIL,,HARSHA,1,/users/nikhil-harsha/badges
Akash,,George,1,/users/akash-george.9776ea05/badges
Rakhi,,V,1,/users/rakhi-v/badges
Manoj,,M,1,/users/manoj-m.187407f5/badges
Birendra,Kumar,Singh,1,/users/birendra-singh.60fac447/badges
Kodandaramaraghavendrarao,,Jupudi,3,/users/kodandaramaraghavendrarao-jupudi.d9329967/badges
Ganesh,,Ramisetti,2,/users/ganesh-ramisetti/badges
Akshay,,Pandit,1,/users/akshay-pandit.7dd350f0/badges
Vijayalaxmi,,Mareddy,1,/users/vijayalaxmi-mareddy/badges
Sithimuthukumaran,,Shanmuganandham,1,/users/sithimuthukumaran-shanmuganandham/badges
Swastik,,Samal,1,/users/swastik-samal/badges
Debjani,,Guha,1,/users/debjani-guha.fe9844db/badges
ANIL KUMAR,,GOPALUNI,1,/users/anil-kumar-gopaluni.1fbe651d/badges
Kailash,,P,1,/users/kailash-p.f9026714/badges
Nishu,,Chaudhary,1,/users/nishu-chaudhary.658bf301/badges
Dhaarani,,Saravanan,1,/users/dhaarani-saravanan.88fb8c0c/badges
Aruneet,,Roy Chowdhury,1,/users/aruneet-roy-chowdhury.56c80e10/badges
Saurabh,,Rai,2,/users/saurabh-rai.0a4418bd/badges
Pranavanand,,Patil,1,/users/pranavanand-patil.9ec53de7/badges
Katla,,Niharika,1,/users/katla-niharika/badges
veerbal,,singh,1,/users/veerbal-singh.76d74b82/badges
Kaustuva,,Chakraborty,1,/users/kaustuva-chakraborty.0b1f5bfa/badges
Muthu Kumaran,,K,1,/users/muthu-kumaran-k/badges
kamalanathan,,Sundaraperumal,1,/users/kamalanathan-sundaraperumal/badges
Gandepelly,,Sanjaydeep,2,/users/gandepelly-sanjaydeep/badges
parth,,goyal,2,/users/parth-goyal.2831767f/badges
Rohan,,Mangsuli,1,/users/rohan-mangsuli/badges
kalai,,Vani,1,/users/kalai-vani.695ef394/badges
Katha,,Yashwanth,2,/users/katha-yashwanth/badges
UJWAL,,K,1,/users/ujwal-k.10a82276/badges
Vivek,,Gupta,1,/users/vivek-gupta.35c24763/badges
Sruthi,,Viswanathan,1,/users/sruthi-viswanathan/badges
Neeraj,,Upadhyay,1,/users/neeraj-upadhyay.996db732/badges
Dishank,,Mehna,2,/users/dishank-mehna/badges
Ramesh Renga Ramanujam,,R,1,/users/ramesh-renga-ramanujam-r/badges
HARDIK,,LIMBACHIYA,1,/users/hardik-limbachiya/badges
Fathima,,Rajula,1,/users/fathima-rajula/badges
GEETHU,,KRISHNA K,1,/users/geethu-krishna-k.af816ef4/badges
Pokuru,,Joshna,1,/users/pokuru-joshna/badges
Srujan Varma,,Patchamatla,2,/users/srujan-varma-patchamatla/badges
Nithyashree,,S,2,/users/nithyashree-s.41f18361/badges
Muhammed,,Yaseen N U,1,/users/muhammed-yaseen-n-u/badges
Abhishek,,Ganguly,2,/users/abhishek-ganguly.20f1bace/badges
Sona,,Jacob,1,/users/sona-jacob.8642e635/badges
Medha,,Manoj,1,/users/medha-manoj.8ad55ed4/badges
Ram,,Mishra,1,/users/ram-mishra.4911d780/badges
Sonamika,,Patidar,2,/users/sonamika-patidar/badges
Sonu,,Kumar,1,/users/sonu-kumar.a042ecb1/badges
Praveen,,Kumar,2,/users/praveen-kumar.de7a7ecc/badges
Sunny,,Nagave,1,/users/sunny-nagave/badges
Deenathayalan,,Pugazhendhi,2,/users/deenathayalan-pugazhendhi/badges
BOYINA,,DASARADHA SAI,1,/users/boyina-dasaradha-sai/badges
Vivek,,Doshi,2,/users/vivek-doshi.bdc922e3/badges
Pramesha,,Biswas,1,/users/pramesha-biswas.914fbfe5/badges
KHUSHBOO,,KUMARI,2,/users/khushboo-kumari.c631b784/badges
Roopesh,,Shetty,2,/users/roopesh-shetty/badges
Akshit,,Rathod,1,/users/akshit-rathod/badges
Vaibhav,,Adsare,2,/users/vaibhav-adsare/badges
Praneeth,,Pingali,2,/users/praneeth-pingali/badges
Nikhil,,P,1,/users/nikhil-p.4d0eca3c/badges
anshul,,shaw,1,/users/anshul-shaw/badges
LASYA,,CHATRAGADDA,2,/users/lasya-chatragadda.fbda232a/badges
Amrita,,Shankar,1,/users/amrita-shankar.f44cea7d/badges
Mohan,,Kolnati,1,/users/mohan-kolnati/badges
Shaik Sanugondla,,Dada Khalindar,2,/users/dada-khalindar.57740f7e/badges
Sravani,,Chilla,2,/users/sravani-chilla.3898dcf7/badges
Sabareesh,,SP,1,/users/sabareeshsp7/badges
Chandaluri,,Narahari,2,/users/chandaluri-narahari.d7e4a6db/badges
MD AL,,EMRAN,1,/users/md-al-emran.d6f6db7a/badges
Rithin,,Ramesh L,1,/users/rithin-ramesh-l/badges
Nitin,,.,2,/users/nitin.4f5de53e/badges
KARTIK,,THAKUR,1,/users/kartik-thakur.3fbb0b82/badges
ROHITH,,D K,1,/users/rohith-d-k.c9fb24bb/badges
Gabriel,,D Souza,1,/users/gabriel-d-souza/badges
NIKUNJ,,JAIN,1,/users/nikunj-jain.e9fb3f98/badges
Pavan,,Kalyan,1,/users/pavan-kalyan.dc9e0455/badges
SHILNA,,PADMARAJAN,1,/users/shilna-padmarajan/badges
ABRAHAM ROHITH,,ROY,1,/users/abraham-rohith-roy/badges
Vikkurthi,,Rihana,1,/users/vikkurthi-rihana/badges
Panuganti,,Nishwith,2,/users/panuganti-nishwith/badges
Bhavesh,,Amborkar,1,/users/bhavesh-amborkar.41150e26/badges
Vaibhav,,Jadhav,1,/users/vaibhav-jadhav.82f11915/badges
Pranav,,Priyadarshi,1,/users/pranav-priyadarshi.1d67676b/badges
Surajit,,Moira,1,/users/surajit-moira/badges
Nithya,,E,1,/users/nithya-e.21c0cddd/badges
Khushali,,Panchal,1,/users/khushali-panchal.f1422011/badges
venkatraju,,patapati,1,/users/venkatraju-patapati/badges
RAJAT,,VINAYAKUMAR,1,/users/rajat-vinayakumar/badges
Ankur,,Gupta,2,/users/ankur-gupta.ec97b1ac/badges
Supratik,,Ganguly,1,/users/supratik-ganguly/badges
Animesh,,Parmar,1,/users/animesh-parmar/badges
Harsh,,Raj,2,/users/harsh-raj.1c150a4c/badges
Smitha,,Rao,1,/users/smitha-rao.5a31b622/badges
Dheeraj,,Rajawat,1,/users/dheeraj-rajawat/badges
Lakshmi,,P D N Vijaya,1,/users/lakshmi-p-d-n-vijaya/badges
Viral,,Panchal,1,/users/viral-panchal.8b42f735/badges
Narasimha,,Rao,1,/users/narasimha-rao.75c99891/badges
Abhisek,,sarangi,1,/users/abhisek-sarangi.fc3f5b55/badges
Vijay,,Kaduluri,1,/users/vijay-kaduluri/badges
Gopi,,G,1,/users/gopi-g.2759b893/badges
Udaya,,Bhaskaran,2,/users/udaya-bhaskaran/badges
Muhammed Abdul Majeeth,,A,2,/users/muhammed-abdul-majeeth-a/badges
Shubham,,Prabhat,2,/users/shubham-prabhat.a52275a8/badges
Kritika,,kant,1,/users/kritika-kant.b5ec7ce6/badges
Alind,,Jain,1,/users/alind-jain.2bdc2238/badges
Rohith,,Ancha,2,/users/rohith-ancha/badges
Kunal,,Badodia,2,/users/kunal-badodia/badges
veeramalla,,sree manjusha,1,/users/veeramalla-sree-manjusha/badges
Akanksha,,RAJ,1,/users/akanksha-raj.b970c547/badges
Gopinath,,M,1,/users/gopinath-m.3f99e976/badges
SIDHANT,,PATIL,1,/users/sidhant-patil/badges
Suresh,,Kumar,1,/users/suresh-kumar.36c568c3/badges
SANMATI,,P,1,/users/sanmati-p.e18e7f53/badges
Sai Ram,,Gundlapally,1,/users/sai-ram-gundlapally/badges
Ashok,,Mishra,1,/users/ashok-mishra.c8963f20/badges
SAMUVEL,,JOHNSON,1,/users/samuvel-johnson/badges
NITHIN,,CS,1,/users/nithin-cs/badges
Amit,,Dutta,1,/users/amit-dutta.392d8644/badges
Dhruv,,Tailor,1,/users/dhruv-tailor.8ccb9b50/badges
MALLA,,CHAITANYA,1,/users/malla-chaitanya.2c417458/badges
Shreesha,,Maiya,1,/users/shreesha-maiya.ca8cc64a/badges
Aiswarya,,P,1,/users/aiswarya-p.c43e04b0/badges
Rakshith,,Gopisetti,1,/users/rakshith-gopisetti/badges
Uday,,Gupta,1,/users/uday-gupta.b2ad2966/badges
Tannu,,.,1,/users/tannu-malik.77e09b9d/badges
Abhijit,,khan,1,/users/abhijit-khan.e99f2d2d/badges
Pratiksha,,Chaturvedi,1,/users/pratiksha-chaturvedi.63091f37/badges
Abhilash,,Choudhary,1,/users/abhilash-choudhary.07d2552b/badges
Rehan,,Suman,1,/users/rehan-suman/badges
Sruthi,,Ravula,1,/users/sruthi-ravula.8e78f24a/badges
Madhu sudhana reddy,,satti,1,/users/madhu-sudhana-reddy-satti.28cdba2e/badges
Dishani,,Chattopadhyay,1,/users/dishani-chattopadhyay.885d4e6c/badges
Aruna,,Narayanamoorthy,1,/users/aruna-narayanamoorthy/badges
VIDHYA,,MADINENI,1,/users/vidhya-madineni.b5d7ca18/badges
Ria,,Pramanik,1,/users/ria-pramanik/badges
NITIN,,CHOPRA,1,/users/nitin-chopra.3cff1441/badges
Lovejeet,,Patel,1,/users/lovejeet-patel/badges
Navya,,Rathore,1,/users/navya-rathore/badges
Aditya,,Kumar,2,/users/aditya-kumar.35ec89f7/badges
Preethi,,Chandrasekaran,1,/users/preethi-chandrasekaran.00a6b940/badges
Nitesh kumar,,Singh,1,/users/nitesh-kumar-singh.b1200486/badges
Ashutosh,,Karnavat,1,/users/ashutosh-karnavat/badges
Boopathi,,Mahalingam,1,/users/boopathi-mahalingam/badges
Rishi,,Verma,1,/users/rishi-verma.c8952729/badges
Divyanshu,,Singh,1,/users/divyanshu-singh.65b5c87d/badges
dhanu,,a,1,/users/dhanu-a/badges
Gayathri,,Murugan,2,/users/gayathri-murugan.194bd12a/badges
Karthik,,Tirumanidas,1,/users/karthik-tirumanidas/badges
Vishnu,,Bitra,2,/users/vishnu-bitra/badges
Sri Rama Krishna Vamsi,,Gopavarapu,1,/users/vamsi-gopavarapu/badges
Murali,,G,2,/users/murali-g.9325248d/badges
Nishant,,Chaudhari,2,/users/nishant-chaudhari.30840184/badges
Sarath,,Koppuravuri,1,/users/sarath-koppuravuri/badges
Vaibhav,,Kumar,1,/users/vaibhav-kumar.773354da/badges
Soumadeep,,Majhi,2,/users/soumadeep-majhi/badges
Shubham,,Gupta,1,/users/shubham-gupta.46e6ca15/badges
jayashree,,ganesan,1,/users/jayashree-ganesan.b3147689/badges
Amit,,Jamwal,1,/users/amit-jamwal.00f026ba/badges
Kishore,,Kumar,1,/users/kishore-kumar.71a2a252/badges
Shashi,,Puthran,1,/users/shashi-puthran/badges
Likhitha,,Reddy,2,/users/likhitha-reddy.20e5703f/badges
Turi,,Kandeyang,1,/users/turi-kandeyang.1e6d4012/badges
Ashly,,Joseph,1,/users/ashly-joseph.6dea3f29/badges
Varnika,,Mudiyala,1,/users/varnika-mudiyala/badges
shesh,,phulse,1,/users/shesh-phulse/badges
SHUBHAM,,CHAUDHARI,1,/users/shubham-chaudhari.5d6e224b/badges
Pramila,,Rajendran,1,/users/pramila-rajendran/badges
Dabbugodla Sunilkumar,,Yadav,1,/users/dabbugodla-sunilkumar-yadav/badges
Karnati,,Ashrith,2,/users/karnati-ashrith/badges
Peddy,,Shiva Sai,1,/users/peddy-shiva-sai.40240b5a/badges
Boobalan,,S,1,/users/boobalan-s.ed1dbb99/badges
somanath,,Kamble,1,/users/somanath-kamble/badges
Kunjan,,dhiman,2,/users/kunjan-dhiman.02410704/badges
Nirish,,R,2,/users/nirish-r/badges
Silby,,Elza Simon,1,/users/silby-elza-simon/badges
CHARAN TEJA,,GATTU,1,/users/charan-teja-gattu.845bafac/badges
Avudoddi,,Venkata Sai Trinadh,2,/users/avudoddi-venkata-sai-trinadh/badges
Aryan Kumar,,Varshney,1,/users/aryan-kumar-varshney.35658fe0/badges
karthi,,ayn,1,/users/karthi-ayn/badges
vignesh,,subramanian,1,/users/vignesh-subramanian.47e195ca/badges
Pranav,,Jituri,1,/users/pranav-jituri/badges
Santhosh,,Kumar,2,/users/santhosh-kumar.79da8e4a/badges
Emayavani,,Appusamy,1,/users/emayavani-appusamy/badges
Bhaskar,,V,1,/users/bhaskar-v.8c391eb5/badges
Shanjith,,S,2,/users/shanjith-s.9bb3bc75/badges
Pranit,,Nema,2,/users/pranit-nema/badges
Paradesi,,Rambilli,1,/users/paradesi-rambilli.92ebe039/badges
Dipesh,,Bhosale,1,/users/dipesh-bhosale/badges
AVIRAJ,,lavate,1,/users/aviraj-lavate/badges
Saurabh,,Joshi,1,/users/saurabh-joshi.4a58085e/badges
Harshit,,Sharma,2,/users/harshit-sharma.546f3228/badges
Sujeet,,Shanbhag,1,/users/sujeet-shanbhag.7ebbe96f/badges
Hariraja chandra,,Meka,2,/users/hariraja-chandra-meka/badges
neetu,,chimbili,1,/users/neetu-chimbili/badges
Pratik,,Jadhav,1,/users/pratik-jadhav.0cff372a/badges
Manya,,Sharma,2,/users/manya-sharma.a9641bc2/badges
D,,KARTHIK,2,/users/d-karthik.6a211b26/badges
Shehzad,,Ibrahim,1,/users/shehzad-ibrahim.6022ca2a/badges
Saptak,,Dey,1,/users/saptak-dey/badges
Venkata Rami Reddy,,Yakkanti,2,/users/venkata-rami-reddy-yakkanti/badges
Pavan Sai,,karanam,2,/users/pavan-sai-karanam/badges
Sailendranath,,Thakur,5,/users/sailendranath-thakur.b8a7f0d3/badges
Aman,,Kumar,2,/users/aman-kumar.13d977aa/badges
Merunaline,,s,1,/users/merunaline-s/badges
Rishav,,Pal,2,/users/rishav-pal.ba0a99e9/badges
Prem,,Naiknavare,2,/users/prem-naiknavare/badges
Imran,,Mogal,1,/users/imran-mogal.c67985aa/badges
Saurabh,,Rahangdale,1,/users/saurabh-rahangdale.21b7f982/badges
Nirmala,,Sherine,1,/users/nirmala-sherine/badges
TADEPALLI,,Sri Vasanthi,1,/users/tadepalli-sri-vasanthi/badges
Ankita,,Nayak,2,/users/ankita-nayak.e297b787/badges
Geet,,Pawade,1,/users/geet-pawade/badges
MALLAMPATI,,SUMANTH,1,/users/mallampati-sumanth.d4f22987/badges
Shubham,,Fendar,2,/users/shubham-fendar/badges
Vishal,,Chaurasia,2,/users/vishal-chaurasia.cc9b3dcf/badges
Samarth,,Kulkarni,2,/users/samarth-kulkarni.926e8e5e/badges
Sai Lakshmi Sahithi,,Gatikoppu,1,/users/sai-lakshmi-sahithi-gatikoppu/badges
Aryan,,Rasaily,2,/users/aryan-rasaily/badges
Sanket,,Patel,1,/users/saaket-patel/badges
Ritabrata,,Ghorai,1,/users/ritabrata-ghorai.1cab5006/badges
JAKKA SASI,,CHANDAN,2,/users/jakka-sasi-chandan/badges
Mohamed,,Azharudeen,1,/users/mohamed-azharudeen.fd37c269/badges
Dokku,,Anand sai babu,1,/users/dokku-anand-sai-babu/badges
Mummineni,,Sandhya,2,/users/mummineni-sandhya/badges
Mukesh Manikandan,,Mayalagu,1,/users/mukesh-manikandan-mayalagu/badges
Arul Selvan,,karunanithi,1,/users/arul-selvan-karunanithi/badges
Mandava,Sai Venkata,Aditya Vardhan,1,/users/m-sai-venkata-aditya-vardhan/badges
Libin,,B,1,/users/libin-b/badges
V,,S Aarsha,1,/users/v-s-aarsha.2798874c/badges
Arshdeep,,Singh,1,/users/arshdeep-singh.f31619b1/badges
Harsh,,Mittal,1,/users/harsh-mittal.4c2b1ec9/badges
Pratiksha,,Raut,2,/users/pratiksha-raut.1f243833/badges
Vrushali,,Balwan,2,/users/vrushali-balwan/badges
palak,,singh,2,/users/palak-singh.0cc3c839/badges
Nusrat,,Jahan,1,/users/nusrat-jahan.f23809c2/badges
VAMSI NAG,,ROMPICHARLA,2,/users/vamsi-nag-rompicharla.fa43463d/badges
YOGESH,,E,5,/users/yogesh-e.59a3ded7/badges
Nagashree,,Aswathnarayana,1,/users/nagashree-aswathnarayana/badges
Kaustav,,Dey,1,/users/kaustav-dey/badges
Madhav,,Gohel,1,/users/madhav-gohel/badges
Ambika,,K,2,/users/ambika-k.92746568/badges
SHWETHA,,V,1,/users/shwetha-v.ddae5341/badges
Abhishek,,Kumar,2,/users/abhishek-kumar.8bd9dc85/badges
Raveena,,Raveena,1,/users/raveena-raveena.d91792a5/badges
Harshat,,Suryavanshi,2,/users/harshat-suryavanshi/badges
SANJAYKUMAR,,K,2,/users/sanjaykumar-k/badges
Sudhakar,,Ponnada,1,/users/sudhakar-ponnada.abb05afb/badges
Devimahalakshmi,,P,1,/users/devimahalakshmi-p/badges
Aditya,,Sreevatsa K,1,/users/adityasreevatsak/badges
Kamadeva,,Sahoo,1,/users/kamadeva-sahoo/badges
poojitha,,kamiredddy,1,/users/poojitha-kamiredddy/badges
Venkatesh,,Lagishetty,1,/users/venkatesh-lagishetty/badges
Jayasuriya,,Jagadeesan,2,/users/jayasuriya-jagadeesan/badges
HARI,,VENKATESH,2,/users/hari-venkatesh.5ff5f9c2/badges
Prachi,,Kumari,2,/users/prachi-kumari.1d565708/badges
Samba,,Kuriti,1,/users/samba-kuriti/badges
Rushikesh,,Chaudhari,1,/users/rushikesh-chaudhari.13e12548/badges
Skandhapriya,,Varadarajan,1,/users/skandhapriya-varadarajan/badges
Busi Tarun,,Kumar,1,/users/busi-tarun-kumar/badges
Yash,,Garg,2,/users/yash-garg.3d74e4d9/badges
sharmistha,,chowdhury,1,/users/sharmistha-chowdhury.82eec19b/badges
Akshay,,B,1,/users/akshay-b.733160d4/badges
Sripath Kumar,,Chakrapani,1,/users/sripath-kumar-chakrapani/badges
Priya,,Kumari,2,/users/priya-kumari.ae3421ad/badges
Shivam Kumar,,Verma,2,/users/shivam-kumar-verma.3714520b/badges
Patakamuri,,Neelima,2,/users/patakamuri-neelima/badges
Priyabrata,,Samal,2,/users/priyabrata-samal.84154b9d/badges
Amit,,Prasad,1,/users/amit007pra/badges
Amirthalingam,,Rajendran,1,/users/amirthalingam-rajendran.06b91e4c/badges
VISHAL,,GUPTA,1,/users/vishalgupta0203/badges
KANUPRIYA,,GUPTA,1,/users/kanupriya-gupta.cfcb8adb/badges
swadhin,,panda,2,/users/swadhin-panda.0171c18b/badges
Raghavendra,,K,1,/users/raghavendra-kappala/badges
ABDUL,,RAZAQ,2,/users/abdul-razaq.693c0267/badges
Pratiksha,,Tripathi,1,/users/pratiksha-tripathi.bc23a519/badges
Rupesh,,Ganvir,1,/users/rupesh-ganvir/badges
Sadeeda,,P H,1,/users/sadeeda-p-h/badges
Yuvika,,Bhargave,2,/users/yuvika-bhargave/badges
Vikram,,Kesarwani,1,/users/vikram-kesarwani/badges
KABIR,,MOTA,1,/users/kabir-mota/badges
Rohith,,Darnasi,1,/users/rohith-darnasi/badges
Aniket,,Paul,1,/users/aniket-paul.93873df6/badges
Janhavi,,Chavada,1,/users/janhavi-chavada/badges
Rushendra,,Konidala,1,/users/rushendra-konidala/badges
Munish,,Soni,1,/users/munish-soni.acc573e8/badges
Ruchira,,Pol,1,/users/ruchira-pol.1cd157e2/badges
Mahesh Kumar,,Kolla,1,/users/mahesh-kumar-kolla/badges
Sridhar,,Balasubramanian,1,/users/sridhar-balasubramanian.843fb28c/badges
Balaji,,T,1,/users/balaji-t.cc235114/badges
Snehal,,Awalkar,1,/users/snehal-awalkar.7e10eb48/badges
MADHU HASITHA,,SWARNA,2,/users/madhu-hasitha-swarna/badges
Priyanka,,Parida,1,/users/priyanka-parida.83b23fee/badges
Sankalp,,Shukla,1,/users/sankalp-shukla.af6a8b85/badges
Shyamsundar,,Thiyagarajan,1,/users/shyamsundar-thiyagarajan.298bec26/badges
Purushotham,,chowdary,1,/users/purushotham-chowdary/badges
Akhil,,Ashok,1,/users/akhil-ashok.20bb0a47/badges
Anudeep,,Sett,1,/users/anudeep-sett/badges
Atul,,sanap,1,/users/atul-sanap.39294c34/badges
Anjali,,Keshari,1,/users/anjali-keshari/badges
Sumeet,,Shah,1,/users/sumeet-shah.d485c518/badges
Banuprasad,,B,1,/users/banuprasad-b/badges
Daniel,,Kommu,1,/users/daniel-kommu/badges
Akram,,Md,1,/users/akram-md.26b79cab/badges
Rishabh,,Srivastava,1,/users/rishabh-srivastava.e050ee62/badges
Abhishek,,Yadav,1,/users/abhishek-yadav.67a1729f/badges
YELCHURI,,SRIKANTH,1,/users/yelchuri-srikanth/badges
Regalagadda Mohith,,Varun,1,/users/regalagadda-mohith-varun/badges
Akshita,,Agarwal,1,/users/akshita-agarwal.3f787d78/badges
Chandini,,Bandaru,2,/users/chandini-bandaru/badges
Gorrumuchu,,Divyamani,1,/users/gorrumuchu-divyamani/badges
Sudip,,Kumar,1,/users/sudip-kumar.ff13bc12/badges
Priya Dharsini,,K,1,/users/priya-dharsini-k.af73c191/badges
Reemol,,Najeeb,1,/users/reemol-najeeb/badges
Suresh kumar,,N,2,/users/suresh-kumar-n.268e7c87/badges
Ayush,,Sinha,1,/users/ayush-sinha.fd4687a9/badges
Vinamra,,Hagawane,1,/users/vinamra-hagawane/badges
Arjun,,M,1,/users/arjun-m.858ed520/badges
Annangi,,Vinay Chowdary,1,/users/annangi-vinay-chowdary/badges
Shubham,,Sawant,1,/users/shubhamksawant/badges
Nikita,,Patel,1,/users/nikita-patel.046c1ce6/badges
Arjun,,Bung,1,/users/arjun-bung/badges
Nikitha,,Malla,1,/users/nikitha-malla/badges
SHERIN,,IRANI,2,/users/sherin-irani.88483512/badges
Ayush,,Singh,1,/users/ayush-singh.a1b7211b/badges
Shubham,,Upadhyay,1,/users/shubham-upadhyay.3eb2607f/badges
Suhani,,Sharma,1,/users/suhani-sharma.4a2fd116/badges
Sanyam,,Singla,1,/users/sanyam-singla.bd61d1a3/badges
Atul,,Sinha,1,/users/atul-sinha.69d38bb6/badges
Nagaraja,,V,1,/users/nagaraja-v.f0b5596c/badges
Nivas,,Dokku,1,/users/nivas-dokku/badges
Kondapalli,,Indrani,1,/users/kondapalli-indrani/badges
Kaushal,Shantaram,Dhabadge,1,/users/kaushaldhabadge/badges
GREESHMA,,MALASANI,2,/users/greeshma-malasani/badges
Lasya,,Datla,1,/users/lasya-datla.ed29d8ef/badges
Shubham,,Patil,2,/users/shubham-patil.79bc87ac/badges
Tagore Pavan Kumar,,Vinnakota,2,/users/tagore-pavan-kumar-vinnakota/badges
Vineetha,,simon,1,/users/vineetha-simon/badges
Sunil,Kunchoor,Basavaraju,2,/users/sunilkunchoor/badges
Nibedita,,Pati,1,/users/nibedita-pati.5fb5aeb5/badges
Sanjay,,M,5,/users/sanjay-m.f2454f16/badges
Bharath,,Govardhanam,1,/users/bharath-govardhanam/badges
Nikhil,,Patel,2,/users/nikhil-patel.72a42216/badges
Arindam,,Roy Chowdhury,1,/users/arindam-roy-chowdhury.674e550a/badges
Maneesh,,Kumar,2,/users/maneesh-kumar.75608473/badges
AKSHAYA,,BETHALA,1,/users/akshaya-bethala/badges
Yashas,,Khot,1,/users/yashas-khot.4aabff76/badges
Bokka phani satya,,Sri hiranmayi,1,/users/bokka-phani-satya-sri-hiranmayi/badges
Jyothirmayi,,Chandarlapati,1,/users/jyothirmayi-chandarlapati/badges
veera venkata sai phanidhar,,chegondi,2,/users/veera-venkata-sai-phanidhar-chegondi/badges
Shivasai,,Shanigarapu,2,/users/shivasai-shanigarapu.8397376f/badges
VIGNESH,,KONNERI SEKAR,1,/users/vignesh-konneri-sekar/badges
Adil,,Sabir Azeez,1,/users/adil-sabir-azeez/badges
Tanishka,,Bhalla,1,/users/tanishka-bhalla/badges
Saravana,,Kumar,1,/users/saravana-kumar.65916f08/badges
Bhavesh,,Yadav,2,/users/bhavesh-yadav.ddb13319/badges
Mohammad Zamaan,,Shaik,2,/users/mohammad-zamaan-shaik/badges
Akshayan,,G,1,/users/akshayan-g/badges
PREETHI,,Kannan,1,/users/preethi-kannan.5e60d0f3/badges
seema,,VK,2,/users/seema-vk/badges
Tejushree,,M,1,/users/tejushree-m/badges
Priyanshu,,Kumar,1,/users/priyanshu-kumar.2b73b14f/badges
Sharon,,Lal,1,/users/sharon-lal.7e3c7643/badges
arshad,,m,2,/users/arshad-m.4f0f13ae/badges
Ashanko,,Das,1,/users/ashanko-das.594c6063/badges
Anupam,,Jain,1,/users/anupam-jain.bac4f97f/badges
Rahul,,Manoharan,1,/users/rahul-manoharan.0927f663/badges
Disha,,N,1,/users/disha-n.b197f78b/badges
Chinmai,,Desam,1,/users/chinmai-desam/badges
Thotakura,Dumbu,Revanth,2,/users/revanth-thotakura/badges
Neha,,Sawant,1,/users/neha-sawant.818aa419/badges
Shrey,,Srivastava,1,/users/shrey-srivastava.999ce0ce/badges
Ambarish,,Mangrulkar,1,/users/ambarish-mangrulkar.22351004/badges
MOHANA BAI,,K,1,/users/mohana-bai-k/badges
Naveen,,Kumar Ramesh,1,/users/naveen-kumar-ramesh/badges
Sarthak,,Sajwan,1,/users/sarthak-sajwan/badges
Aman,,Kumar,1,/users/aman-kumar.3146b57d/badges
Soumen,,Bhunia,1,/users/soumen-bhunia.a181ec65/badges
Vishnu,,Vikraman Sreekala,1,/users/vishnu-vikraman-sreekala/badges
Piyush,,Pandey,1,/users/piyush-pandey.7575d9ef/badges
Vaishak,,Maharaj,1,/users/vaishak-maharaj/badges
SONA,,G PANICKER,1,/users/sona-g-panicker/badges
Prashant,,Roundal,1,/users/prashant-roundal/badges
Rahul,,Sinha,1,/users/rahul-sinha.ea055d8d/badges
Sujata,,Padvi,1,/users/sujata-padvi/badges
Bhushan,,Shambharkar,1,/users/bhushan-shambharkar.4b48bf16/badges
Nishanth,,R,1,/users/nishanth-r.e41fe471/badges
YASHWANTH,,KS,1,/users/yashwanth-ks.1a81304a/badges
Pavan,,P,1,/users/pavan-p.4c549cc5/badges
Jagadeesh,,Majji,2,/users/jagadeesh-majji/badges
Tilak,,Peetam,1,/users/tilak-peetam.5b8b266f/badges
Abhishek,,Nagare,2,/users/abhishek-nagare.ffbc69e7/badges
BALA SAI,,ESWARA REDDY,2,/users/bala-sai-reddy/badges
Ranimol,,Alex,2,/users/ranimol-alex/badges
Ramanadh,,Chalavadi,2,/users/ramanadh-chalavadi/badges
Sameer,,Chorge,1,/users/sameer-chorge.aaddb666/badges
Ayush,,Uniyal,1,/users/ayush-uniyal/badges
Phani kumar,,BATHINA,1,/users/phani-kumar-bathina/badges
rohita,,jami,1,/users/rohita-jami/badges
Abhishek,,Anand,2,/users/abhishek-anand.9c7c3ffa/badges
Sameer,,Saurav,2,/users/sameer-saurav/badges
Bhagya,Lakshmi,Anandapu,1,/users/bhagya-lakshmi-anandapu/badges
Utkarsh,,Sharma,2,/users/utkarsh-sharma.cee14227/badges
Jaya Sri,,Kotikalapudi,1,/users/jaya-sri-kotikalapudi/badges
Palgun,,V,2,/users/palgun-v/badges
Tuhin,,Paul,2,/users/tuhin-paul.65b21c73/badges
Nidhi,,Shivananda Takoor,1,/users/nidhi-shivananda-takoor.80d4312b/badges
Poshak,,Arora,1,/users/poshak-arora.3fea88ae/badges
SAI KRISHNA,,BATHALA,2,/users/sai-krishna-bathala/badges
AVANTIKA,,AGARWAL,1,/users/avantika-agarwal.bfbc1416/badges
Vishnu Priya,,Emani,1,/users/vishnu-priya-emani.e805d6ab/badges
Anuj,,Gupta,1,/users/anuj-gupta.da67f33b/badges
Shrinath,,Gupta,1,/users/shrinath-gupta.3c0f0150/badges
Dileep Kumar,,Reddy Nallagari,3,/users/dileep-kumar-reddy-nallagari/badges
Gaurav,,Rana,1,/users/gaurav-rana.fa7a52e1/badges
MAMILLAPALLI,,MANJUNATH,2,/users/mamillapalli-manjunath/badges
Gudla,,lahari,1,/users/gudla-lahari/badges
Janardhan,,Katike,1,/users/janardhan-katike/badges
BHARGAV,,D V,1,/users/bhargav-d-v/badges
Gowrimanokaran,,K,1,/users/gowrimanokaran-k.9cdfcb7e/badges
Abhijit,,Arya,2,/users/abhijit-arya/badges
DEVA,,M,2,/users/deva-m.0d359180/badges
Rentla,,Mahesh,1,/users/rentla-mahesh/badges
Mukesh,,zadane,1,/users/mukesh-zadane/badges
Vaibhav,,Gupta,1,/users/vaibhav-gupta.f5836658/badges
Prateek,,Anand,2,/users/prateek-anand.99423490/badges
Loshetty,,Akanksha,1,/users/loshetty-akanksha/badges
Avinash,,Raj,2,/users/avinash-raj.49ef6498/badges
Bhuvana,,Kumaraguru,2,/users/bhuvana-kumaraguru/badges
neymar,,prince,1,/users/neymar-prince/badges
Dinesh,,M,1,/users/dinesh-m.2e64d484/badges
Pooja,,Nanavare,1,/users/pooja-nanavare.9d88cadc/badges
Kunal,,Chattopadhyay,1,/users/kunal-chattopadhyay.89752996/badges
SONAL,,PARSHIVNIKAR,2,/users/sonal-parshivnikar/badges
Yashwin,,B,1,/users/yashwin-b.3d0fa08d/badges
Indhumathi,,S,1,/users/indhumathi-s.3be7fb84/badges
aayushi,,bhatt,1,/users/aayushi-bhatt.ae9db9e1/badges
Durga Vinay Sagar,,Gudivada,1,/users/durga-vinay-sagar-gudivada/badges
Ravishankar,,Janakiraman,1,/users/ravishankar-janakiraman/badges
Vinaya Venkata Durga Nikhilesh,,Thumu,1,/users/vinaya-venkata-durga-nikhilesh-thumu/badges
Lakshmi Sri Sai Ganesh,,Vathumilli,1,/users/lakshmi-sri-sai-ganesh-vathumilli.e94dc89c/badges
kovvuru,,Swetha,2,/users/kovvuru-swetha.e06585d4/badges
Gaurav,,Kanungo,1,/users/gaurav-kanungo.11b7ea53/badges
Abhishek,,Saxena,1,/users/abhishek-saxena.7599ad3b/badges
Easwari,,Muniyandi,2,/users/easwari-muniyandi/badges
Saheli,,Dutta,1,/users/saheli-dutta.a8e80745/badges
Sai Venkata Satya Karthik,,Kandikattu,1,/users/sai-venkata-satya-karthik-kandikattu/badges
Shital,,Suryawanshi,1,/users/shital-suryawanshi.95e70c44/badges
Nishant,,Sharma,1,/users/nishant-sharma.7a943e03/badges
Arun,,M S,1,/users/arun-m-s.ef273f8c/badges
Ramkrishna Balaji,,Ravichandran,1,/users/ramkrishna-balaji-ravichandran/badges
Tanuj,,Arora,1,/users/tanuj-arora.241c15fc/badges
Shikha,,Chaudhary,1,/users/shikha-chaudhary.7e20c55e/badges
Vinay,,Kumar,1,/users/vinay-kumar.77d96087/badges
Ayesha,,Hussain,1,/users/ayesha-hussain.2a258240/badges
Sahil,,Khanna,1,/users/sahil-khanna.603c28d7/badges
Rahul,,Kalia,2,/users/rahul-kalia.00380648/badges
Syamala,,Vyshnavi,1,/users/syamala-vyshnavi/badges
Parwez,,Ahmad,2,/users/parwez-ahmad/badges
Soumya,,Sreenath Nair,1,/users/soumya-sreenath-nair/badges
Podili,,Ratna Priya,1,/users/podili-ratna-priya/badges
PRIYANSHU,JAYPRAKASH,MAURYA,1,/users/priyanshumaurya/badges
Viknesh,,S,1,/users/viknesh-s.dfe78756/badges
Prudhviraj Naik,,Mude,2,/users/prudhviraj-naik-mude/badges
Kaushik,,Kundu,1,/users/kaushik-kundu.7115845f/badges
Shraddha,,Vibhute,1,/users/shraddha-vibhute/badges
Rajeesh,,Raghavan,1,/users/rajeesh-raghavan.b3237ffc/badges
arijeet,,ganguly,1,/users/arijeet-ganguly.725cbdaf/badges
DEVIKA,,V,1,/users/devika-v.ecd20766/badges
Karthik,,Edara,1,/users/karthik-edara.54b23f06/badges
mahesh,,mahi,1,/users/mahesh-mahi.c0fcaab9/badges
Nishant Narayan,,Singh,1,/users/nishant-singh.3cff834e/badges
Anup,,Mondal,1,/users/anup-mondal.6c4bf9e1/badges
GOWTHAM,,S,1,/users/gowtham-s.1613452d/badges
Gautama,,Modak,1,/users/gautama-modak.92257ea3/badges
Lakshmi Aruna,,Mandalika,1,/users/lakshmi-aruna-mandalika/badges
Hrushikesh,,Kulkarni,1,/users/hrushikesh-kulkarni.0d60c849/badges
SARIKA,,A S,1,/users/sarika-a-s/badges
Hemanth Kumar,,Bogadi,1,/users/hemanth-kumar-bogadi/badges
Boddu,,Sai Pawan Bhargav,2,/users/boddu-sai-pawan-bhargav/badges
vinay kumar,,kommu,1,/users/vinay-kumar-kommu/badges
Prachi,,Sadwelkar,1,/users/prachi-sadwelkar/badges
ANAND,,KADA,1,/users/anand-kada/badges
VIJAY,,A S,2,/users/vijay-a-s.96131f67/badges
Chatta,,Nikhita,2,/users/chatta-nikhita/badges
navya,,joseph,1,/users/navya-joseph.d35d5fbf/badges
Madhan Mohan,,Mohanan,1,/users/madhan-mohan-mohanan/badges
Sujitha,,Govindarajan,1,/users/sujitha-govindarajan/badges
Hemnath,,R,1,/users/hemnath-r.a5b6380d/badges
Yogeswari,,Kumarasamy,1,/users/yogeswari-kumarasamy/badges
Sujit,,Panda,1,/users/sujit-panda.e2448643/badges
Vasanthan,,S,1,/users/vasanthan-s.2cba15e1/badges
Kothagundla,,Nokesh,1,/users/kothagundla-nokesh/badges
vigneswara,,gopal,1,/users/vigneswara-gopal/badges
YOGENDTHIRA,,V K,1,/users/yogendthira-v-k/badges
priya,,dawale,1,/users/priya-dawale.244cc231/badges
UPPALAPATI YUKTHA SIRI,,.,1,/users/uppalapati-yuktha-siri/badges
GURREDDY,,SATHYAVARDHAN REDDY,1,/users/gurreddy-sathyavardhan-reddy/badges
Aayush,,Sahay,1,/users/aayush-sahay.bce24f51/badges
gopal,,loganathan,1,/users/gopal-loganathan/badges
NAGA JALA SURYANARAYANA,,BASSA,1,/users/naga-jala-suryanarayana-bassa/badges
manish,,ranjan,1,/users/manish-ranjan.963ec652/badges
Rohit,,Mamidwar,2,/users/rohit-mamidwar/badges
Anutosh,,Roy,2,/users/anutosh-roy/badges
SHRUTI,,NEMA,1,/users/shruti-nema/badges
Dinesh Kumar,,Palla,2,/users/dinesh-kumar-palla/badges
Satish,,Nandigam,1,/users/satish-nandigam/badges
poosammal,,chinnathambi,1,/users/poosammal-chinnathambi/badges
Nandan,,Wewhare,1,/users/nandan-wewhare/badges
Dharshana,,R,1,/users/dharshana-r/badges
Siva Teja,,Jakkula,1,/users/siva-teja-jakkula/badges
Guna Abhiram,,Bondada,1,/users/guna-abhiram-bondada/badges
Dharshini,,N,1,/users/dharshini-n.d057a063/badges
Neha,,Goyal,1,/users/neha-goyal.e53ca423/badges
Rakhil,,R,1,/users/rakhil-r.c0007e1e/badges
Eshwar,,Gottupalli,1,/users/eshwar-gottupalli/badges
Jaseena,,N,1,/users/jaseena-n.16fd34fc/badges
Durgesh,,Dubey,1,/users/durgesh-dubey.03869331/badges
Vibha,,Garg,1,/users/vibha-garg/badges
Abhishek,,Nallana,2,/users/abhishek-nallana/badges
Kolla,,Aravind,1,/users/kolla-aravind.721e27b4/badges
Ravikala,,Paruchuri,2,/users/ravikala-paruchuri/badges
Kritik,,Tiwary,2,/users/kritik-tiwary/badges
VEERENDRA KIRAN KUMAR,,KASANI,1,/users/veerendra-kiran-kumar-kasani/badges
Viknesh,,R,1,/users/viknesh-r.d527f244/badges
Sushma,,Hegde,1,/users/sushma-hegde.71c2e0cc/badges
Harikeshwaran,,M,1,/users/harikeshwaran-m/badges
Thiruvenkadam,,Venkatachalam,1,/users/thiruvenkadam-venkatachalam/badges
Vineeth,,Duvvuri,1,/users/vineeth-duvvuri/badges
vijay,,datt,1,/users/vijay-datt.771e6dff/badges
Shafna,,Lava,1,/users/shafna-lava/badges
Srinivash,,R,1,/users/srinivash-r.66dccefc/badges
Ankalu Abhishakth,,Kumar,2,/users/ankalu-abhishakth-kumar.82d1af23/badges
Anurag,Dilip,Sawant,1,/users/anurag-sawant/badges
Devang,,Sinha,1,/users/devang-sinha.65e4b9a3/badges
Apeksha,,patil,1,/users/apeksha-patil.764814b0/badges
Shamitha,,S,1,/users/shamitha-s.759c2a6c/badges
Priyanka,,Gupta,1,/users/priyanka-gupta.8c5ac387/badges
Sravanth,,Chinna,1,/users/sravanth-chinna/badges
vidyasagar,,reddy,1,/users/vidyasagar-reddy.e54dd95f/badges
Vadaparthi,,Subhash,1,/users/vadaparthi-subhash/badges
Yash,,Joshi,1,/users/yash-joshi.e335a12d/badges
Jerome,,Jotty,1,/users/jerome-jotty/badges
Anil,,Yadav,1,/users/anil-yadav.a58872e5/badges
Rohan,,Ballary,1,/users/rohan-ballary/badges
Mohit,,Singh,1,/users/mohit-singh.443332bd/badges
Pratik,,Oza,1,/users/pratik-oza.2afcb29c/badges
ABISHEK,,N,1,/users/abishekn/badges
PUSHPENDRA,,SINGH,1,/users/pushpendra-singh.7c2920f7/badges
Rohan,,Karadage,1,/users/rohan-karadage/badges
Haritha,,Shilpi,1,/users/haritha-shilpi/badges
Rasmi,,Ranjan,1,/users/rasmi-ranjan.61d7de1b/badges
Divyanshu,,Dubey,1,/users/divyanshu-dubey.e7f50593/badges
Anupama,,Nikam,1,/users/anupama-nikam/badges
Revathy,,shanmugam,1,/users/revathy-shanmugam/badges
Kartik,,.,1,/users/kartik-googleuser/badges
Syam,,Krishnan,1,/users/syam-krishnan.4e8f4fb3/badges
Karthikeyan,,V,1,/users/karthikeyan-v.89d770c2/badges
Chinmayee,,Mothukuri,1,/users/chinmayee-mothukuri/badges
Hardik,,Mamtora,1,/users/hardik-mamtora.9e23f42b/badges
Amit,,Bhatt,1,/users/amit-bhatt.bf591452/badges
Avinash,,Inavolu,2,/users/avinash-inavolu.78301205/badges
Harsh,,Tiwari,1,/users/harsh-tiwari.712c18c1/badges
Poulami,,Pal,1,/users/poulami-pal.7fd4e6e6/badges
Gopinath,,Lakshmanan,1,/users/gopinath-lakshmanan.8e2fd1b2/badges
venkatesh,,o,1,/users/venkatesh-o/badges
Sk,,Sagar,1,/users/sk-sagar.fe9af69b/badges
MANEESHA,,M S,1,/users/maneesha-m-s.f0b80902/badges
Phanindra,,Bandaru,2,/users/phanindra-bandaru/badges
karthik reddy,,kunduru,2,/users/karthik-reddy-kunduru/badges
Silpa,,K,1,/users/silpa-k.f1ee4608/badges
PRITY,,PRIYA,1,/users/prity-priya/badges
Arpita,,Tripathy,1,/users/arpita-tripathy.9716bf6d/badges
Manish,,Burnwal,1,/users/manish-burnwal.f5817923/badges
Niraj,,Kheria,1,/users/niraj-kheria/badges
Ashik M,,Hussain,1,/users/ashik-m-hussain.98a3640a/badges
Marie Joseph Antony Patrick,,E,1,/users/marie-joseph-antony-patrick-e/badges
Sowjanya,,Sripada,2,/users/sowjanya-sripada/badges
MAJJI,,CHAKRADHAR,1,/users/majji-chakradhar/badges
Sai Bhaskar,,Nanduri,1,/users/sai-bhaskar-nanduri.eac072ed/badges
Pooja,,Rupanwar,1,/users/pooja-rupanwar/badges
Nandini,,Das,1,/users/nandini-das.f30b59a7/badges
Sundarakannan,,M,1,/users/sundarakannan-m/badges
MINUMULA,,ARUN,1,/users/minumula-arun/badges
Niladri,,Roy Chowdhury,1,/users/niladri-roy-chowdhury.c0d943da/badges
Aditya,,Vasipalli,1,/users/aditya-vasipalli/badges
Sanjay,,Agrawal,1,/users/sanjay-agrawal.b50a58ef/badges
Debasmita,,Giri,2,/users/debasmita-giri.790b1cc5/badges
Niraj,,Kumar,2,/users/niraj-kumar.91671fa8/badges
Satyavarapu,,Vinay Raj,2,/users/satyavarapu-vinay-raj.64aeb20d/badges
Vipul,,Kumar,1,/users/vipul-kumar.e82741a8/badges
harish Kumar,,M,1,/users/harish-kumar-m.850c0626/badges
Dineshkumar,,S,1,/users/dineshkumar-s.bc8fbb80/badges
SHALINI,,R,1,/users/shalini-r.02d5a70a/badges
Ashwini,,Raghu,1,/users/ashwini-raghu.7bd41018/badges
Kaligotla,,Karthik,2,/users/kaligotla-karthik.ccbc57b6/badges
Banashree,,S,1,/users/banashree-s/badges
Saurav,,Singh,1,/users/saurav-singh.afbe82fd/badges
Saksham,,Joshi,1,/users/saksham-joshi.a9f2a68c/badges
Balaji sriram,,V,2,/users/balaji-sriram-v/badges
Thoranala,,Varunraj,1,/users/thoranala-varunraj.0ac6e8b3/badges
Abdul,,Ayaaz,2,/users/abdul-ayaaz/badges
Subhadeep,,Roy,1,/users/subhadeep-roy.a260773c/badges
DEEPAK,,SHAW,1,/users/deepak-shaw.bd825760/badges
Ponnekanti,,Kavya,1,/users/ponnekanti-kavya/badges
Shubhankar,,Gupta,1,/users/shubhankar-gupta.97f4e9c0/badges
Swansh,,Shree,1,/users/swansh-shree/badges
Neha,,Chauhan,2,/users/neha-chauhan.0260842e/badges
Krishnanunni,,S,2,/users/krishnanunni-s.fd7a133d/badges
Shivayogi,,B K,1,/users/shivayogi-b-k/badges
Chethana,,Manjunath,1,/users/chethana-manjunath/badges
Ayushmaan,,Khulbe,1,/users/ayushmaan-khulbe/badges
Mohsin,,Khan,1,/users/mohsin-khan.f52aa751/badges
KARTIK,,KARANWAL,1,/users/kartik-karanwal.cab271b1/badges
Jay,,Visaria,2,/users/jay-visaria.a06fd360/badges
Garima,,Gupta,1,/users/garima-gupta.1ec5f419/badges
Anshu,,Dhar,1,/users/anshu-dhar.90d7c730/badges
ATHEM,,NIKHITHA,1,/users/athem-nikhitha/badges
Ujjwal,,Khanna,1,/users/ujjwal-khanna.c4cda560/badges
Nikhitha,,Gopal,1,/users/nikhitha-gopal.c7650a9e/badges
Shivam Shiv,,Thakur,2,/users/shivam-shiv-thakur/badges
MD,,Sadique,1,/users/md-sadique.f9f9a2c4/badges
KRISH,,KUMAR,1,/users/krish-kumar.c5a3dbe1/badges
Garima,,Mogha,1,/users/garima-mogha.82a63a97/badges
mayank,,vishwakarma,1,/users/mayank-vishwakarma.08e75d6b/badges
Tharun Pani Sankar,,Muntha,2,/users/tharun-pani-sankar-muntha.7f52e44c/badges
Nilay,,Roy,1,/users/nilay-roy.eb938580/badges
Lalith,,Vaishnav,1,/users/lalith-vaishnav/badges
Sudhanshu,,Mishra,1,/users/sudhanshu-mishra.bb41e5db/badges
N S,,Priyadharsini,1,/users/n-s-priyadharsini/badges
Nishanth,,K R,1,/users/nishanth-k-r.5a739c84/badges
Mahesh,,Saini,1,/users/mahesh-saini.bcdfd5e2/badges
Akhil Yadav,,G,1,/users/akhil-yadav-g/badges
Ujjwal,,Raj,1,/users/ujjwal-raj.71fe79b6/badges
ABHINEET,,.,1,/users/richkeed/badges
Roshan,,Jha,1,/users/roshan-jha.e4226711/badges
RAJ KUMAR,,SHIHI,1,/users/raj-kumar-shihi/badges
Resham,,Verliani,1,/users/resham-verliani/badges
Chokkakula,,Praveen Kumar,1,/users/chokkakula-praveen-kumar.f1971930/badges
Swathi,,Bora,1,/users/swathi-bora.cbf6011c/badges
Dipika,,Ray,1,/users/dipika-ray.20f59fc2/badges
Rajat,,Dwivedi,1,/users/rajat-dwivedi.c3ba9f80/badges
Patrick Andrews,,M,1,/users/patrick-andrewsm/badges
sindhuka,,S,1,/users/sindhuka-s.c735647a/badges
sarvottam,,kumar,1,/users/sarvottam-kumar.07428b85/badges
Moulieswaran,,B,1,/users/moulieswaran-b.7c4a5330/badges
Siva Rama Krishna,,Naradala,1,/users/siva-rama-krishna-naradala.98998a55/badges
Baratam,,Sri Manikanta,1,/users/baratam-sri-manikanta/badges
Sabarinathan,,Mani,1,/users/sabarinathan-mani.84c97ae1/badges
Sunil Kumar,,Panda,1,/users/sunil-kumar-panda.469420cd/badges
Harsh,,Kumar,2,/users/harsh-kumar.bec3ad2b/badges
Subham,,Chaudhary,2,/users/subham-chaudhary.2183f244/badges
Manoj,,Kumar,2,/users/manoj-kumar.5348d6b2/badges
N Neeharika,,Reddy,1,/users/n-neeharika-reddy/badges
RAYALA CHERUVU,,VARSHITHA,2,/users/rayala-cheruvu-varshitha/badges
Rajasekhar Reddy,,Sirivella,1,/users/rajasekhar-reddy-sirivella/badges
Koti Karthik,,Davuluru,1,/users/koti-karthik-davuluru/badges
Alfred,,Stanley,3,/users/alfred-stanley/badges
sunkara,,mahesh,1,/users/sunkara-mahesh.95f42826/badges
Uday Kumar,,Madamsetty,1,/users/uday-kumar-madamsetty/badges
Mourupa,,Datta,1,/users/mourupa-datta.48e34aaa/badges
Aravindh,,Ravi,1,/users/aravindh-ravi.d2481bac/badges
Rushikesh,,Maindargi,1,/users/rushikesh-maindargi/badges
Ajay,,VH,1,/users/ajay-vh/badges
Monishkumar,,A,1,/users/monishkumar-a.59e6939e/badges
Anuja,,Dake,1,/users/anuja-dake.78f3545c/badges
Shashank,,Nema,4,/users/shashank-nema.39fefed9/badges
Jupudi Athreayasa,,Kalyan,2,/users/jupudi-athreayasa-kalyan/badges
Chaitanya,,Bonela,2,/users/chaitanya-bonela.ba82db89/badges
Manoj Durai,,S,1,/users/manoj-durai-s.c661dd54/badges
Vinayak Chandra,,Madapathi,1,/users/vinayak-chandra-madapathi/badges
Avi,,Gharia,1,/users/avi-gharia/badges
Jayesh,,Kumawat,1,/users/jayesh-kumawat/badges
Som,,Da,1,/users/som-da/badges
Ankita,,Maitra,1,/users/ankita-maitra.36da110b/badges
Jillala,,Mahendhar,1,/users/jillala-mahendhar/badges
Daniel,,Jadi,1,/users/daniel-jadi/badges
Mona,,Thorat,1,/users/mona-thorat.0461c005/badges
Shruti,,Paul,1,/users/shruti-paul.ba3d8787/badges
Abhimanyu,,Dagar,1,/users/abhimanyu-dagar/badges
SreeKanthi,,Pujari,1,/users/sreekanthi-pujari/badges
Madhumitha,,Udhayashankar,1,/users/madhumitha-udhayashankar.8670e6f2/badges
KARICHEDU,,SRIRANJITHA,1,/users/karichedu-sriranjitha/badges
Koti,,Konapala,1,/users/koti-konapala/badges
Saravanan,,Rajkumar,1,/users/saravanan-rajkumar/badges
S. BENJAMIN,,DEVA SAKAYAM,1,/users/s-benjamin-deva-sakayam/badges
Arnab,,Ghosh,1,/users/arnab-ghosh.8c7aec5b/badges
Aarif,,Khan,1,/users/aarif-khan.f0e46e9a/badges
Salomi,,Jenjaram,1,/users/salomi-jenjaram.3972b453/badges
Mohamed,,Rafi U,2,/users/mohamed-rafi.c9bb57ce/badges
Shivam,,Patil,2,/users/shivampatil/badges
md,,ilyas,1,/users/md-ilyas/badges
Shilpa,,G P,1,/users/shilpa-g-p.976df83b/badges
Liton,,Bhowmick,1,/users/liton-bhowmick/badges
Krrish,,Chhabra,1,/users/krrish-chhabra.6f56a216/badges
Prajwal Madhyastha,,K P,1,/users/prajwal-madhyastha-k-p.58ccc936/badges
prashant,,kumar,2,/users/prashant-kumar.f75a9c0b/badges
RISHABH,,RANJAN,2,/users/rishabh-ranjan.fab018ec/badges
Pavan kalyan,,Nayakam,1,/users/pavan-kalyan-nayakam/badges
ANKIT,,VYAS,1,/users/ankit-vyas.58952844/badges
Mahalakshmi,,S,1,/users/mahalakshmi-s.6217a9a0/badges
Sanath,,R,2,/users/sanath-r.bf834893/badges
Akshay,,Botre,1,/users/akshay-botre/badges
TANUNJOY,,ROY,1,/users/tanunjoy-roy/badges
Susmita,,Pal,1,/users/susmita-pal.a2eb7109/badges
Balaji,,Kenchanapalli,2,/users/balaji-kenchanapalli/badges
Iram,,Naz,1,/users/iram-naz.3b950124/badges
Vivek,,Sharma,1,/users/vivek-sharma.6b001f54/badges
Nischay,,Patel,2,/users/nischay-patel.3b5d4737/badges
Saravanan,,N,1,/users/saravanan-n.3b4d0d4f/badges
Sourav,,Maheswary,1,/users/sourav-maheswary/badges
Badri Venkata,,Sai Kiran,2,/users/badri-venkata-sai-kiran/badges
Ruchika,,Sharma,1,/users/ruchika-sharma.fe278339/badges
Vineeth,,Venugopal,1,/users/vineeth-venugopal.15986269/badges
Trishna,,Biswas,1,/users/trishna-biswas.38142ed5/badges
Mohini,,Galhotra,1,/users/mohini-galhotra/badges
pratiksha,,sawane,1,/users/pratiksha-sawane/badges
Pooja,,Rani,1,/users/pooja-rani.02b5957f/badges
LINGESH,,K M,1,/users/lingesh-k-m.65f78539/badges
Samiksha,,Jain,2,/users/samiksha-jain.69888dc3/badges
R.Sikkandar,,Sahabudeen,1,/users/r-sikkandar-sahabudeen/badges
Sanjay,,S,2,/users/sanjay-s.896d0cec/badges
Naguri,,Khader Basha,2,/users/naguri-khader-basha/badges
Dhinesh,,C B,1,/users/dhinesh-c-b/badges
Sangeetha,,Srinivasan,1,/users/sangeetha-uthamalingham/badges
Nikhil,,Mangali,1,/users/nikhil-mangali/badges
Anasua,,Nath,1,/users/anasua-nath.8ad99210/badges
Satheesh,,Kannan,1,/users/satheesh-kannan.fd52969f/badges
Madaka,,Saikiran,1,/users/madaka-saikiran/badges
Sumith,,Thota,1,/users/sumith-thota/badges
Kashi Viswanathan,,Suresh,1,/users/kashi-viswanathan-suresh/badges
Maurya,,Satish,1,/users/satish-mourya.f8ec8dbf/badges
snehil,,sah,2,/users/snehil-sah/badges
Ayush,,Agarwalla,1,/users/ayush-agarwalla.3e7b72f2/badges
Vikraman,,P,1,/users/vikraman-p.20352051/badges
Basil,,Eldho,1,/users/basil-eldho.bfa5f4ac/badges
SHASHANK MOURYA,,PIPPARI,1,/users/shashank-mourya-pippari.2b407859/badges
Sri Narayana,,Tejaji,1,/users/sri-narayana-tejaji/badges
Mahammad,Jahid,Faishal,1,/users/mahammad-jahid-faishal/badges
Amit,,Chandola,2,/users/amit-chandola.cb54b356/badges
Aditya,,Kumar,2,/users/aditya-kumar.f030a3f5/badges
P,,Reshma,2,/users/p-reshma.96039de8/badges
Dilip,,Sarvaiya,1,/users/dilip-sarvaiya.eb009c18/badges
Prathmesh,,Shinde,1,/users/prathmesh-shinde.665d178c/badges
Suraj,,.,1,/users/surajpynb/badges
Girik,,Jindal,2,/users/girik-jindal/badges
ROHIT,,R,2,/users/rohit-r.a5f671c3/badges
Ravijot,,Kauldhar,3,/users/ravijot-kauldhar/badges
Titiksha,,Bansal,1,/users/titiksha-bansal/badges
RAJESH,,MENON,1,/users/rajesh-menon.8101f967/badges
Santhosh,,Thomas,1,/users/santhosh-thomas.eb5dc0f1/badges
Siva Kumar,,Neelakanttam,1,/users/siva-kumar-neelakanttam/badges
Santanu,,Bhar,2,/users/santanu-bhar.82379428/badges
Sravanthi,,Anuchuri,1,/users/sravanthi-anuchuri.26ad67bf/badges
Jibin,,Varghese,1,/users/jibin-varghese.fe509fd6/badges
Bhaskar,,Jalagam,1,/users/bhaskar-jalagam/badges
Swaminathan,,C,1,/users/swaminathan-c.72ea123c/badges
Harish,,R,2,/users/harish-r.e952d9c2/badges
Payel,,Ganguly,1,/users/payel-ganguly.859be541/badges
AISWARYA,,A S,1,/users/aiswarya-a-s.6c2a85eb/badges
Sanjay,,Sridharan,2,/users/sanjay-sridharan/badges
Avuthu,,Baby bhavana,1,/users/avuthu-baby-bhavana/badges
Arya,,Mohan.L,1,/users/arya-mohan-l.63edf7d7/badges
Ashika,,V S,1,/users/ashika-v-s/badges
Rajshekhar,,.,2,/users/rajshekhar.608b7d7b/badges
Satavisha,,Chakraborty,1,/users/satavisha-chakraborty.f1818da8/badges
Bhargav,,Akshith,1,/users/bhargav-akshith/badges
Devasis,,Mayengbam,1,/users/devasis-mayengbam/badges
Santhosh,,Kumar R,1,/users/santhosh-kumar-r.cc5fa95f/badges
Srivatsan,,C,2,/users/srivatsan-c.b01efb73/badges
jaswanth,,nanduri,2,/users/jaswanth-nanduri/badges
Avinash,,Patil,2,/users/avinash-patil.e8861c16/badges
Ashwini,,Katore,1,/users/ashwini-katore.26fff363/badges
Kanika,,.,1,/users/kanika.ff510565/badges
Saravanakarthikeyan,,chelliah,1,/users/saravanakarthikeyan-chelliah/badges
Anuj,,Kuralkar,1,/users/anuj-kuralkar/badges
Hemanth,,Vedantam,1,/users/hemanth-vedantam.2006ec55/badges
Sanjeevarao,,Sakhamudi,1,/users/sanjeevarao-sakhamudi.7457672e/badges
Jayant,,Marathe,2,/users/jayant-marathe.d7f69427/badges
K Sathya,,Prakash,1,/users/k-sathya-prakash/badges
Angela,,Chakraborty,1,/users/angela-chakraborty/badges
HARIKRISHNA,,JIJU,1,/users/harikrishna-jiju/badges
Dinesh Kumar,,Ramani,1,/users/dinesh-kumar-ramani.1c7d6485/badges
Rekha,,Mohan Lal,1,/users/rekha-mohan-lal/badges
Manik,,Sheoran,1,/users/manik-sheoran/badges
Joshua,,Liantluanga,1,/users/joshua-liantluanga/badges
SHRINJOYI,,CHHETRI,1,/users/shrinjoyi-chhetri/badges
Ritik,,Jain,1,/users/ritik-jain.8a4be6bd/badges
Pramod,,Kumar,2,/users/pramod-kumar.1d243f0d/badges
Tarique,,Naseem,2,/users/tarique-naseem/badges
Thirumavalavan,,Chinnusamy,2,/users/thirumavalavan-chinnusamy/badges
Harsh,Kamleshkumar,Rana,1,/users/harsh-rana.48837dbb/badges
Mohit,,Das,2,/users/mohit-das.7d8f7708/badges
nikith,,tankashala,2,/users/nikith-tankashala/badges
JYOTRIMAYA,,SWAIN,1,/users/jyotrimaya-swain/badges
Swapnil,,Devale,1,/users/swapnil-devale/badges
Safa,,R H,1,/users/safa-r-h/badges
manoj,,patra,1,/users/manoj-patra.e0558cdb/badges
Anannya,,Ajit V A,1,/users/anannya-ajit-v-a/badges
Anwesha,,Elna,1,/users/anwesha-elna/badges
Nameera,,.,1,/users/nameera/badges
Jigar,,Prajapati,1,/users/jigar-prajapati.260da651/badges
Nandhakumar,,S,1,/users/nandhakumar-s.39033954/badges
durga prasad,,sahoo,2,/users/durga-prasad-sahoo.44ec8721/badges
Arvind,,Kumar,2,/users/arvind-kumar.6a40cb2d/badges
Dhiraj,,Jadhav,1,/users/dhiraj-jadhav.eec06f1e/badges
Narmadha,,S,1,/users/narmadha-s.41050d52/badges
Hemanth,,R,2,/users/hemanth-r.7f7b957f/badges
PRASANNA KUMARI,,JANAKI,1,/users/prasanna-kumari-janaki/badges
Abirami,,Ramachandran,1,/users/abirami-ramachandran.cee5a806/badges
Pankaj,,Chaudhary,1,/users/pankaj-chaudhary.7a154a1a/badges
Nelson,,Karwadi,2,/users/nelson-karwadi/badges
Sagnik,,Sinha,1,/users/sagnik-sinha.00c980dc/badges
Dipesh,,Verma,1,/users/dipesh3verma/badges
Manasri,,N.I,1,/users/manasri-n-i/badges
Adithyan,,Thazhathedathu Surendran,1,/users/adithyan-thazhathedathu-surendran.510ce92c/badges
Ramachandran,,M R,1,/users/ramachandranmr88/badges
Nagasreyas,,Doopakuntla Mahendra,1,/users/nagasreyas-d-m/badges
Gowtham,,Geddam,1,/users/gowtham-geddam/badges
Harsh,,Kantharia,1,/users/harsh-kantharia.71fce096/badges
Pradheep,,S,1,/users/pradheep/badges
Suvarna Anjali,,Narala,1,/users/suvarna-anjali-narala/badges
Mannepalli,,Praveena,2,/users/mannepalli-praveena.af8c3861/badges
Asif,,Aftab,1,/users/asif-aftab.e6c33f5d/badges
Shravanthi,,C.K,2,/users/shravanthi-c-k.411d21ce/badges
Shivender,,Chaudhary Meel,2,/users/shivender-chaudhary-meel/badges
PAVAN KALYAN,,JONNALAGADDA,2,/users/pavan-kalyan-jonnalagadda/badges
Shreyash,,Shrivastava,2,/users/shreyash-shrivastava/badges
ABHISHEK,,NANDIMATH,1,/users/abhishek-nandimath/badges
Ayushi,,Mukherjee,1,/users/ayushi-mukherjee.44fc67d4/badges
Dilanshi,,Varshney,1,/users/dilanshi-varshney/badges
Amit,,Kumar,1,/users/amit-kumar.af77c3f0/badges
Venkatesh,,V M,1,/users/venkatesh-v-m.cd82b0f1/badges
SIVANNARAYANA,,CHIMATA,1,/users/sivannarayana-chimata/badges
Jeevitha,,Jithendra,1,/users/jeevitha-jithendra/badges
chandrasekhar,,s,1,/users/chandrasekhar-s/badges
Ranjita,,Ps,1,/users/ranjita-ps/badges
Udaybhanu,,Karmakar,1,/users/udaybhanu-karmakar/badges
Aayush,,Kumar,1,/users/aayush-kumar.c833ab11/badges
Lakshmi Sri Satya,,Kurella,1,/users/lakshmi-sri-satya-kurella/badges
Sourabh,,Kumar,1,/users/sourabh-kumar.211de9c9/badges
SHANMUGAGURU,,G,1,/users/shanmugaguru-g/badges
SANDEEP KUMAR,,KARMKAR,2,/users/sandeep-kumar-karmkar.48831642/badges
Sathiyasarathy Navaneetham,,Chandrasekar,1,/users/sathiyasarathy-navaneetham-chandrasekar/badges
Pravin,,Dhobale,1,/users/pravin-dhobale.98e0c962/badges
Ankita,,Kalbhor,2,/users/ankita-kalbhor/badges
ARNAB,,SARKAR,1,/users/arnab-sarkar.28d86325/badges
Rakesh,,Dakhore RD,1,/users/rakesh-dakhore-rd/badges
Bhanu sankar,,Bezawada,2,/users/bhanu-sankar-bezawada.f3a72462/badges
Hemant,,Raj,1,/users/hemant-raj.9491eba0/badges
Swayana,,R,2,/users/swayana-r/badges
Vineet,,Kumar,2,/users/vineet-kumar.039f7958/badges
Adarsh,,_,1,/users/adarsh-_/badges
Deepika,,R,2,/users/deepika-r.e36e75a1/badges
JATIN,,GUPTA,1,/users/jatin-gupta.9b940bbc/badges
Lakshmi Manasa,,Pokanati,1,/users/lakshmi-manasa-pokanati/badges
Merin,,Jose,1,/users/merin-jose.16cd8b87/badges
Naveen Kumar,,Polipalli,1,/users/naveen-kumar-polipalli.d09c64cf/badges
Om Prakash,,Mohapatra,1,/users/om-prakash-mohapatra/badges
GUDIPATI,,LAYAVARDHAN REDDY,1,/users/gudipati-layavardhan-reddy/badges
Vikas,,Parvate,1,/users/vikas-parvate/badges
Baibhav,,Vishal,1,/users/baibhav-vishal/badges
Aasim,,Malik,1,/users/aasim-malik/badges
Sagnik,,Chakraborty,1,/users/sagnik-chakraborty.d069dfc6/badges
Swathi,,G,1,/users/swathi-g.68ed582b/badges
shanker,,salil,1,/users/shanker-salil/badges
Masapeta,,Alisha Anjum,1,/users/masapeta-alisha-anjum/badges
Sai,,Tharun,1,/users/sai-tharun.414a4716/badges
Keerthi Sri,,S B,1,/users/keerthi-sri-s-b/badges
Sonal,,Yadav,1,/users/sonal-yadav.4ef0f9c5/badges
Kanak,,Tandon,1,/users/kanak-tandon.f35b1616/badges
Bhavani,,Tadimalla,1,/users/bhavani-tadimalla.9e17b6ab/badges
Naveen,,Devarajan,1,/users/naveen-devarajan/badges
Nikhil,,Jain,2,/users/nikhil-jain.8b50393f/badges
SHAIK JALAL,,KHAJA MOHIDDIN,1,/users/shaik-jalal-khaja-mohiddin/badges
Dontula,,Gopi brahmaiah,1,/users/dontula-gopi-brahmaiah/badges
Neeraj,,Kumar,1,/users/neeraj-kumar.7aefd3df/badges
Jibin,,Jose,1,/users/jibin-jose.5aeeb78f/badges
Satyaravikiran,,Gudapudi,1,/users/satyaravikiran-gudapudi/badges
Clintan Cyril,,A,2,/users/cyril-a/badges
K Pavan,,Kumar,2,/users/k-pavan-kumar.fcaeaabb/badges
D BHEEMESWARA,,CHOWDARI (RA2111042010020),1,/users/d-bheemeswara-chowdari-ra2111042010020/badges
Sameer,,Bhujbal,1,/users/sameer-bhujbal/badges
Mayank,,Jain,1,/users/mynkjn/badges
Prasath,,P,1,/users/prasath-p.18fb1311/badges
Suchita,,Patil,1,/users/suchita-patil.47f5aff5/badges
Vijay V,,Gurunanee,1,/users/vijay-v-gurunanee/badges
Dev,,Mondal,1,/users/dev-mondal.580acc8f/badges
Ankit,,kumar,1,/users/ankit-kumar.f15f4653/badges
Rini,,Rajan,1,/users/rini-rajan.9cbe3877/badges
Aakanksha,,Samota,1,/users/aakanksha-samota/badges
Arjun,,Sethiya`,2,/users/arjun-sethiya/badges
Sampriti,,Guha,1,/users/sampriti-guha.e8aefc9e/badges
Ankit Kumar,,Singh,1,/users/ankit-kumar-singh.15ab2da3/badges
Harish,,Nelson,1,/users/harish-nelson/badges
Vidya,,V C,2,/users/vidya-v-c/badges
Antaryami,,Sahoo,2,/users/antaryami-sahoo.b11c971b/badges
Loga priyadharshini,,Y,1,/users/loga-priyadharshini-y/badges
AATHISHWAR,,V,1,/users/aathishwar-v/badges
Monojit,,Saha,1,/users/monojit-saha.7a81ec4a/badges
Malaya,,Malu,1,/users/malaya-malu/badges
Deepika,,Jodve,1,/users/deepika-jodve/badges
Dhiraj Kumar,,Mandal,2,/users/dhiraj-kumar-mandal/badges
Shivangi,,Rautela,1,/users/shivangi-rautela.cbb0482d/badges
Raviteja,,Meenavilli,1,/users/raviteja-meenavilli/badges
Guntupalli,,Vasudeva,1,/users/guntupallivasudeva/badges
Gokul Raj,,K,1,/users/gokul-raj-k.d747c3ad/badges
Dhanush,,Nagisetti,1,/users/dhanush-nagisetti.54b3490b/badges
Akshay,,Jawarkar,1,/users/akshay-jawarkar.740e9ea2/badges
Aadithian,,Smitha Biju,2,/users/aadithian-smitha-biju/badges
Nandu vivek,,Singanaboina,1,/users/nandu-vivek-singanaboina/badges
Suraj,,Dubey,1,/users/suraj-dubey.2b72f7ff/badges
Vishal,,K,2,/users/vishal-k.e4e6069f/badges
Mohanraj,,A,1,/users/mohanraj-a.d612eb51/badges
Atanu,,Ghosh,1,/users/atanu-ghosh.3d134f6c/badges
santhosh kumar,,Bammidi,1,/users/santhosh-kumar-bammidi/badges
Jyotirmoy,,Sarkar,1,/users/jyotirmoy-sarkar.680010b4/badges
Surya Pratap,,Singh,1,/users/surya-pratap-singh.78c45091/badges
Vinay,,Harel,1,/users/vinay-harel/badges
Akhila,,Raj,2,/users/akhila-raj.acec6e38/badges
Ketan,,Pardhi,1,/users/ketan-pardhi.f57fa3e3/badges
Nidhi,,Maurya,1,/users/nidhi-maurya.03204291/badges
Divya,,Rana,1,/users/divya-rana.aba3991b/badges
Sai Venkatesh,,S,1,/users/sai-venkatesh-s.9842448c/badges
NITHIN,,MYLARAPPA KRISHNAMURTHY,1,/users/nithin-mylarappa-krishnamurthy/badges
Subhadeep,,Basak,1,/users/subhadeep-basak/badges
Dheeraj,,Madhura,1,/users/dheeraj-madhura/badges
Gopika,,V,1,/users/gopika-v.ba86d11a/badges
devendra,,sharma,1,/users/devendra-sharma.6488a4d1/badges
Vignesh,,Thevendriya Anandam,1,/users/vignesh-thevendriya-anandam.834323f2/badges
Yeswanth Sri,,Pichhikala,1,/users/yeswanth-sri-pichhikala/badges
Anish,Kumar,Kumar Sahoo,2,/users/anish-kumar-sahoo.633e4f88/badges
Vasanti,,Bendre,3,/users/vasanti-bendre.f07f8f19/badges
Vaibhav,,Shukla,1,/users/vaibhav-shukla.fb03fbf6/badges
Ziad,,S I,1,/users/zi-ad/badges
Deepika,,K G,1,/users/deepika-k-g.d6af3053/badges
swathi,,aluganti,1,/users/swathi-aluganti/badges
GOKULPRASATH,,K,1,/users/gokulprasath-k/badges
MULLAPUDI,RAMESWARA LOKESH,ASRITH,2,/users/mullapudi-asrith/badges
Dhanaji,,Shinde,1,/users/dhanaji-shinde.6ebf8a91/badges
Aryan,,Bhardwaj,1,/users/aryan-bhardwaj.6cca4a71/badges
Tabrez,,Alam,3,/users/tabrez-alam.c1d477b8/badges
Vardhaman,,Bedage,1,/users/vardhaman-bedage.9bbace7f/badges
Sowmya,,Salivendra,1,/users/sowmya-salivendra/badges
Vishal,,Reddy,1,/users/vishal-reddy-811/badges
NEETHA,,KANNAMMATHRA SAJU,1,/users/neetha-kannammathra-saju/badges
Rincy,,Pereira,1,/users/rincy-pereira/badges
Mahesh,,Ratnaparkhe,1,/users/mahesh-ratnaparkhe.5e2f1c4a/badges
Shweta,,Yadav,1,/users/shweta-yadav.2cd0662c/badges
Arya,,Sankar,1,/users/arya-sankar.aee50be5/badges
Manish,,Aggarwal,1,/users/manish-aggarwal.db7efbe7/badges
Vivek,Ganesh,Sindagi,1,/users/vivek-sindagi/badges
Swathi,,T M,1,/users/swathi-t-m/badges
Nina,,Jayaprakash,1,/users/nina-jayaprakash/badges
Shubham,,Bhore,1,/users/shubham-bhore.48082616/badges
Kiruthik,,K,1,/users/kiruthik-k.cb820431/badges
Saddam,,Hussain,2,/users/saddam-hussain.b503f523/badges
RAGOUBADY,,PAVITHRA,2,/users/ragoubady-pavithra/badges
Thiyagu,,Gurusamy,1,/users/thiyagu-gurusamy/badges
debasish,,nag,1,/users/debasish-nag.6c6e9e84/badges
Kavitha,,Rajendran,1,/users/kavitha-rajendran.9e184ba7/badges
Avinna,,Nayak,1,/users/avinna-nayak/badges
Nidhi,,Jajda,1,/users/nidhi-jajda.c9e05a0f/badges
Arijit,,Bhattacharya,2,/users/arijit.bhattacharya/badges
Nidhun,,M D,1,/users/nidhun-m-d/badges
Shitij,,Mathur,2,/users/shitij-mathur.5322ec71/badges
Niyaz,,H,1,/users/niyaz-h.0974986c/badges
Utkarsh,,Shahare,1,/users/utkarsh-shahare.98df3445/badges
sesha ramesh,,kondreddi,1,/users/sesha-ramesh-kondreddi/badges
VIDISHA,,MANGAL,1,/users/vidisha-mangal/badges
Siddharth,,Agarwal,1,/users/siddharth-agarwal.2b44f11f/badges
Tridip,,Mitra,1,/users/tridip-mitra.6dc8c716/badges
Ramya,,k,1,/users/ramya-k.77bc4e4b/badges
Prakhar,,Singh,1,/users/prakhar-singh.8b82323e/badges
Anguluri,,Pranay,1,/users/anguluri-pranay/badges
swati,,dhah,1,/users/swati-dhah/badges
Guru,,Prasad,1,/users/guru-prasad.9e19b778/badges
Mani kanta,,Veluvula,1,/users/mani-kanta-veluvula/badges
Rinusha,,Maddala,2,/users/rinusha-maddala/badges
Manojkumar,,E S,1,/users/manojkumar-e-s.37d65d90/badges
Anjali,,Aggarwal,1,/users/anjali-aggarwal.430d9c89/badges
Reddicherla,,Sai Supriya,2,/users/reddicherla-sai-supriya.67408bef/badges
Saptaparna,,Misra,1,/users/saptaparna-misra/badges
Akash,,Chandralayam,1,/users/akash-c.b9d3141c/badges
Ani,,Gopal,1,/users/ani-gopal/badges
Shivashanmugam,,Kannan,2,/users/shivashanmugam-kannan/badges
Gayathri,,Kumaravel,1,/users/gayathri-kumaravel.3249cbf3/badges
Gokul,,R,2,/users/gokul-r.7ffc8087/badges
Md,,Zaid,2,/users/mozaid/badges
YAMINI,,METTU,1,/users/yamini-mettu.ba3c2e56/badges
Vadla,,Nikhil Chandra,1,/users/vadla-nikhil-chandra/badges
YERVA,,VINAY KUMAR REDDY,2,/users/vinay-kumar-yerva/badges
Vishal,,Dubey,2,/users/vishal-dubey.c02fa94e/badges
ORUGANTI,BHADRA LAKSHMI,SWETHA,1,/users/bhadra-lakshmi-swetha-oruganti/badges
SATYAM,,SINGH,1,/users/satyam-singh.98484e7a/badges
kushagra,,shrivastava,1,/users/kushagra-shrivastava.c207b581/badges
Pallab,,Ray,1,/users/pallab-ray/badges
Tarun,,Bajjuri,1,/users/tarun-bajjuri.b9fb1c6b/badges
Shaikshavali,,Momin,1,/users/shaikshavali-momin.59a58c80/badges
Thrinadh,,Medapati,1,/users/thrinadh-medapati/badges
Amar,,Pal,1,/users/amar-pal.b048eb63/badges
karthik,,s,1,/users/karthik-s.831ba162/badges
Prasad,,Reddy,1,/users/prasad-reddy.d7439c10/badges
Ramshek,,Rana,1,/users/ramshek-rana/badges
Loknath,,Chepuri,1,/users/loknath-chepuri/badges
Routhu,,Chandrakala,1,/users/routhu-chandrakala/badges
Anshuman,,Panigrahi,1,/users/anshuman-panigrahi/badges
SAMMED,,SHETTI,1,/users/sammed-shetti.e13def1b/badges
Sakshi,,Singhal,2,/users/sakshi-singhal.4b961d17/badges
Himanshu,,Dubey,1,/users/himanshu-dubey.86074849/badges
Tagaram,,Mahesh Babu,1,/users/tagaram-mahesh-babu/badges
Deepak Chandrasekar,,S,1,/users/deepak-chandrasekar-s/badges
Aditya,,Lawankar,1,/users/aditya-lawankar.995e3ccc/badges
Ranjan,,Shettigar,1,/users/ranjan-shettigar/badges
Aashish,,Morya,2,/users/aashish-morya.c220149a/badges
Amarjeet,,Sahoo,2,/users/amarjeet-sahoo/badges
ANOOJA,,S,2,/users/anooja-s/badges
Sreenivasa,,Reddy,1,/users/sreenivasa-reddy.18795b56/badges
Adoori,,Chandu,1,/users/adoori-chandu/badges
CHINTHA VARSHITH,,KUMAR,1,/users/chintha-varshith-kumar/badges
Ranveer,,Kumar,1,/users/ranveer-kumar.89743c34/badges
Sivakumar,,S,2,/users/sivakumar-s.f30e4b55/badges
Thiraviam,,P,1,/users/thiraviam-p/badges
sumit,,gupta,1,/users/sumit-gupta.6aef7644/badges
Rounak,,Bhaduri,1,/users/rounak-bhaduri.0e1f7f38/badges
ATHI,,NAGA VINEETHA,1,/users/athi-naga-vineetha/badges
Balaji,,Selvaraj,1,/users/balaji-selvaraj.cb27e315/badges
Saksham,,Nigam,1,/users/saksham-nigam.33df2ca0/badges
Sanjula,,Chatterjee,1,/users/sanjula-chatterjee.926f588a/badges
Reshma,,Sahukari,1,/users/reshma-sahukari.8e8eb612/badges
Bhoomika,,Varshney,1,/users/bhoomika-varshney/badges
ANUMALA LOKESH KUMAR,,.,1,/users/anumala-lokesh-kumar/badges
Aditi,,Apte,1,/users/aditi-apte.5d58ce00/badges
SARANYA,,D,1,/users/saranya-d.a520a462/badges
Rubeena,,Azeez,1,/users/rubeena-azeez/badges
SWARAJ SINGH,,DHAMI,1,/users/swaraj-singh-dhami/badges
Vulavalapudi,,Gopi,3,/users/vulavalapudi-gopi/badges
Shikhar,,Bhargava,1,/users/shikhar-bhargava88/badges
Harsh,,Goyal,1,/users/harsh-goyal.8b0024f3/badges
Sumathy,,K,1,/users/sumathy-k.5f21203a/badges
Meganraj,,S,1,/users/meganraj-s/badges
Anjali,,Nakhale,1,/users/anjali-nakhale/badges
Magoluri,,Siva Nagabhushanam,1,/users/magoluri-siva-nagabhushanam/badges
Manojkumar,,Bahuleyan,1,/users/manojkumar-bahuleyan/badges
Hari Prasath,,V,1,/users/hari-prasath-v.41bf8033/badges
Ashutosh,,Dixit,2,/users/ashutosh-dixit.62ab360b/badges
kavya,,das,1,/users/kavya-das.830d2e30/badges
Rakesh,,Retnasiromoni,2,/users/rakesh-retnasiromoni/badges
PURTI,,.,1,/users/purti.e3ec36ec/badges
kiran,,sahoo,1,/users/kiran-sahoo.a53d8b7e/badges
Mohammed Abdul,,Shaik,1,/users/mohammed-abdul-shaik/badges
ahana,,prince,1,/users/ahana-prince/badges
Kalesha Vali,,Syed,1,/users/kalesha-vali-syed/badges
Avinash,,Kushwaha,1,/users/avinash-kushwaha.f6744275/badges
Pushpavalli,,J,1,/users/pushpavalli-j/badges
Rajesh,,Kumar,1,/users/rajesh-kumar.dfe130cf/badges
Aryan,,Movalia,1,/users/aryan-movalia/badges
Meetanshi,,Gupta,1,/users/meetanshi-gupta.a23b2c5b/badges
Javed,,Khan,1,/users/javed-khan.24936747/badges
Amardeep,,Sharma,1,/users/amardeep-sharma.98a5ea45/badges
NAGA SAI PURNIMA,,PALLI,1,/users/naga-sai-purnima-palli.03f958d1/badges
Yashasri,,Vutlapalli,1,/users/yashasri-vutlapalli/badges
Abhi,,Singh,1,/users/abhi-singh.022076d9/badges
Anubha,,Rana,1,/users/anubha-rana.ae262e54/badges
Aakash,,Singh,1,/users/aakash-singh.ab7fa9db/badges
CHINTHIRLA UDAY,,KIRAN,1,/users/chinthirla-uday-kiran.e1333b08/badges
Momin,Yousuf,Ali,1,/users/yousuf-ali-momin/badges
KASTHURI,,M S,1,/users/kasthuri-m-s/badges
Rashmi,,Maurya,1,/users/rashmi-maurya.352876c4/badges
Sourabh,,Raut,1,/users/sourabh-raut.7b66e751/badges
Dharmendra,,Singh,2,/users/dharmendra-singh.07b04f88/badges
Gowse,,Sheik,1,/users/gowse-sheik/badges
PONNURU,VENKATA,DHANUSH,1,/users/ponnuru-dhanush/badges
Vindamuri,,Sai Santoshi,1,/users/vindamuri-sai-santoshi/badges
Reddy krishna,,Kommina,1,/users/reddy-krishna-kommina/badges
Anjika,,Anjika,1,/users/anjika-anjika/badges
Shreya,,nakod,1,/users/shreya-nakod/badges
G RAM CHARAN VISHNU VARDHAN,,.,1,/users/g-ram-charan-vishnu-vardhan/badges
Jerin,,Joy,2,/users/jerin-joy.e942b734/badges
Chandra sekhara rao,,Mamidi,3,/users/chandra-sekhara-rao-mamidi/badges
Tany,,Jacob Kottaparambil,1,/users/tany-jacob-kottaparambil/badges
Krishnan,,GS,1,/users/krishnan-gs.68e949e3/badges
BAIRAMONI RAJEEV GOUD,,.,1,/users/bairamoni-rajeev-goud/badges
JEELBHAI,,SHAILESHBHAI LUKHI,1,/users/jeelbhai-shaileshbhai-lukhi/badges
Jhansi,,Nannepaga,2,/users/jhansi-nannepaga/badges
Lakshmi Priya,,V K,1,/users/lakshmi-priya-v-k.14f19e47/badges
Shubham,,Sahu,2,/users/shubham-sahu.9a5e3150/badges
Obbu,,Chendulishanth,1,/users/obbu-chendulishanth/badges
RAHUL,,KUMAR,1,/users/rahul-kumar.6f41e796/badges
Rishibha,,.,1,/users/rishibha.c0dec027/badges
VISWANADHA SHIVA SHANMUKH TEJA,,.,1,/users/viswanadha-shiva-shanmukh-teja/badges
Manikandan,,Singaravel,1,/users/manikandan-singaravel/badges
Jyothi,,Gaverna,1,/users/jyothi-gaverna/badges
Abhinai,,B,3,/users/abhinai-b/badges
Naresh,,Kumar,1,/users/naresh-kumar.e6f54346/badges
Khyati,,Aggarwal,1,/users/khyati-aggarwal.0c1d2dbe/badges
Sapthami,,Shetty,1,/users/sapthami-shetty/badges
Ganga,,Vasudevan,1,/users/ganga-vasudevan.805afe37/badges
Karisetti,,Sivaji,1,/users/karisetti-sivaji/badges
Saksham,,Khare,1,/users/saksham-khare.756e5ce1/badges
Prasanna,,R,1,/users/prasanna-r.45eb1fc9/badges
Swati,,Khatik,1,/users/swati-khatik.4281aead/badges
Mansi,,Ojha,1,/users/mansi-ojha.c3c40f14/badges
Thushara,,N,1,/users/thushara-n/badges
Mansi,,Jaiswal,1,/users/mansi-jaiswal.dc352311/badges
Bhagyashri,,Itankar,1,/users/bhagyashri-itankar/badges
Sruthy,,Murali,1,/users/sruthy-murali.3959c3ad/badges
AG,,Anandh,1,/users/ag-anandh/badges
EMMADI,,SATHWIK,1,/users/emmadi-sathwik/badges
Roshan John Baptist,,D'Souza,1,/users/roshan-john-baptist-d-souza/badges
Basil,,Tom,1,/users/basil-tom.211f34a3/badges
SRI RAMOJU,,RAVI TEJA,1,/users/sri-ramoju-ravi-teja/badges
PONAPATI,,JAYASAIREDDY,1,/users/ponapati-jayasaireddy/badges
Akil,,Dhanesh,1,/users/akil-dhanesh/badges
Munish,,Kumar,1,/users/munish-kumar.bf0565bc/badges
VASANTHARAN,,K,1,/users/vasantharan-k-21adr056/badges
Prateek,,Bhagat,1,/users/prateek-bhagat.9df0ef37/badges
AKASHDIP,,MAHAPATRA,5,/users/akashdip2001/badges
Mahesh,,Patil,1,/users/mahesh-patil.3b26eca7/badges
ROUNAK,,HASAN,1,/users/rounak-hasan/badges
Mahesh,,Petkar,1,/users/mahesh-petkar/badges
Prasanna,,V,1,/users/prasanna-v.b8e0bfcd/badges
Ambaldhage,,Sriram,1,/users/ambaldhage-sriram/badges
ALURI,,VIJAY SAGAR,1,/users/aluri-vijay-sagar/badges
KASALA,,JYOTHIESH,1,/users/kasala-jyothiesh/badges
Dibin,,Raj,1,/users/dibin-raj/badges
Shreyansh,,Mahadeokar,1,/users/shreyansh-mahadeokar.3c9eba30/badges
Ria,,Pius,1,/users/ria-pius/badges
Prem,,Lekshmanan,1,/users/prem-lekshmanan.acb00d88/badges
Chhavi,,Singh,1,/users/chhavi-singh.3a53c6bf/badges
Shama,,Kausar,1,/users/shama-kausar/badges
VENKATA MANIKANTA KIRAN,,CHAVVAKULA,1,/users/chvmkiran639/badges
KAMPASATI,,VAMSHI KUMAR,1,/users/kampasati-vamshi-kumar/badges
Nalin,,Vijayvargiya,1,/users/nalin-vijayvargiya/badges
Santosh Kumar,,Kushwaha,1,/users/santosh-kumar-kushwaha.f13c5258/badges
Vaibhav,,Karkute,1,/users/vaibhavkarkute/badges
Tharun Teja,,Goginikari,1,/users/tharun-teja-goginikari/badges
Jebin,,M R,2,/users/jebin-m-r/badges
Abilash,,VM,1,/users/abilash-vm.efb572a3/badges
Krishna,,Kumar,1,/users/krishna-kumar.3ee85bb4/badges
Nithin,,Mani,1,/users/nithin-mani.6884c049/badges
Anuj,,Jambhale,1,/users/anuj-jambhale/badges
Deepika,,S,1,/users/deepika-s.9e9813ce/badges
Prasurjya,,Sarma,1,/users/prasurjya-sarma/badges
Ashutosh,,Maindalkar,1,/users/ashutosh-maindalkar.af5c473b/badges
Preshobe,,P,1,/users/preshobe-p.bc1dfab0/badges
Anoop,,Jadhav,1,/users/anoop-jadhav.aec696ea/badges
Hritik,,Tyagi,1,/users/hritik-tyagi.28a8342d/badges
Srijan,,Dhara,1,/users/srijan-dhara/badges
Siddharth,,Rai,1,/users/siddharth-rai.dbe7caff/badges
Hemanth Srinivas,,Rayapedu,1,/users/hemanth-srinivas-rayapedu.c9ccd142/badges
Vishnuvardhan,,Uppunuthula,2,/users/vishnuvardhan-uppunuthula/badges
ANIRUDDHA,,BHUNIA,1,/users/aniruddha-bhunia.7a6ae86e/badges
Anand,,Prakash,1,/users/anand-prakash.2c0cc215/badges
Raveena,,S,2,/users/raveena-s.b80754a1/badges
Kanev,,Seth,1,/users/kanev-seth/badges
Kisankumar,,Patel,1,/users/kisankumar-patel/badges
Shashank Rao,,Neelagiri,1,/users/shashank-rao-neelagiri/badges
Sahil,,Sangamnere,1,/users/sahil-sangamnere/badges
Garv,,Popli,1,/users/garv-popli.d13c9624/badges
Himanish,,Koyalkar,1,/users/himanish-koyalkar/badges
Anurag,,Tiwari,1,/users/anurag-tiwari.a595b3d7/badges
Akshay,,Kulkarni,1,/users/akshay-kulkarni.3952549e/badges
vignesh,,janarthanan,1,/users/vignesh-janarthanan.557c01c5/badges
Harikrishnan,,Rajagopalan,1,/users/harikrishnan-rajagopalan.e4e1dcb9/badges
Gautam,,Bajpai,1,/users/gautam-bajpai/badges
Nirmod,,Kumar,2,/users/nirmod-kumar.9d89ef12/badges
Ashmit Rushikesh,,Pathak,1,/users/ashmit-rushikesh-pathak/badges
Naga Durga Malleswari,,Palli,1,/users/naga-durga-malleswari-palli.9a797bea/badges
Ayush,,Rai,1,/users/ayush-rai.9d4e7d4d/badges
Aparna,,Asok,1,/users/aparna-asok/badges
Sreshta,,Donga Sai,1,/users/sreshta-donga-sai/badges
Giridhar,,karinki,2,/users/giridhar-karinki/badges
Vasu,,Kaushik,1,/users/vasu-kaushik.8a399b2c/badges
Gontu,,YASWANTH REDDY,1,/users/gontu-yaswanth-reddy.d96dd13c/badges
Praveen,,R,1,/users/praveen-r.c809de32/badges
Arun,,Anandan,1,/users/arun-anandan/badges
Arun,,Pavithran,1,/users/arun-pavithran/badges
Aditya,,Kanojiya,3,/users/aditya-kanojiya.7001a571/badges
HITENDRA,SINGH,PANWAR,3,/users/hitendra-singh-panwar.9bc10cd8/badges
Nagaraju,,Kolle,2,/users/nagaraju-kolle/badges
Pranav Aditya,,Shukla,1,/users/pranav-aditya-shukla/badges
Lavanya,,Chandrasekaran,1,/users/lavanya-chandrasekaran.e2fb53d3/badges
Naga Lakshmi,,Velagala,1,/users/naga-lakshmi-velagala.f91b5f4f/badges
Amisha,,Pupala,2,/users/amisha-pupala/badges
Bidyanarayan,,Sahu,1,/users/bidyanarayan-sahu.a5360210/badges
Tanishq,,Joshi,1,/users/tanishq-joshi.aa5f498d/badges
Ayur,,Sharma,2,/users/ayur-sharma.bc602be2/badges
Shehzan,,Sheikh,1,/users/shehzan/badges
Kandala,,Manoj,2,/users/kandala-manoj/badges
HARMEET,,SINGH,1,/users/harmeet-singh.56a76dde/badges
chandan,,kumar,2,/users/chandan-kumar.de54ce8a/badges
Vignesh,,K,1,/users/vignesh-k.1ac89e46/badges
DODDY,,SHIVANI,1,/users/doddy-shivani/badges
Pavani,,Police,1,/users/pavani-police/badges
Shiva prakash,,madaiah,1,/users/shiva-prakash-madaiah/badges
Dasari,,Himashankar,3,/users/dasari-himashankar/badges
PATTAN,,MAHAMMAD SALMAN KHAN,1,/users/p-m-salman-khan/badges
Nirmal,,Madhunala,1,/users/nirmal-madhunala/badges
Pooja,,S N,1,/users/pooja-s-n.91b55959/badges
Sumedh,,Yadav,1,/users/sumedh-yadav/badges
MADHUSUDHAN,,.BHATLAPENUMARTHY,1,/users/madhusudhan-bhatlapenumarthy.e931c28a/badges
Kavinmuhil,,Kanagaraj,2,/users/kavinmuhil-kanagaraj/badges
Shubh,,Verma,1,/users/shubh-verma.f39ecd1f/badges
Abhinav,,Shirore,1,/users/abhinavshirore/badges
Darshan,,Pagote,1,/users/darshan-pagote/badges
Bhavya,,Sunil kumar,1,/users/bhavya-sunil-kumar.ed3ee9f4/badges
Sreenija,,Alaka,1,/users/sreenija-alaka.5a3a3d8e/badges
Bharti,,Lodhi,1,/users/bharti-lodhi/badges
Harsh,,Kashyap,1,/users/harsh-kashyap.39e06609/badges
Vikash,,Kumar,1,/users/vikash-kumar.9b7d239f/badges
Vishal,,M,1,/users/vishal-m.b859dd7e/badges
Raghava,,Koganti,1,/users/raghava-koganti.a3fad531/badges
Chaitanya,,Gunjal,1,/users/chaitanya-gunjal/badges
Geeth Phani Avinash,,Vootla,1,/users/geeth-phani-avinash-vootla/badges
Bandari,,Malathi,1,/users/bandari-malathi/badges
Mahesh,,Varikuppala,1,/users/mahesh-varikuppala/badges
Akshay,,Prakash,1,/users/akshay-prakash.1b4b6231/badges
Aaryan,,Gupta,1,/users/aaryan-gupta.a681396d/badges
SAI NIKHIL REDDY,,KARENNAGARI,3,/users/sai-nikhil-reddy-karennagari/badges
Spandana,,Annavarapu,1,/users/spandana-annavarapu/badges
Jayakrishnan,,R,1,/users/jayakrishnan-r.ee690f2b/badges
Laboni,,Sarkar,1,/users/laboni-sarkar.7fb4f449/badges
CHANDUPATLA,,SANJANA,1,/users/chandupatla-sanjana/badges
Gokilappriya.S,,S,1,/users/gokilappriya-s-s/badges
Akash,,Kumar,3,/users/akash-kumar.d58d86f7/badges
ROBIN,,KUMAR,1,/users/robin-kumar.da080ee3/badges
deepanshu,,middha,1,/users/deepanshu-middha/badges
Kumar Swamy,,Tatikonda,1,/users/kumar-swamy-tatikonda/badges
VELAGAPUDI SAI BALAJI,,.,1,/users/velagapudi-sai-balaji/badges
Shubham,,Deshpande,1,/users/shubham-deshpande.6370e19e/badges
Mala Devi,,Selvarathinam,5,/users/mala-devi-selvarathinam/badges
Viswanath,,Vinukonda,1,/users/viswanath-vinukonda/badges
Priya Sree,,Doliki,1,/users/priya-sree-doliki/badges
Sayana,,Maniyath,1,/users/sayana-maniyath/badges
Bhuvan,,Krishna D,1,/users/bhuvan-krishna-d/badges
KATIPELLI AVANI REDDY,,.,1,/users/katipelli-avani-reddy.7ea0a0c1/badges
BAIRI SNEHITHA,,.,1,/users/bairi-snehitha/badges
Mayank,,Choudhary,1,/users/mayank-choudhary.4819d348/badges
priyanka,,naraharisetty,1,/users/priyanka-naraharisetty.c6532e9b/badges
Madhan,,Panja,1,/users/madhan-panja/badges
Kaivalya,,Beohar,1,/users/kaivalya-beohar/badges
Harikrishna,,C,1,/users/harikrishna-c.9941b1ad/badges
Anushka,,Barua Chowdhury,1,/users/anushka-barua-chowdhury/badges
Souparna,,M L,1,/users/souparna-m-l.cdbaec44/badges
Gayathri,,Pradeep,1,/users/gayathri-pradeep/badges
Patil,,Akshitha,1,/users/patil-akshitha/badges
Rahul,,Middha,1,/users/rahul-middha.dc91d928/badges
Partheeban,,Periyasamy,1,/users/partheeban-periyasamy/badges
SABARIDAS,,K,1,/users/sabaridas-k.21c350a0/badges
Reshmi,,R,1,/users/reshmi-r.a1237970/badges
SHAIK SHAYESTA PARVEZ,,.,1,/users/shaik-shayesta-parvez/badges
VOKALIGA AMBRISH,,SAI VENKATESH,1,/users/vokaliga-ambrish-sai-venkatesh/badges
Poushali,,Ghosh,1,/users/poushali-ghosh.4baf12d9/badges
Suryatej,,Appana,1,/users/suryatej-appana/badges
Anubhab,,Chowdhury,1,/users/anubhab-chowdhury.18eba1c0/badges
Renugadevi,,J,1,/users/renugadevi-j.48d5e01c/badges
Emily,,Valsamma Thomas,1,/users/emily-valsamma-thomas/badges
Rashmi,,R,1,/users/rashmi-r.5ac5eca8/badges
Shubham,,Choudhary,1,/users/shubham-choudhary.4737c881/badges
suraj,,sawant,1,/users/suraj-sawant.f3b15010/badges
Arun,,A,1,/users/arun-a.922d5854/badges
AJAY,,VENKAT,1,/users/ajay-venkat.396c3b93/badges
Rejoy,,Biswas,1,/users/rejoy-biswas/badges
Gaurav,,Kshirsagar,1,/users/gaurav-kshirsagar.f32bf178/badges
Ashish,,Buwade,1,/users/ashish-buwade/badges
Sounak,,Ghosh,1,/users/sounak-ghosh.20948db0/badges
krishna kant,,kumar,1,/users/krishna-kant-kumar.43413e2f/badges
Jagdish,,Sahu,1,/users/jagdish-sahu.d95b964f/badges
Prem,,Mallah,1,/users/premmallah/badges
Ashok Kumar,,Banoth,1,/users/ashok-kumar-banoth/badges
Anuradha,,Ghadai,1,/users/anuradha-ghadai/badges
Vijaylakshmi,,Badiger,1,/users/vijaylakshmi-badiger/badges
Vikram,,Singh,2,/users/vikram-singh.106e6737/badges
Kommanapalli,,Vaishnavi,1,/users/kommanapalli-vaishnavi/badges
Dhanashree,,G,1,/users/dhanashree-g.3a58c574/badges
amal,,krishna,2,/users/amal-krishna.772de3af/badges
Gurpreet,,Singh,1,/users/gurpreet-singh.9dfcf140/badges
Sagar,,Singh,1,/users/sagar-singh.8e3089ad/badges
Farha,,Kousar,1,/users/farha-kousar/badges
Vishal,Menon,P,2,/users/vishal-menon-pazhayillath/badges
MOHAMMED FARHAN,,KHAN,1,/users/mohammed-farhan-khan.285b9d91/badges
VAIBHAV,,SRIVASTAVA,1,/users/vaibhav-srivastava.40f5933c/badges
Shahna,,S,2,/users/shahna-s.e27101c8/badges
DIGVIJAY,,RAJORIA,1,/users/digvijay-rajoria/badges
siddhant,,chaudhari,1,/users/siddhant-chaudhari.309af8d7/badges
Sanjoy,,Das,1,/users/sanjoy-das.7def0b4a/badges
Rinshad,,KT,1,/users/rinshad-kt/badges
GUDDETI HIMA VARSHA REDDY,,.,1,/users/guddeti-hima-varsha-reddy/badges
Udit Raj,,Kumar,1,/users/udit-raj-kumar.91851e3c/badges
SACHIN,,MATHEW,1,/users/sachin-mathew.e36a5010/badges
Jilu,Sara,Varghese,1,/users/jilu-varghese/badges
Devashish,,Thakare,1,/users/devashish-thakare.76484876/badges
ARUN,,V,1,/users/arun-v.5376c713/badges
VEENA,,MUDUPU,1,/users/veena-mudupu/badges
Akshay,,Pawar,1,/users/akshay-pawar.10ea6648/badges
Gaurav,,Bansod,1,/users/gaurav-bansod.febb50bc/badges
Shravani,,Upadhyay,1,/users/shravani-upadhyay.6985d9fb/badges
Katrin Manuela,,M,1,/users/katrin-manuela-m/badges
NAKKALAPUDI,,VIVEK,1,/users/nakkalapudi-vivek/badges
Sneha,,Khurana,1,/users/sneha-khurana.77859668/badges
DHROOV,,SINGH,1,/users/dhroov-singh.c2d134e4/badges
B.Karthik,,Reddy,1,/users/b-karthik-reddy/badges
Aakash,,S,1,/users/aakash-s.6d075635/badges
Dhenuvakonda,,Lakshmi Bhavani,1,/users/dhenuvakonda-lakshmi-bhavani.9d88768e/badges
Kadevergula,,Vishnupriya,1,/users/kadevergula-vishnupriya/badges
Dhanapal,,A,1,/users/dhanapal-a.e873711a/badges
Arthi,,V,1,/users/arthi-v.3ae5efc4/badges
Satish Reddy,,Nalabolu,1,/users/satish-reddy-nalabolu.da5e3872/badges
Suryateja,,Dosapalli,1,/users/suryateja-dosapalli.22869d11/badges
jayaprakash,,p,1,/users/jayaprakash-p.cc34de25/badges
Gunashree,,K P,1,/users/gunashree-k-p/badges
Ankalagari,,Anusha,1,/users/ankalagari-anusha.36c1b888/badges
Kevin,,E,1,/users/kevin-e.bef4fe68/badges
Mohammad,,Faheem,1,/users/mohammad-faheem.32df8dfe/badges
James,,Jose,1,/users/iamjamesjose/badges
Pranab,,Ghosh,1,/users/pranab-ghosh.c3fa4381/badges
Avinash,,Mittal,1,/users/avinash-mittal.1ad7ec21/badges
HEMANTH,,MUDUNURU,1,/users/hemanth-mudunuru/badges
HASEENA,,NOORI,1,/users/haseena-noori/badges
Sajal,,Chakraborty,1,/users/sajal-chakraborty.f0bb2687/badges
Pavan,,Pamu,1,/users/pavan-pamu/badges
Suraram,,Sadavika,1,/users/sadavika-reddy/badges
Monali,,Sahoo,1,/users/monali-sahoo.9be6eb70/badges
MUKKA HARINI,,.,1,/users/mukka-harini.cf7f1f4b/badges
Gokul,,A S,1,/users/gokul-a-s.23f623dc/badges
Umesh Kumar,,U,1,/users/umesh-kumar-u.6f538368/badges
Dipal,,Nakod,1,/users/dipal-nakod/badges
Sandeep,,Reddy,1,/users/sandeep-reddy.0a938be4/badges
Sravya,,Sathuluri,1,/users/sravya-sathuluri/badges
hemanth kumar,,behera,1,/users/hemanth-kumar-behera/badges
Kandanuru,,Saiswaroop,1,/users/kandanuru-saiswaroop/badges
A Sree Krishna,,Ashrith,1,/users/a-sree-krishna-ashrith/badges
BOYIDI,,HARSHITHA,1,/users/boyidi-harshitha/badges
T. Karthik,,Achari,1,/users/t-karthik-achari/badges
Gandla,,Varshini,1,/users/gandla-varshini/badges
Vaishnavi J,,Rao,1,/users/vaishnavi-j-rao/badges
Vishal,,Singh,1,/users/vishal-singh.21809ee6/badges
Arya,,R V,1,/users/arya-r-v.18ed7682/badges
Mantena Venkata,,SITARAMARAJU,1,/users/mantena-venkata-sitaramaraju/badges
Anjuna,,K,1,/users/anjuna-k.fd89154b/badges
Sai Siddhartha,,Movva,1,/users/sai-siddhartha-movva/badges
rashi,,dhagat,1,/users/rashi-dhagat.d37c147c/badges
Abhishek,,Jamadar,1,/users/abhishek-jamadar.1783ac1c/badges
Sonu,,Sunil,1,/users/sonu-sunil.cdeab7ff/badges
Jyothilakshmi,,T R,1,/users/jyothilakshmi-t-r/badges
Rajarshi,,Das,1,/users/rajarshi-das.c1c1397b/badges
Priyadarshini,,Rajendran,1,/users/priyadarshini-rajendran.278d1057/badges
Aman,,Kumar,2,/users/aman-kumar.847ab750/badges
Upendher reddy,,Surakanti,1,/users/upendher-reddy-surakanti/badges
Aashish,,Raj,1,/users/aashish-raj.b5974e0a/badges
Ratna Prabhakar,,Chilakamarthi,1,/users/ratna-prabhakar-chilakamarthi.e706fd30/badges
ALMARI,,VARUN,1,/users/almari-varun/badges
Arvind,,Kumar,1,/users/arvind-kumar.fe2a903e/badges
Prerna,,Agrawal,1,/users/prerna-agrawal.b0f0eee1/badges
Subbareddy,,Gujjula,1,/users/subbareddy-gujjula.a0d566f7/badges
Elsa,,Jeomon,1,/users/elsa-jeomon/badges
Sakthivelu,,K,1,/users/sakthivelu-k/badges
Shanawaz,,Ahmad,1,/users/shanawaz-ahmad.37d270bb/badges
Rachna,,Singh,1,/users/rachna-singh.414c76e0/badges
Hassan,,Zahirhussain,1,/users/hassan-zahirhussain.e7d86b35/badges
Pratham,,Bhosale,1,/users/pratham-bhosale/badges
Vaishnavi,,Jarande,1,/users/vaishnavi-jarande.26d8c3e4/badges
sivadeep,,Behera,1,/users/sivadeep-behera/badges
Abinaya,,Sampathkumar,1,/users/abinaya-sampathkumar/badges
Nikhil,,Rajput,1,/users/nikhil-rajput.de177cf0/badges
Bala Praneeth reddy,,Allam,1,/users/bala-praneeth-reddy-allam.ba711aaa/badges
Isha,,Shree,1,/users/isha-shree.d657a6d0/badges
Sumam,,Selvin,1,/users/sumam-selvin.61834bc9/badges
KUSUMURU,,PAVA KALYAN,1,/users/kusumuru-pava-kalyan/badges
Mohanish,,Warhokar,1,/users/mohanish-warhokar.5da2b46b/badges
HARSHVARDHAN SANDEEP GAIKWAD,,Gaikwad,1,/users/harshvardhan-sandeep-gaikwad-gaikwad/badges
Nabyendu,,Paul,1,/users/nabyendu-paul/badges
Deepa,,Peethambaran,1,/users/deepa-peethambaran/badges
Shubhangi,,Gadhave,1,/users/shubhangi-gadhave/badges
Yash,,.,3,/users/yash.55b945bf/badges
Tejaswini,,Rayaprolu,1,/users/tejaswini-rayaprolu/badges
Saugata,,Debnath,1,/users/saugata-debnath/badges
Sai Goutham,,Chaluvadi,1,/users/sai-goutham-chaluvadi.0a85b4aa/badges
Avula,,Sarika,1,/users/avula-sarika/badges
Sooryaprashanth,,Thangavel,1,/users/sooryaprashanth-thangavel/badges
kayan,,acharya,1,/users/kayan-acharya/badges
LEELA GANESH,,KAMBHAMPATI,1,/users/leela-ganesh-kambhampati/badges
Jino,,G R,1,/users/jino-g-r/badges
Jubiya,,Joseph,1,/users/jubiya-joseph/badges
Mani Shankar,,Gorai,1,/users/mani-shankar-gorai/badges
Sneha,,Bellala,2,/users/sneha-bellala.09b5b550/badges
Souvik,,Basak,1,/users/souvik-basak.05d31b8d/badges
Japeen,,Kaur,1,/users/japeen-kaur/badges
Dhanya,,Dayanand,1,/users/dhanya-dayanand.d80d275e/badges
Omkar,,Dhore,1,/users/omkar-dhore/badges
Shijo,,Tom,1,/users/shijo-tom/badges
phaneendra,,yelledi,1,/users/phaneendra-yelledi/badges
Bonu,,Balasubramanyam,2,/users/bonu-balasubramanyam/badges
Rani,,Nair,1,/users/rani-nair.d66ea792/badges
Merlin,,k,1,/users/merlin-k.f31ef352/badges
Shivam,,Bansal,1,/users/shivam-bansal.d49e9a0f/badges
Ruchitha,,Somalaraju,1,/users/ruchitha-somalaraju.06267d24/badges
ADRAHA,,MAITI,1,/users/adraha-maiti.22dc4886/badges
Siddharth,,Rakshe,1,/users/siddharth-rakshe.a839841a/badges
Prethika,,Chandrasekaran,1,/users/prethika-chandrasekaran.50e4ffdd/badges
Sayyam,,dongardive,1,/users/sayyam-dongardive/badges
Udit,,Sharma,1,/users/udit-sharma.d2c4f93a/badges
MADDULA,,ROHIT,1,/users/maddula-rohit/badges
Abu,,Sufiyan,1,/users/abu-sufiyan.8bc5b448/badges
Madhav,,Chereddy,1,/users/madhav-chereddy.3e8a5983/badges
Niloy,,Basu,1,/users/niloy-basu.9bd8ed2c/badges
Narasimhulu,,Baitapalli,1,/users/narasimhulu-baitapalli/badges
Naman,,Nihal,1,/users/naman-nihal/badges
PASUPULETI SHANMUKHA SRINIVAS,,.,1,/users/pasupuleti-shanmukha-srinivas/badges
vandhana,,kaladharan,1,/users/vandhana-kaladharan.a94b704e/badges
CHILLE SUSHMITHA,,.,1,/users/chille-sushmitha/badges
GAUTAM,,SHARMA,1,/users/gautam-sharma.204d5104/badges
SAI SNEHA,,BALUSU,2,/users/sai-sneha-balusu/badges
JINKALA NARASIMHULU KAVYA SREE,,.,1,/users/jinkala-narasimhulu-kavya-sree/badges
Manav,,Dhar,1,/users/manav-dhar.88d00475/badges
NAVATU NAKSHATRA,,.,1,/users/navatu-nakshatra/badges
Madhu,,Sudan,1,/users/madhu-sudan.d82f1e88/badges
Aursalan,Jamaluddin,Sayed,1,/users/aursalan-sayed/badges
manju,,davis,1,/users/manju-davis.440eed7f/badges
Abhinand,,Prasad,1,/users/abhinand-prasad/badges
Karthick,,G,1,/users/karthick-g.f1233097/badges
NAGA HARSHITH,,VIDIYALA,1,/users/naga-harshith-vidiyala/badges
JEYA,,KUMAR. J,2,/users/jeya-kumar-j.6684625f/badges
Alyn,,George,1,/users/alyn-george.c35cede1/badges
Parepally,,Saivarshith,1,/users/parepally-saivarshith/badges
Lekshmi,,VR,1,/users/lekshmi-vr/badges
Pallavi,,Ramanaik,1,/users/pallavi-ramanaik/badges
Anitha,,Karthic,1,/users/anitha-karthic.015b7584/badges
Gopika,,Gopika Unnikrishnan,1,/users/gopika-gopika-unnikrishnan/badges
kamma,,yesaswini,1,/users/kamma-yesaswini/badges
kapil,,gautam,1,/users/kapil-gautam.45f32444/badges
Piyush,,Gupta,1,/users/piyush-gupta.c1294825/badges
SANIA BASHA PULIMADDI,,.,1,/users/sania-basha-pulimaddi/badges
Kaushlendra,,Mani,1,/users/kaushlendra-mani/badges
Deekshith,,K K,1,/users/deekshith-k-k/badges
Divya,,Ravichandran,1,/users/divya-ravichandran/badges
Chinchu,,John,1,/users/chinchu-john.ce2d0ff7/badges
Athira,,S Pillai,1,/users/athira-s-pillai/badges
ASIF,,K N,1,/users/asif-k-n/badges
Grace,,George,1,/users/grace-george.8efe3347/badges
Stincy,,Mulamoottil,1,/users/stincy-mulamoottil/badges
Amit,,Banik,1,/users/amit-banik.cf45bada/badges
Abhishek,,Kawadkar,2,/users/abhishek-kawadkar.4f518c56/badges
Sandesh,,Pachpande,1,/users/sandesh-pachpande/badges
Adarsh,,A,1,/users/adarsh-a.da43bd13/badges
NAHAS,,NIZAR,1,/users/nahas-nizar.0eb5fe46/badges
JINKA,,PRASANNA,1,/users/jinka-prasanna/badges
Yasaswini,,Ananthapatnayakuni,1,/users/yasaswini-ananthapatnayakuni/badges
Srusti,,H U,1,/users/srusti-h-u/badges
Sneha,,G,1,/users/sneha-g.098e19b9/badges
Ahammed,,Irshad A M,1,/users/ahammed-irshad-a-m/badges
Palagani,,Divya,1,/users/palagani-divya/badges
Soham,,Dalvi,1,/users/soham-dalvi.d63f2434/badges
Parveen Kumar,,Dhiman,1,/users/parveen-kumar-dhiman/badges
Devika,,Domal,1,/users/devika-domal/badges
likitha,,dokiparthi,1,/users/likitha-dokiparthi/badges
Sanketh,,Bappal,1,/users/sanketh-bappal/badges
Ganesh,,Reddy,1,/users/ganesh-reddy.54fdac50/badges
Manickamanikandan,,Athmanathan,1,/users/manickamanikandan-athmanathan/badges
Shoubhik,,Ghosh,1,/users/shoubhik-ghosh.9e991c18/badges
Madhushree,,Ganeshmaran,1,/users/madhushree-ganeshmaran/badges
sandilya,,Kuruba Bandi,1,/users/sandilya-kuruba-bandi/badges
Shubham,,Jadhav,1,/users/shubham-jadhav.21f13aa7/badges
Surumi,,Sakkeer,1,/users/surumi-sakkeer/badges
Ashil,,Kurian,1,/users/ashil-kurian.2cdbb035/badges
Anit,,Sarker,1,/users/anit-sarker.4da4a970/badges
NIZAMUDDIN,,K S,1,/users/nizamuddin-k-s.fba646fe/badges
Ashish,,Ranjan,1,/users/ashish-ranjan.bdda3239/badges
Navalkishor,Sanjay,Hedau,1,/users/navalkishor-hedau/badges
Nava Sruthi,,Kommaraj,1,/users/nava-sruthi-kommaraj/badges
anuja,,jadhav,1,/users/anuja-jadhav.7b42ae80/badges
Sindhu,,Polsani,1,/users/sindhu-polsani.5c4fad1c/badges
Rashida,,M,1,/users/rashida-m.227501d6/badges
Steve,,Anson,1,/users/steve-anson.69c81398/badges
Vasireddy,,Satvika,1,/users/creadly-satvikav/badges
Naveen prasath,,S,1,/users/naveen-prasath-s.dd16f80b/badges
UMME,,HABEEBA,1,/users/umme-habeeba/badges
Kaustubh,,Pednekar,1,/users/kaustubh-pednekar/badges
Velaga,,Niveditha,1,/users/velaga-niveditha/badges
Guturu,,Sai Harshitha,1,/users/guturu-sai-harshitha/badges
Akilesh,,S,1,/users/akilesh-s.cf3805c4/badges
Aishwarya,,Siva Prasad,1,/users/aishwarya-siva-prasad.45eb33ae/badges
Iyyappan,,A,1,/users/iyyappan-a.e71aa811/badges
Rosna,,Augustine,1,/users/rosna-augustine.fe54fd3e/badges
Aparna,,Gangishetty,1,/users/aparna-gangishetty/badges
Gopika,,Gopinath,1,/users/gopika-gopinath.6d3ed8ae/badges
NANGUNOORI ARAVIND,,.,1,/users/nangunoori-aravind/badges
MALGARI RUTHVIKA,,.,1,/users/malgari-ruthvika/badges
pripti,,barick,1,/users/pripti-barick.ef42c3cf/badges
Yuvraj,,Singh,1,/users/yuvraj-singh.666b99ef/badges
Yogeshwar,,Rai,1,/users/yogeshwar-rai.cd2e064c/badges
Nikhitha,,K,1,/users/nikhitha-k.42a7c074/badges
Sangeetha,,Surendran,1,/users/sangeetha-surendran/badges
Poornima,,Sajeendran,1,/users/poornima-sajeendran/badges
Deepa D,,Dhandapani,2,/users/deepa-d-dhandapani/badges
Vijitha,,K,1,/users/vijitha-k/badges
Sreejith,,S,1,/users/sreejith-s.17e3ae07/badges
Austine,,Kurian,1,/users/austine-kurian.737c006b/badges
achint,,atri,1,/users/achint-atri.55d44ea4/badges
Sneha,,Khot,1,/users/sneha-khot.1df7ea04/badges
Anand,,Raval,1,/users/anand-raval.f122ce11/badges
Teja,,Jagarlamudi,1,/users/teja-jagarlamudi/badges
Sahil,,Jangra,1,/users/sahil-jangra.d465dc01/badges
Varshitha Lahari,,Arramolla,1,/users/arramolla-varshitha-lahari/badges
Sneha Anjali,,Polisetty,1,/users/sneha-anjali-polisetty/badges
Aakash,,Kharb,1,/users/aakash-kharb.96cd6666/badges
Anjali,,Kumari,1,/users/anjali-kumari.25f6c123/badges
Vishnu,,Narayanan,1,/users/vishnu-narayanan.523ea1df/badges
DHARANISH S,,23ITR027,1,/users/dharanish-s-23itr027/badges
ROHAN,,Koundinya,1,/users/rohan-koundinya/badges
APPALA VENKATA BHARATH KALYAN,,.,1,/users/appala-venkata-bharath-kalyan/badges
Shruti,,Puri,1,/users/shruti-puri/badges
Aeliskumar,,Patel,1,/users/aeliskumar-patel/badges
Praveen,,Surendra Rai,1,/users/praveen-surendra-rai/badges
domakonda,,charitha,1,/users/domakonda-charitha/badges
Karteek,,Gadiraju,1,/users/karteek-gadiraju/badges
MD SHAKILUR RAHMAN,,ANSARI,1,/users/md-shakilur-rahman-ansari/badges
Ayush,,Malviya,1,/users/ayushmalviya/badges
SHIVAANJAN,,DEEGOJU,1,/users/shivaanjan-deegoju/badges
Nikita,,Rani,1,/users/nikita-rani.b7207e42/badges
ANUPAM,,MANDAL,1,/users/anupam-mandal.ae5abd1c/badges
Nandan,,Gowda S,1,/users/nandan-gowda-s.e00c3bca/badges
Mukul,,Anand Sengar,1,/users/mukulsengar/badges
Diptangsu,,Gupta,1,/users/diptangsu-gupta.093c1f9f/badges
RUTHWIK PVN,,.,1,/users/ruthwik-pvn.dd8cc2a7/badges
Anuprash,,Gautam,1,/users/anuprash-gautam/badges
Jayanth Varma,,Vadapalli,1,/users/jayanthvarma/badges
Ritik,,Mohadikar,1,/users/ritik-mohadikar.2ac1987c/badges
Amala,,Sali,1,/users/amala-sali/badges
Shoaibuddin,,Kazi,1,/users/shoaibuddin-kazi/badges
Divya Teja,,Kothuru,1,/users/divya-teja-kothuru/badges
Manish,,Kadem,1,/users/manish-kadem.3c9fced5/badges
AMAM KRITHIK SRIHARSHA,,.,1,/users/amam-krithik-sriharsha/badges
Varun,,Bhardwaj,1,/users/varun-bhardwaj.cefbb994/badges
Varshini,,Senthilkumar,1,/users/varshini-senthilkumar.a09d387a/badges
Siddhesh,,Pansare,1,/users/siddhesh-pansare.bc07d96c/badges
NIYAM RISHI,,DHALI,1,/users/niyam-rishi-dhali/badges
SUDINI SNEHITHA REDDY,,.,1,/users/sudini-snehitha-reddy.0436493c/badges
Aishwarya,,K R,1,/users/aishwarya-k-r.39335ed5/badges
Swati,,Kumari,1,/users/swati-kumari.68afc8a5/badges
Raj,,Bhut,1,/users/raj-bhut.eb5c5db6/badges
Nandish,,Gayad,1,/users/nandish-gayad.d436edaa/badges
Avinash Reddy,,Panyala,1,/users/p-avinash.cac384f0/badges
seema,,.,1,/users/seema.8935e716/badges
Veena,,Sorte,1,/users/veena-sorte/badges
TOM BASIL,,M V,2,/users/tom-basil-m-v.461cc49d/badges
Nidhi,,Aarzoo,1,/users/nidhi-aarzoo.8a6137e8/badges
Anuradha,,S,1,/users/anuradha-s.92677381/badges
Anuja,,S,1,/users/anuja-s.06947a9b/badges
Ramij,,Hossain,1,/users/ramij-hossain/badges
REVANTH,,SAI,1,/users/revanth-sai.4266c018/badges
Maria,,Susan,1,/users/maria-susan/badges
K,,VARSHITHA,1,/users/k-varshitha.67469d07/badges
Haridas,,Mane,1,/users/haridas-mane/badges
BATTULA,,RITISH,1,/users/battula-ritish/badges
Modem,,Pavani,1,/users/modem-pavani/badges
SRI VARSHA,,MAREPALLY,1,/users/sri-varsha-marepally/badges
Aditya,,Maltare,2,/users/aditya-maltare/badges
Sarath,,Sasi,1,/users/sarath-sasi.df02ac4d/badges
NIKHIL PADMANABHA SAI KAMESH S,,.,1,/users/nikhil-padmanabha-sai-kamesh-s.f84edb8e/badges
Anandhu,,Anil,1,/users/anandhu-anil.f997552a/badges
Sudheer Babu,,Kuntumalla,1,/users/sudheer-babu-kuntumalla.ec7d17dc/badges
Roopin,,ghanate,1,/users/roopin-ghanate.2395cbfa/badges
Ritika,,Gupta,1,/users/ritika-gupta.b7a3343c/badges
Kumaraguru,,Krishnamurthy,1,/users/kumaraguru-krishnamurthy/badges
Danush,,Aditya,1,/users/danush-aditya.4f64e397/badges
Shalini,,Reddy,1,/users/shalini-reddy.a248e113/badges
Dhannya,,Sujesh,1,/users/dhannya-sujesh/badges
Shreyas,,Thokala,1,/users/shreyas-thokala/badges
Vipul,,Magdum,1,/users/vipul-magdum.ba38d6d5/badges
SHURWIN,,S,1,/users/shurwin-s/badges
PAMUJULA,,VIVEK,1,/users/pamujula-vivek/badges
Harikrishnan,,M,1,/users/harikrishnan-m.a654dc51/badges
Shailesh,,Kumar T S,1,/users/shailesh-kumar-t-s/badges
Shatabdi,,Chatterjee,1,/users/shatabdi-chatterjee.63c92af6/badges
Amit Kumar,,Singh,2,/users/amit-kumar-singh.3ec927a0/badges
Abhishek,,Kumar,1,/users/abhishek-kumar.97575976/badges
Rounak,,Sarkar,1,/users/rounak-sarkar.b68e94b0/badges
AAGARSHANA,,N,1,/users/aagarshana-n/badges
Disha,,Ray,1,/users/disha-ray/badges
harshith,,raj,1,/users/harshith-raj.849e944f/badges
Manikandan,,S,1,/users/manikandan-s.57a17de5/badges
piyush,,mahadik,1,/users/piyush-mahadik.97fd7843/badges
Nikhil,,S R,1,/users/nikhil-s-r/badges
KURAKULA VAISHNAVI DEVI,,.,1,/users/kurakula-vaishnavi-devi/badges
Nilab,,Nath,1,/users/nilab-nath.94624df5/badges
KADAPA KEERTHI,,.,1,/users/kadapa-keerthi/badges
Bala,,Kumar P,1,/users/bala-kumar-p/badges
BOJANNAGARI PAVAN KUMAR REDDY,,.,1,/users/b-pavan-reddy/badges
Dinesh,,Kumar,1,/users/dinesh-kumar.4a8e285d/badges
KARRI VENKATA NAGA YAJAT PRAMODH,,.,1,/users/karri-venkata-naga-yajat-pramodh/badges
Akiranandan,,Nandelli,1,/users/akiranandan-nandelli.8bbb831e/badges
Prathamesh,,Pawar,1,/users/prathamesh-pawar.a7f0f6cb/badges
Bala subba,,Reddy,1,/users/bala-subba-reddy/badges
VASISTA,,B G,1,/users/vasistabg/badges
Namrata,,Singh,1,/users/namrata-singh.206f7b9c/badges
SRI RAMOJU,,SANJEEV KUMAR,1,/users/sri-ramoju-sanjeev-kumar.debaccb1/badges
SWARNA,,SREYAN,1,/users/swarna-sreyan/badges
Mounika,,Duvvi,1,/users/mounika-duvvi.4cc366b3/badges
aswini,,s,1,/users/aswini-s.fca4b01f/badges
Tumpala,,Nagendra,1,/users/tumpala-nagendra/badges
Venkatasubramaniyan,,Balakrishnan,1,/users/venkatasubramaniyan-balakrishnan.45f02576/badges
Ashish,,Goel,1,/users/ashish-goel.e8eb5ecb/badges
KARRI NILESH,,REDDY,1,/users/karri-nilesh-reddy/badges
Monika,,MM,1,/users/monika-mm/badges
Thulasidharan,,P,1,/users/thulasidharan-p-24mcr119/badges
Dhivagar,,S,1,/users/dhivagar-s.0485a3d6/badges
Shrikishan,,Kumrawat,1,/users/shrikishan-kumrawat.b3631096/badges
Shivanand,,Hallur,1,/users/shivanand-hallur.4832df30/badges
Akshay,,Gajare,1,/users/akshay-gajare.ca01f627/badges
Sandeep,,Kommineni,1,/users/sandeep-kommineni/badges
Sundar Balaji,,A,1,/users/sundar-balaji-a.15eb055c/badges
Shiksha,,Jaiswal,1,/users/shiksha-jaiswal/badges
Arun Puthenpurayil,,Mani,1,/users/arun-puthenpurayil-mani/badges
Naga Sai Sindhura,,M,1,/users/naga-sai-sindhura-m/badges
MANASVI,,VONGUR,1,/users/manasvi-vongur.dc99b944/badges
Vinay Kumar,,S,1,/users/vinay-kumar-s.2a347fa6/badges
Diwakar,,Yadav,1,/users/diwakar-yadav.49297014/badges
Abhishek,,Mirajkar,1,/users/abhishek-mirajkar/badges
MADINA KRANTI SHREYA,,.,1,/users/madina-kranti-shreya/badges
Shaik Shaheera,,Sara,1,/users/shaik-shaheera-sara/badges
Nagaraj,,chockan,1,/users/nagaraj-chockan/badges
Manish,,Khadria,1,/users/manish-khadria.9c69d32c/badges
Jayu,,Dhengle,1,/users/jayu-dhengle/badges
Nageswara Rao,,Madduri,1,/users/nageswara-rao-madduri.69cefeb5/badges
Srikanth Reddy,,Meka,3,/users/srikanth-reddy-meka/badges
sharath,,kumar,1,/users/sharath-kumar.4ae107d5/badges
Aswathy,,Krishna,1,/users/aswathy-krishna.05049abe/badges
MD KARISHMA,,HAFSA,1,/users/md-karishma-hafsa/badges
Srishty,,Choudhary,1,/users/srishty-choudhary.3584a979/badges
Tanvi,,Jain,1,/users/tanvi-jain.c1aa0002/badges
Elizabeth,,Edwin,1,/users/elizabeth-edwin/badges
Shruti,,Kamma,1,/users/shruti-kamma.122e1036/badges
Deepak,,Upreti,1,/users/deepak-upreti.97b1b353/badges
Aniket,,Sourabh,1,/users/aniket-sourabh/badges
Syed,,Anas Faaiz,1,/users/syed-anas-faaiz/badges
M SUMANTH REDDY,,.,1,/users/m-sumanth-reddy.a52b671a/badges
Dipesh,,Kumar,1,/users/dipesh-kumar.2d09452a/badges
MARGANA VAMSA VARDHANUDU,,.,1,/users/margana-vamsa-vardhanudu/badges
JANANI,,R,1,/users/janani-r.2c4c7566/badges
BHARATH,,KOTHOLLA (RA2211028010188),1,/users/bharath-kotholla-ra2211028010188/badges
Vineeth,,V G,1,/users/vineeth-v-g.2db9abf8/badges
Harsha Vardhan,,Kondapalli,1,/users/harsha-vardhan-kondapalli/badges
Anjani Naga Koteswari,,Karri,1,/users/anjani-naga-koteswari-karri/badges
Venkat,,Duriseti,1,/users/venkat-duriseti/badges
Noopur,,Tiwari,1,/users/noopur-tiwari.692e99d4/badges
Deepak,,Kumar R,2,/users/deepak-kumar-r.40c8be05/badges
Rishabh,,Tiwari,1,/users/rishabh-tiwari.b9cdcbae/badges
Vyshnavi,,Ala,1,/users/vyshnavi-ala/badges
Anushka,,Dhonde,1,/users/anushka-dhonde.031faa34/badges
Aryan,,Dhasmana,1,/users/aryan-dhasmana/badges
ANWAR,,CHEEDELLA (RA2211003011042),1,/users/anwar-cheedella-ra2211003011042/badges
Sudharshanan,,Nagarajan,1,/users/sudharshanan-nagarajan/badges
BALAJI,SINGH,KSHATRIYA,3,/users/balaji-kshatriya/badges
Shilpa,,S,2,/users/shilpa-s.be309866/badges
Vandanapu,,Mohana,1,/users/vandanapu-mohana/badges
FARISA,,KHAN,1,/users/farisa-khan.c731b5a2/badges
JILLELLAMUDI MANASA KRISHNA,,.,1,/users/jillellamudi-manasa-krishna/badges
Cyril,,Vadakethala,1,/users/cyril-vadakethala/badges
NAGA ASHWIN,,POLISETTI,1,/users/naga-ashwin-polisetti/badges
Savin,,Kumar,1,/users/savin-kumar.5972e25f/badges
Chetan,,M N,1,/users/chetan-m-n.8d96a8bd/badges
Pentakota,,Bhavishya,1,/users/bhavishya-pentakota/badges
Robin,,Aggarwal,1,/users/robin-aggarwal/badges
Pravallika,,Munnuru,1,/users/pravallika-munnuru/badges
ANTHATI SANVIKA,,.,1,/users/anthati-sanvika/badges
AAKIRI,,RAHUL,1,/users/aakiri-rahul/badges
Pooja,,Srikanth,1,/users/pooja-srikanth/badges
BANDLAMUDI,,SADHWIKA,1,/users/bandlamudi-sadhwika/badges
Sai Mukesh,,Merugumala,1,/users/sai-mukesh-merugumala/badges
Chebolu,,Naga Chandra Manikanta,1,/users/chebolu-naga-chandra-manikanta/badges
NIDA MASARRATH,,SYED,1,/users/nida-masarrath-syed/badges
Saran,,Sekar,3,/users/saran-sekar/badges
Prabhu,,Rajamohan,1,/users/prabhu-rajamohan.c768646b/badges
Sri Aashritha,,K,1,/users/k-sri-aashritha/badges
BHEEM,,MEDI,2,/users/bheem-medi/badges
Mayungk,,Kapur,1,/users/mayungk-kapur.17985c61/badges
ISHA,,DASH,1,/users/isha-dash/badges
Arun,,Joseph,1,/users/arun-joseph.ec66ed0b/badges
THOTA ABHINAY,,BHUVANESH,1,/users/thota-abhinay-bhuvanesh/badges
MOHAMMED AHSAN SHERAAZ,,.,1,/users/mohammed-ahsan-sheraaz/badges
Charan Kumar,,DASARI,1,/users/charan-kumar-dasari.e22217cf/badges
PRANAY,,VARMA NAMPALLY,1,/users/pranay-varma-nampally/badges
Varshini,,Rana,1,/users/varshini-rana/badges
Prafulla,,Mishra,1,/users/prafulla-mishra.804c8e50/badges
Aparna,,Venugopal,1,/users/aparna-venugopal/badges
Pratik,,Gajjar,1,/users/pratik-gajjar/badges
KOTLA DHEERAJ,,.,1,/users/kotla-dheeraj/badges
Rachit,,Agrawal,1,/users/rachit-agrawal308/badges
Mahesh,,Bandlamudi,1,/users/mahesh-bandlamudi/badges
MOHANA SUNDAR,,G,1,/users/mohana-sundar-g/badges
Bhaveshkumar,,Sharma,2,/users/bhaveshkumar-sharma/badges
SRI HARSHITHA,,Kotha,1,/users/sri-harshitha-kotha.a4a10eb4/badges
GUDURU,,SAIKUMAR,1,/users/guduru-saikumar/badges
Razika,,Mougamadou Ismail,2,/users/razika-mougamadou-ismail/badges
Vijay,,Zaware,1,/users/vijay-zaware/badges
HUJJATHULLAH,,S T (RA2212704010035),1,/users/hujjathullah-s-t-ra2212704010035/badges
JITHU,,S KUMAR,1,/users/jithu-s-kumar/badges
Ayush,,Rambhad,1,/users/ayush-rambhad/badges
Renuka,,Guruguntla,1,/users/renuka-guruguntla/badges
Bhavashesh,,D,1,/users/bhavashesh-d/badges
Akki,,Geetika,1,/users/akki-geetika/badges
suhani,,mathur,1,/users/suhani-mathur.c0002e78/badges
Jenson,,Varghese,1,/users/jenson-varghese/badges
THADKAMADLA SAI UDAY KUMAR,,.,1,/users/thadakamadla-sai-uday-kumar/badges
PAMIDIPARTHI,,THANU SREE,1,/users/pamidiparthi-thanu-sree/badges
Ranjani,,Gurukar,1,/users/ranjani-gurukar/badges
CHERUKURI,,SAI SUJAN,1,/users/cherukuri-sai-sujan/badges
Pradeep,,Asabe,1,/users/pradeep-asabe/badges
Lakshmi Vyshnavi Devi,,Pinnamaraju,1,/users/lakshmi-vyshnavi-devi-pinnamaraju/badges
Mariamicheal Raj,,S,1,/users/mariamicheal-raj-s/badges
Abhishek,,Halder,1,/users/abhishek-halder.256e80ba/badges
KumarA,,Vel,1,/users/kumara-vel/badges
Sambhab,,Agrawal,1,/users/sambhab-agrawal/badges
Rahul,,Raju,1,/users/rahul-raju.379c3b34/badges
Subhechha,,Chakraborty,1,/users/subhechha-chakraborty/badges
VISHAL,,SONI,1,/users/vishal-soni.26696136/badges
Sourabh,,Chauhan,1,/users/sourabh-chauhan.ad6bc42c/badges
KOSURU,,CHARANDEEP VARMA,1,/users/kosuru-charandeep-varma/badges
A. Nikhil Sai Ram,,Reddy,1,/users/a-nikhil-sai-ram-reddy/badges
Sreelakshmi,,KG,1,/users/sreelakshmi-kg/badges
Nijesh,,Srinivasan,1,/users/nijesh-srinivasan/badges
CH GOVARDHAN SUJITH,,.,1,/users/ch-govardhan-sujith/badges
PUCHAKAYALA BINAY,,REDDY,1,/users/puchakayala-binay-reddy/badges
Tadakamalla,,Akhilesh,1,/users/tadakamalla-akhilesh/badges
KOTHAPALLY HARSHA,,.vardhan,1,/users/kothapally-harsha-vardhan.4364cf37/badges
MURIKIPUDI,,Harshith,1,/users/murikipudi-harshith/badges
Shaik,,Shahensha,1,/users/shaik-shahensha.132baaf5/badges
Rushikesh,,Deshmukh,1,/users/rushikesh-deshmukh./badges
Ritwick,,Bhargav,2,/users/ritwick-bhargav/badges
Vignesh,,Komarapalayam Selvan,1,/users/vignesh-komarapalayam-selvan.29ab634a/badges
D R NIDHISH,,REDDY,1,/users/d-r-nidhish-reddy/badges
SRIKARTIK,,MATETI,1,/users/srikartik-mateti/badges
Ongsuk,,Chakraborty,1,/users/ongsuk-chakraborty/badges
DEEPIKA,,PATTEM,1,/users/deepika-pattem.d585a128/badges
Sivasaikumar,,Allampati,1,/users/sivasaikumar-allampati/badges
K JITHENDAR,,REDDY,1,/users/k-jithendar-reddy/badges
Sourabh,,Nagare,1,/users/sourabh-nagare/badges
Vaishali,,R,1,/users/vaishali-r.d3885940/badges
Kottidi,,Rajavardhan,1,/users/kottidi-rajavardhan.d7ad51e3/badges
Karthi,,Venkatachalam,1,/users/karthi-venkatachalam.9482a259/badges
Kalyana Karthikeyan,,Arunachalam,2,/users/kalyana-karthikeyan-arunachalam/badges
Nikitha,,Banoth,1,/users/nikitha-banoth/badges
Shwetank,,Rajhans,1,/users/shwetank-rajhans.7c022d3e/badges
Aparna,,S,1,/users/aparna-s.9ba7cd6b/badges
CHARISHMA,,kankanala,1,/users/charishma-kankanala/badges
S,,Asha,1,/users/s-asha.d87aa2cc/badges
Barathraj,,Manivannan,1,/users/barathraj-manivannan.a73df0f8/badges
Jeet,,Debnath,2,/users/jeet-debnath.78ef1ae5/badges
Aishwarya,,Patil,1,/users/aishwarya-aishwarya-patil/badges
Siddhi,,Gupta,1,/users/siddhi-gupta.9a027997/badges
Rebecca Amulya,,D,1,/users/rebecca-amulya-d/badges
Teena,,Thomas,1,/users/teena-thomas.25bd5bef/badges
ALLAM,,ANIL,1,/users/allam-anil/badges
Venkata Mahesh,,Polumuri,1,/users/venkat2552004/badges
Piyush,,Goswami,1,/users/piyush-goswami.97bf866f/badges
KESHAMONI,,RAHUL,1,/users/keshamoni-rahul/badges
Prajna Devi,,Pakalapati,1,/users/prajna-devi-pakalapati.00503429/badges
ROHITH,,T,1,/users/rohith-t.92b5d874/badges
Shubhashish,,_,1,/users/shubhashish-_/badges
Muskan,,Mehta,1,/users/muskan-mehta.f88bc56e/badges
Poulami,,Dutta,1,/users/poulami-dutta.2ba27471/badges
RAJARAM,,REGHURAM,1,/users/rajaram-reghuram/badges
ARADHANA,,B Nair,1,/users/aradhana-b-nair.c7873957/badges
Sowbarnika,,Manikandan,1,/users/sowbarnika-manikandan/badges
Sreelakshmi,,K P,1,/users/sreelakshmi-k-p.47709428/badges
Yashpreeth,,Nijalinge,1,/users/yashpreeth-nijalinge/badges
NANDAN,,KUMAR,1,/users/nandan-kumar-ra2211031010046/badges
Piyali,,Paul,1,/users/piyali-paul.0ecaa064/badges
Rachit,,Shivhare,1,/users/rachit-shivhare.c7c0eb2e/badges
Fareed,,Hussain,1,/users/fareed-hussain.c96feb07/badges
Rohan,,G,1,/users/rohan-g.e8aa111e/badges
Kanishka,,Ravikumar,1,/users/kanishka-ravikumar/badges
Dev,,Sarode,1,/users/dev-sarode/badges
Charan,,B,1,/users/charan-b.95f5c686/badges
Pratham,,Roy,1,/users/pratham-roy.f46122c7/badges
NIKHIL,,MISHRA (RA2211003010290),1,/users/nikhil-mishra-ra2211003010290/badges
Aman,Kumar,Jha,1,/users/jha_aman09/badges
Madhu,,Dadi,1,/users/madhu-dadi/badges
Neelakantam,,Akhil,1,/users/neelakantam-akhil/badges
KAPPE,,NAVEEN KUMAR,1,/users/kappe-naveen-kumar/badges
Ayush,,Hiwse,1,/users/ayush-hiwse.7b21fd8e/badges
Jeeva,,Abishake,1,/users/jeeva-abishake.67baeaed/badges
Anuraag,,Shankar,1,/users/anuraag-shankar.bf323c3a/badges
Ruchi,,Jain,1,/users/ruchi-jain.cde7d0ca/badges
Dinoop,,kv,1,/users/dinoop-kv/badges
Krishna,,Nipun,1,/users/krishna-nipun/badges
Lahari Priya,,Malisetty,1,/users/lahari-priya-malisetty/badges
akhil,,chevula,1,/users/akhil-chevula/badges
Rushyendra,,Guntupalli,1,/users/rushyendra-guntupalli/badges
Roopak,,R,1,/users/roopak-r/badges
Kaushik,,Dutta,1,/users/kaushik-dutta.9ea11727/badges
CHINTAKAYALA NIHARIKA,,.,1,/users/chintakayala-niharika/badges
Pankaj,,Mishra,1,/users/pankaj-mishra.0a2d62e2/badges
Pranay,,Saha,1,/users/pranay-saha.25b31863/badges
Sunkara,Lakshmi Sai,Yeshwanth,1,/users/yeshwanth-sunkara.635d1508/badges
SUNANDA BANDI,,.,1,/users/sunanda-bandi/badges
Abhay,,Krishnan KC,1,/users/abhay-krishnan-kc/badges
AISWARYA A,,23CB003,1,/users/aiswarya-a-23cb003/badges
Karthika,,Jayaram,1,/users/karthika-jayaram.a4933732/badges
Shruti,,Modi,1,/users/shruti-modi.df633d5d/badges
YUGAN NITHISH KUMAR,,T,1,/users/yugan-nithish-kumar-t.400334b7/badges
Lokesh,,Jagadeesan,1,/users/lokesh-jagadeesan/badges
Priyanka,,S,1,/users/priyanka-s.62cf1a2f/badges
Jananee,,K B,1,/users/jananee-k-b/badges
Mitadru,,Chakraborty,1,/users/mitadru-chakraborty.e0082e45/badges
DHARUN PRAKASH,,GT,1,/users/dharun-prakash-gt/badges
Sundeep,,Reddy,1,/users/sundeep-reddy.97866d85/badges
Lakshmi Prathyusha,,Meda,1,/users/lakshmi-prathyusha-meda/badges
Digvijay,,Yeware,1,/users/digvijay-yeware/badges
Vamshi Krishna,,Kengarla,1,/users/vamshi-krishna-kengarla/badges
kandasamy,,ps,1,/users/kandasamy-ps/badges
Raviteja,,Morampudi,1,/users/raviteja-morampudi.3bdd7386/badges
Gururaj,,Jangwad,5,/users/gururaj-jangwad/badges
Sudalaisivam,,S,1,/users/sudalaisivam-s.966da229/badges
Ajay,,Jagarlamudi,1,/users/ajay-jagarlamudi.ff9f90c1/badges
Nandini,,Malviya,1,/users/nandini-malviya.8536b3c2/badges
Kalpana,,Saini,1,/users/kalpana-saini.921ba60b/badges
Elugubanti,,Anjali,1,/users/elugubanti-anjali/badges
Neema,,Rose,1,/users/neema-rose/badges
Arun Antony,,Paul,1,/users/arun-antony-paul.9ca3531f/badges
Lokesh,,Sakala,1,/users/lokesh-sakala/badges
srigakollu,,Nirmala Rama Prabha satya,1,/users/srigakollu-nirmala-rama-prabha-satya/badges
Nukala,,Krupani,1,/users/nukala-krupani/badges
Shakthi siva,,Poonthamil S,1,/users/shakthi-siva-poonthamil-s/badges
Sandipan,,Bar,1,/users/sandipan-bar/badges
Mohammed,,Basha,1,/users/mohammed-basha.f6e45fd1/badges
Swetali,,Pradhan,1,/users/swetali-pradhan.1fd46ac8/badges
TINU,,JAMES,1,/users/tinu-james.08cebe5a/badges
Varshini,,H,1,/users/varshini-h.b0fc5eba/badges
Aatif,,Pinjari,1,/users/aatif-pinjari/badges
JPR Durga Prasad,,Polisetty,1,/users/jpr-durga-prasad-polisetty/badges
Akash,,_,1,/users/akash-_.6c7a38a4/badges
Anusha,,Mandadi,1,/users/anusha-mandadi.0b624e41/badges
Neethu,,Haridas,1,/users/neethu-haridas.852c9361/badges
Abhishek Kumar,,Giri,1,/users/abhishek-kumar-giri.92874a10/badges
Seelaboina,,kartikeyi,1,/users/seelaboina-kartikeyi/badges
KANISHKA,,S,1,/users/kanishka-s.1081c819/badges
TEJAS,,SONTAKKE,1,/users/tejas-sontakke.7860b09b/badges
Dhaval,,Mandaliya,1,/users/dhaval-mandaliya.3267dbc5/badges
Mandala,,Vandana,1,/users/mandala-vandana/badges
Sukesh,,Pandit,1,/users/sukesh-pandit/badges
REDDYMALLI VISHNU VARDHAN,,REDDY,1,/users/reddymalli-vishnu-vardhan-reddy/badges
Bashar,,Naieem,1,/users/bashar-naieem/badges
Nidhi,,Arora,1,/users/nidhi-arora.531bfc42/badges
Ritik,,Raj,4,/users/ritik-raj.5f219f1a/badges
Kushal,,Gidadhubli,1,/users/kushal-gidadhubli/badges
Meghashree,,Jayaram,2,/users/meghashree-jayaram/badges
Sneaha,,Ganesan,1,/users/sneaha-ganesan/badges
Saketh,,Baggam,2,/users/saketh-baggam/badges
Rajesh,,LNU,1,/users/rajesh-lnu/badges
DEVINENI,,HAASINI,1,/users/devineni-haasini/badges
Nithishkumar M,,M,1,/users/nithish02/badges
Ashwin,,S,1,/users/ashwin-s.718650d6/badges
Siddharth,,Singh,2,/users/siddharth-singh.e1e1db2e/badges
Vivek,,Sajwan,1,/users/vivek-sajwan.97c65d11/badges
Mohd,,JalalUddin,1,/users/mohd-jalaluddin/badges
Abhishek,,R,1,/users/abhishek-r.acabf513/badges
Ragavendra,,R,1,/users/ragavendra-r.6fd107a8/badges
Bharani,,R,1,/users/bharani-r.f2c14200/badges
Sarathkumar,,Venkatesan,2,/users/sarathkumar-venkatesan/badges
MEGHRAJ,,PATIL (RA2211003011683),1,/users/meghraj-patil-ra2211003011683/badges
AKULA,,JANARDHAN,1,/users/akula-janardhan.c26090fd/badges
Naaz Anjum,,Sayed,1,/users/naaz-anjum-sayed/badges
BHARANI R,,23ITR013,1,/users/bharani-r-23itr013/badges
Abhaykumar,,Phulari,1,/users/abhaykumar-phulari.e4ff10c8/badges
Luckysha,,M,1,/users/luckysha-m.5d7acfe7/badges
PRATIKESH,,KUMBHAR,1,/users/pratikesh-kumbhar/badges
Shikha,,Jain,1,/users/shikha-jain.d74b594e/badges
Tushar,,Saini,1,/users/tushar-saini.b5d4dddd/badges
ANIK,,SAU,1,/users/anik-sau/badges
Sohaib,,Kamal,2,/users/sohaib-kamal/badges
Ashwini,,Singh,1,/users/ashwini-singh.50ce7167/badges
Jyotsna,,Verma,2,/users/jyotsna-verma.0447bdbf/badges
Neha,,Rana,1,/users/neha-rana.a5401cb4/badges
Sanket,,Sonone,1,/users/sanket-sonone.b3f2111f/badges
MOHANRAJ,,KS,1,/users/mohanraj-ks/badges
Kaviya,,Murugesan,1,/users/kaviya-murugesan.fd7e7f64/badges
Mahesh,,Lokhande,1,/users/mahesh-lokhande.07cc8881/badges
vijay,,sai,1,/users/vijay-sai.2df31117/badges
Manvendra,,Singh,1,/users/manvendra-singh-piet21cs103/badges
Ankit,,Jadhav,1,/users/ankit-jadhav.0bf48499/badges
fimin,,mathews,1,/users/fimin-mathews/badges
Varshini,,Y S,1,/users/varshini-y-s/badges
Mayank,,Gongal,1,/users/mayank-gongal.688f4ef8/badges
Srijit,,Ghosh,1,/users/srijit-ghosh.955892ea/badges
Sai Kumar,,Reddy J,1,/users/sai-kumar-reddy-j.636fee89/badges
S,,Hari,1,/users/s-hari.726806c4/badges
Rutu,,Patel,1,/users/rutu-patel.8b956fd7/badges
Jyostna,,Sodipilli,1,/users/jyostna-sodipilli/badges
Prakhar,,Gupta,1,/users/prakhar-gupta.a3e7bfe8/badges
Baivab,,Karmakar,3,/users/baivab-karmakar/badges
Jay,,Chauhan,1,/users/jay3_chauhan/badges
Prasanna,,Tekade,1,/users/prasanna-tekade.e881d2de/badges
Savitha,,S,1,/users/savitha-s.e73b65d2/badges
AJAY,,J,1,/users/ajay-j.cb1da762/badges
Lajapalle,,Maheshwara Reddy,1,/users/lajapalle-maheshwara-reddy/badges
Abhijith,,k anil,1,/users/abhijith-k-anil.8f1af741/badges
Prathamesh,,Rajput,1,/users/prathamesh-rajput/badges
jamee,,la,1,/users/jamee-la/badges
Ajay,,Sigireddy,1,/users/ajay-sigireddy.d3469565/badges
Satheesh Kumar Reddy,,Mandadi,2,/users/satheesh-kumar-reddy-mandadi/badges
Pratik,,Karanjkar,1,/users/pratik-karanjkar/badges
Nikhil,,Vikraman,1,/users/nikhil-vikraman.5/badges
Nabila,,Shaikh,1,/users/nabila-shaikh.326eee1b/badges
KESAVA MOHAN GANESH ANIRUDH,,CHUNDURU,1,/users/kesava-mohan-ganesh-anirudh-chunduru/badges
Vinay,,Chellaboina,1,/users/vinay-chellaboina/badges
Devika,,Tanuku,1,/users/devika-tanuku/badges
Pravalika,,Pasula,1,/users/pravalika-pasula/badges
Sangeetha,,Murugesan,1,/users/sangeetha-murugesan.f3ca55a9/badges
AKASH,,GUPTA,1,/users/akash-gupta.187c61a0/badges
Akshita,,Bajpai,1,/users/akshita-bajpai.2b80ee2d/badges
Abinash,,S,1,/users/s-abinash/badges
Baby Alekya,,Pilli,1,/users/baby-alekya-pilli/badges
Umar,,Khan,1,/users/umar-khan.33efc8a2/badges
VISHNU,,kashaboina,1,/users/vishnu-kashaboina/badges
Samkumar,,K,1,/users/samkumar-k/badges
Jayachandra Rao,,Siddiraju,1,/users/jayachandra-rao-siddiraju/badges
Surya,,Rajendran,1,/users/surya-rajendran.cdb009d5/badges
Anuradha,,Panchapakesan,1,/users/anuradha-panchapakesan/badges
BOGGAVARAPU,,VENKATA SUBHASH,1,/users/boggavarapu-venkata-subhash/badges
ELAKYA R,,23ITR045,1,/users/elakya-r-23itr045/badges
Tushar Kumar,,Shahi,1,/users/tushar-kumar-shahi/badges
Lokesh,,Burle,1,/users/lokesh-burle.cc83cb64/badges
goutham,,r,1,/users/goutham-r.cc0798c9/badges
Mamta,,Devi,1,/users/mamta-devi.ef3fbc3a/badges
MUSKAN,,SHEIKH,1,/users/muskan-sheikh.6159f330/badges
narayandas,,meghana,1,/users/narayandas-meghana/badges
Barath,,D,1,/users/barath-d.a72b05aa/badges
Veena,,Yaraddi,1,/users/veena-yaraddi.9bf46252/badges
Kavya,,Srinivasan,1,/users/kavya-srinivasan.167d797c/badges
Vishal,,Parikh,1,/users/vishal-parikh.eb99bd29/badges
Ritam,,Pal,1,/users/ritam-pal.396c878f/badges
KARAN,,DARMWAL,1,/users/karan-darmwal/badges
Tanmay,,Dalvi,1,/users/tanmay-dalvi.6a81c92d/badges
Inas,,Ibrahim,1,/users/inas-ibrahim.91cd9c89/badges
Sai Deepika,,mekala,3,/users/sai-deepika-mekala/badges
Varun,,Purohit,1,/users/varun-purohit.3cde0706/badges
Viram,,Keshwala,1,/users/viram-keshwala.4c95fd50/badges
ganesh,,baghele,1,/users/ganesh-baghele/badges
Barsha Baishakhi,,Sethi,1,/users/barsha-baishakhi-sethi/badges
Sanjana,,Thananjayan,1,/users/sanjana-thananjayan/badges
Sathya,,Kothakota,1,/users/sathya-kothakota/badges
JEGAN J B,,23ITR073,1,/users/jegan-j-b-23itr073/badges
Sahil,,Ali,1,/users/sahil-ali.61c475b7/badges
Roshan Kumar,,Chaudhary,1,/users/roshan-kumar-chaudhary/badges
GIRI VIGNESH,,PS,1,/users/giri-vignesh-ps/badges
Jaydeep,,Mandal,2,/users/jaydeep-mandal/badges
Veena,,Kolloju,1,/users/veena-kolloju/badges
Shaik,,Zaheer,1,/users/shaik-zaheer.dd2daf17/badges
Shrinivas,,anavekar,1,/users/shrinivas-anavekar.a66e470d/badges
MANIKYAREDDYGARI ABHILASH REDDY,,.,1,/users/manikyareddygari-abhilash-reddy/badges
Kuldeep,,Pal,1,/users/kuldeep-pal.680b2007/badges
Samiksha,,Manekar,1,/users/samiksha-manekar.450866dd/badges
Karthik,,Sagar,1,/users/karthik-sagar.9db1fa2b/badges
Mangesh,,Kachawar,1,/users/mangesh-kachawar/badges
Naijil,,Aji,1,/users/naijil-aji/badges
Swapnil,,Swapnil,1,/users/swapnil-swapnil/badges
Sourabh,,Pawar,5,/users/sourabh-pawar.77f0bea7/badges
Amit,,Khandelwal,1,/users/amit-khandelwal/badges
Alok,,Kumar,1,/users/alok-kumar.c63f6102/badges
JANISHAA,,V,1,/users/janishaa-v/badges
Kundan,,Ayare,1,/users/kundan-ayare/badges
Casandra,,Fernando,1,/users/casandra-fernando/badges
balakrishna,,sankar,2,/users/balakrishna-sankar/badges
Abhishek,,Parekh,1,/users/abhishek-parekh.946c87e9/badges
Raghul,,S,1,/users/raghul-s.8d9ac7ad/badges
rajeswari,,haridasu,1,/users/rajeswari-haridasu/badges
Ediga,Jaya,chandrika,1,/users/ediga-jaya-chandrika.c030119c/badges
Mohammed,,Waseemuddin,1,/users/mohammed-waseemuddin.f2cbbb5f/badges
Anamika,,A,2,/users/anamika-a.d960af9b/badges
Gokul,,H,2,/users/gokul-link/badges
Rishabh,,Tongia,1,/users/rishabh-tongia/badges
Arjun,,Sadhanandhan,1,/users/arjun-sadhanandhan/badges
Priti,,Shirke,1,/users/priti-kumari.08ef5413/badges
Ashish Singh,,Thakur,1,/users/ashish-singh-thakur/badges
Arungopal,,Mariappan,1,/users/arungopal-mariappan/badges
Arpit,,Shrivastava,1,/users/arpit-shrivastava.1608c3df/badges
GOUNDLA RAHUL NIVAS GOUD,,.,1,/users/goundla-rahul-nivas-goud/badges
Rajeswari,,Takkavolu,1,/users/rajeswari-takkavolu/badges
Tamil selvan,,Kumar,2,/users/tamil-selvan-kumar/badges
abhishek,,chandra,1,/users/abhishek-chandra.797de726/badges
Brundaban,,Biswal,1,/users/brundaban-biswal/badges
Rozella,,Boban,1,/users/rozella-boban/badges
PALLEMPATI SRI,,HARSHAVARDHAN,1,/users/pallempati-sri-harshavardhan/badges
Praveen,,paschapur,1,/users/praveen-paschapur.65bd2bd4/badges
Raghavi,,Rajasekaran,1,/users/raghavi-rajasekaran/badges
Bellamkonda,,Priyanka,1,/users/bellamkonda-priyanka/badges
Chirumamilla,,Harichandana,1,/users/chirumamilla-harichandana/badges
RAGI SAKETH,,RAM,1,/users/ragi-saketh-ram/badges
Vishesh,,Pranav,1,/users/vishesh-pranav/badges
Tushar,,Chaudhari,1,/users/tushar-chaudhari.9adae664/badges
Paribhasha,,Saxena,1,/users/paribhasha-saxena.bddf36f5/badges
Pawan,,kumar,1,/users/pawan-kumar.51281832/badges
Prathvik,,naik,1,/users/prathvik-naik.d052e217/badges
Vaibhav,,Chitode,1,/users/vaibhav-chitode/badges
Mylavarapu,,Purneswari,1,/users/mylavarapu-purneswari.800e0710/badges
meghana,,gopavarapu,2,/users/meghana-gopavarapu/badges
Shreyank,,Srinivasan Harisha,1,/users/shreyank-srinivasan-harisha/badges
Vaibhav,,Yesane,1,/users/vaibhav-yesane/badges
Gokulprasath,,D,1,/users/gokulprasath-d/badges
Yelakanti,,Sreehitha,1,/users/yelakanti-sreehitha.87696fcd/badges
SARAVANAKUMAR,,K S,1,/users/saravanakumar-k-s.e42f63e1/badges
Vinish,,K Pavithran,1,/users/vinish-k-pavithran.740743d0/badges
DINESH,,GL,1,/users/dinesh-gl/badges
Abhishek,,Jha,1,/users/abhishek-jha.a43f1f17/badges
Arun,,M,1,/users/arun-manogaran/badges
Khushi,,Nirmal,3,/users/khushi-nirmal.a26fdc8f/badges
swati,,soni,4,/users/swati-soni.e022fcee/badges
Gayatri,,Panda,1,/users/gayatri-panda.010ac77d/badges
Regasri,,U,1,/users/regasri-u/badges
Manmohan,,Yadav,1,/users/manmohan-yadav.5895b6b3/badges
Jaya Karthik,,Chilakala,1,/users/jaya-karthik-chilakala.6ec2a6f7/badges
Abha,,Shukla,1,/users/abha-shukla.ad1553ab/badges
SRINIVAS KARTHIK,,D,1,/users/srinivaskarthik-d/badges
Anand,,Natarajan,2,/users/anand-natarajan.34aa1939/badges
SIBISHREE,,M,1,/users/sibishree-m/badges
ISHANVI,,SINGH (RA2211003011203),1,/users/ishanvi-singh-ra2211003011203/badges
Ajay,,Singh,1,/users/ajay-singh.17cc5713/badges
DHARANEESH,,R,1,/users/dharaneesh-r.793eb86c/badges
Tahir,,Thasaria,1,/users/tahir-thasaria/badges
KANIMOZHI S,,23ITR077,1,/users/kanimozhi-s-23itr077/badges
ASWATH SIVA K M,,23ITR010,1,/users/aswath-siva-k-m-23itr010/badges
Santoon Kumar,,Panda,1,/users/santoon-kumar-panda.1ac7985a/badges
Selva,,J,1,/users/selva-j.30225a6b/badges
SHAHINA,,K S,1,/users/shahina-k-s/badges
Loveneesh,Kumar,Varshney,3,/users/loveneesh-varshney/badges
Ganesh,,Panda,1,/users/ganesh-panda.266ca4e9/badges
Anam,,Khan,1,/users/anam-khan.fb9d0d97/badges
Vinith,,Sonu,1,/users/vinith-sonu/badges
Vikram Singh,,Thakur,1,/users/vikram-singh-thakur.63f792dc/badges
Chandra Bhushan,,Singh,1,/users/chandra-bhushan-singh.bd369d66/badges
Chella Vignesh,,K P,1,/users/chella-vignesh-k-p/badges
Andaluri,,Bhagyasri,1,/users/andaluri-bhagyasri/badges
Harshdeep,,Singh,1,/users/harshdeep-singh.eef2a5e0/badges
Rakesh,,Hazra,1,/users/rakesh-hazra.b9786b9f/badges
Komal,,.,1,/users/komal.94722d27/badges
Anil,,Kumar,1,/users/anil-kumar.24f6fd8a/badges
Muruganandam,,Sundarrajan,1,/users/muruganandam-sundarrajan/badges
Mohammed Zubair,,Mohammed Saber,1,/users/mohammed-zubair-mohammed-saber/badges
Abhishek,,kumar,1,/users/abhishek-kumar.97306832/badges
Sushmita,,Pandey,1,/users/sushmita-pandey.c102c7a3/badges
Niti,,Modi,1,/users/niti-modi/badges
Srivani,,Vadthya,1,/users/srivani-vadthya/badges
Hari,,Subhash,1,/users/hari-subhash/badges
Karthick,,D,1,/users/karthick-d.084177d5/badges
Chumki,,Ghosh,1,/users/chumki-ghosh.59be9edc/badges
Aditya,,Sudake,1,/users/aditya-sudake.59c5ae20/badges
Joyce,,Jenifer,1,/users/joyce-jenifer/badges
Tushar,,Mahale,1,/users/tushar-mahale.80b5f89a/badges
Harshitha,,Swarup,1,/users/harshitha-swarup/badges
Sourav,,Batabyal,1,/users/sourav-batabyal/badges
Dhanunjaya,,Papugowni,1,/users/dhanunjaya-papugowni.ae8b01da/badges
Sujit,,Sardar,1,/users/sujit-sardar/badges
Navya,,Unnam,1,/users/navya-unnam/badges
Srikanth,,Padakanti,1,/users/srikanth-padakanti/badges
Kuntal,,Masram,1,/users/kuntal-masram.359692c4/badges
Srinath,,G,1,/users/srinath-g.743d6b79/badges
Shaban,,Khan,1,/users/shaban-khan.7d4b9d62/badges
Karthik,,Mokila,1,/users/karthik-mokila/badges
Nikita,,Singh,1,/users/nikita-singh.0f08db9f/badges
Japesh,,Girini,1,/users/japesh-girini.9769a533/badges
Dhivya,,Thiyagarajan,2,/users/dhivya-thiyagarajan.3b97d048/badges
Sahithi,,Addenapudi,1,/users/sahithi-addenapudi/badges
Shiva,,Kumar,1,/users/shiva-kumar.401068f6/badges
Abhaya Prasad,,Sahu,1,/users/abhaya-prasad-sahu/badges
Syamala,,Reddy,1,/users/syamala-reddy.9b3c7835/badges
Ala,,Vishnu Vardhan,2,/users/ala-vishnu-vardhan/badges
Venkata Naga Naveen,,Atukuri,1,/users/venkata-naga-naveen-atukuri/badges
Usha,,Nandhini,1,/users/usha-nandhini.a1846308/badges
Balaji,,B,1,/users/balaji-b.6fddd40a/badges
Sai teja,,Reddymalla,1,/users/sai-teja-reddymalla/badges
Pankaj,,Agrawal,1,/users/pankaj-agrawal.af007658/badges
Varun,,M,1,/users/varun-m.89c8271d/badges
Amar,,Singh,1,/users/amar-singh.c70b95a8/badges
BIPIN,,NALLABROLU (RA2211027010141),1,/users/bipin-nallabrolu-ra2211027010141/badges
Ruchi,,Mayekar,1,/users/ruchi-mayekar.5c1d7cbe/badges
Amit,,Chaudhary,1,/users/amit-chaudhary.3107ec00/badges
Pratyush,,Shukla,1,/users/pratyush-shukla.e548e95b/badges
AYUSH,,BHARDWAJ,1,/users/ayush-bhardwaj.2861806f/badges
Arth,,Sharma,1,/users/arth-sharma.3420ff87/badges
Sanhit,,Banerjee,1,/users/sanhit-banerjee/badges
Aditya,,Kumar,1,/users/aditya-kumar.b1d773ef/badges
Rajat,,Kushwah,1,/users/rajat-kushwah.3b1325de/badges
Aditi,,Singh,1,/users/aditi-singh.9778ed21/badges
Yatharth,,Patidar,1,/users/yatharth-patidar/badges
KARTIK,,MITTAL (RA2211003011230),1,/users/kartik-mittal-ra2211003011230/badges
Vikrant,,Kumar Singh,1,/users/vikrant-kumar-singh.34af22f3/badges
Athul,,Kannoth,1,/users/athul-kannoth.9ace7f9c/badges
sk Amirul,,Islam,1,/users/sk-amirul-islam.6a0be9d6/badges
DAVID ROSARIO SELVARAJ,,URK22CS1007,1,/users/david-rosario-selvaraj-urk22cs1007/badges
Shobith,,G Bharamshetty,1,/users/shobith-g-bharamshetty/badges
Shivangi,,Seth,1,/users/shivangi-seth.f0461b9f/badges
Shaik,,Ali,1,/users/shaik-ali.d1d62f9c/badges
Raghav,,Chadha,1,/users/raghav-chadha.29fb1d95/badges
Sakshi,,Jain,2,/users/sakshi-jain.9c79c0d4/badges
Santosh Kumar,,DONDAPATI,2,/users/santosh-kumar-dondapati/badges
CHEEPURUPALLI,,HARI PRASAD,3,/users/cheepurupalli-hari-prasad/badges
KALIKA PRASAD REDDY,,PINGALA,1,/users/kalika-prasad-reddy-pingala/badges
Navami,,Binu,2,/users/navami-binu/badges
Arin,,Kashyap,1,/users/arin-kashyap/badges
Srinivasan,,Viswanathan,1,/users/srinivasan-viswanathan.dfd2d70a/badges
Varshini T,,24MCR123,1,/users/varshini-t-24mcr123/badges
Dinesh,,Gayari,1,/users/dinesh-gayari.c725b9fc/badges
RISHITA,,RAINA (RA2211003010684),1,/users/rishita-raina-ra2211003010684/badges
Gurmaan,,Singh,1,/users/gurmaan-singh/badges
Hari,,Haran,1,/users/hari-haran.1abdc064/badges
Monu,,sharma,1,/users/monu-sharma.b7ff7b70/badges
RAJ,,KUMAR R,1,/users/raj-kumar-r.4fd56773/badges
Chetan,Kumar,Pawar,1,/users/chetan-kumar-pawar/badges
Sandeep,,Sapra,1,/users/sandeep-sapra.501f2b13/badges
Gopika,,Santhosh,1,/users/gopika-santhosh/badges
Anupam,,Maiti,1,/users/anupam-maiti.da983219/badges
Jatin,,Kumar,1,/users/jatin-kumar.b7ff88f4/badges
Ashutosh,,Jha,1,/users/ashutosh-jha.f4406338/badges
Neha,,Sreekumar,1,/users/neha-sreekumar/badges
Balamurugan,,Chellamuthu,1,/users/balamurugan-chellamuthu.e507394b/badges
ANIRUDDHA,,MAJI,1,/users/aniruddha-maji/badges
Prashanth,,Reddy c,1,/users/prashanth-reddy-c/badges
Karpagam,,S,1,/users/karpagam-s.12f0ca22/badges
Shubhi,,Jain,1,/users/shubhi-jain.07baa149/badges
Aryan,,Sharma,1,/users/aryan-sharma.375477d0/badges
Ishan,,Sandhir,1,/users/ishan-sandhir.ea7b3f62/badges
Joyanta,,Choudhury,1,/users/joyanta-choudhury.3a42aaa1/badges
Tejaswinee,,Patel,1,/users/tejaswinee-patel.158b147b/badges
Love,,Maheshwari,1,/users/love-maheshwari/badges
HASEENA,,S,1,/users/haseena-s.4f11a3df/badges
Satish,,Biradar,1,/users/satish-biradar.8b6c153c/badges
barathraj,,selvam,1,/users/barathraj-selvam/badges
Tippana Veera Sai Tejesh,,Reddy,1,/users/tippana-veera-sai-tejesh-reddy/badges
Kevalkumar,,Lad,1,/users/kevalkumar-lad/badges
Yadu,,Krishnan,1,/users/yadu-krishnan.b46cd859/badges
Nandini,,Thimmasamudram,2,/users/nandini-thimmasamudram/badges
Kishore,,R,1,/users/kishore-r.517a9986/badges
Anwesha,,Routray,1,/users/anwesha-routray.22e244d7/badges
Rahul,,.,1,/users/rahull/badges
Karthik,,Ramesh,2,/users/karthik-ramesh.de49809f/badges
Nimisha K,,Mani,1,/users/nimisha-k-mani/badges
Pawan,,Tolani,1,/users/pawan-tolani/badges
Bhavneet,,Ahuja,1,/users/bhavneet-ahuja/badges
Harsha,,Kadali,1,/users/harsha-kadali.cf8f079c/badges
harsh,,awasthi,1,/users/harsh-awasthi.4dee9a1a/badges
Manas,,Khanger,1,/users/manas-khanger/badges
Suman,,S,1,/users/suman-s.7884b7ea/badges
HANSIGA P,,23ITR051,1,/users/hansiga-p-23itr051/badges
Kiran Kumar,,Satuluri,4,/users/kiran-kumar-satuluri.a2543883/badges
DHARUN VIDYAKAR K S,,23ITR035,1,/users/dharun-vidyakar-k-s-23itr035/badges
THADHUN,,S (RA2211003010077),1,/users/thadhun-s-ra2211003010077/badges
SANJAY,,SHARMA,1,/users/sanjay-sharma.cb17c6e2/badges
Aastha,,Tayal,1,/users/aastha-tayal/badges
varun,,sharma,1,/users/varun-sharma.e74604c3/badges
Shristi,,Chauhan,1,/users/shristi-chauhan.36e12acf/badges
shabari,,shetty,1,/users/shabari-shetty.b94d5f38/badges
Harshit,,Arora,1,/users/harshit-arora.c41183d7/badges
Yash,,Thaker,1,/users/yash-thaker.2ecfd430/badges
yamuna,,mohan,1,/users/yamuna-mohan.f79eeffc/badges
DEBIKA,,N S,1,/users/debika-n-s/badges
Rithiga Sri,,B,1,/users/rithiga-sri-b.d4388dbe/badges
Kumar,,Shubham,1,/users/kumar-shubham.85942945/badges
Megha,,Kumari,1,/users/megha-kumari.fe25adb8/badges
Shikha,,Ghildiyal,1,/users/shikha-ghildiyal.7386787e/badges
Kshitij,,Tripathi,3,/users/kshitij-tripathi.36745e39/badges
Likhith Kumar,,Reddy,1,/users/likhith-kumar-reddy/badges
Dhanush N,,Nagaraja R,1,/users/dhanush-n-nagaraja-r/badges
Fidha,,Salahudeen,1,/users/fidha-salahudeen.ae271451/badges
Ashish,,Tiwari,1,/users/ashish-tiwari.5ddc8731/badges
Aliyah,,Saini,1,/users/aliyah-saini/badges
Aakash,,Suresh,2,/users/aakash-suresh.d6d615b6/badges
Adnan,,Hassan,1,/users/mr-adnan-hassan/badges
GURUCHANDRAN,,K A,2,/users/guruchandran-k-a/badges
Rakesh,,Patel,2,/users/rakesh-patel.7f9b9252/badges
Anjali,,Shah,1,/users/anjali-shah.e548d249/badges
Rakesh,,Sundaram,1,/users/rakesh-sundaram/badges
ADITYA,,SINHA,1,/users/aditya-sinha-ra2211003011352/badges
Robin,,Singh,1,/users/robin-singh.5c8f96cf/badges
ARJONEEL,,GHOSH (RA2211003010336),1,/users/arjoneel-ghosh-ra2211003010336/badges
Shuvradip,,Chakraborty,1,/users/shuvradip-chakraborty/badges
Vijay,,Tejwani,1,/users/vijay-tejwani.8c334b8d/badges
Punit,,Sakre,1,/users/punit-sakre.34ab16f9/badges
Bejjanki,,Sathvik Rao,1,/users/sathvikbejjanki/badges
Soumya,Ranjan,Sahu,1,/users/soumya-sahu.2346d5f4/badges
Balapanuru,veera,shanmukha,1,/users/balapanuru-shanmukha/badges
Vijaykumar,,Baskaran,1,/users/vijaykumar-baskaran/badges
Ramkrushna,,zende,1,/users/ramkrushna-zende/badges
Nisha,,Ahuja,1,/users/nisha-ahuja.034a5e4e/badges
Aishwarya,,Kozhisherry,1,/users/aishwarya-kozhisherry.6e1e4584/badges
Harini Madura,,M,1,/users/harini-madura-m-24mcr030/badges
Kamya,,Sharma,1,/users/kamya-sharma.4c8be95a/badges
Sai Likith Reddy,,Yeddula,1,/users/sai-likith-reddy-yeddula.16bc0079/badges
Madhukar,,Aedla,1,/users/madhukar-aedla/badges
Kaushik,,Sarkar,1,/users/kaushik-sarkar.22880574/badges
Tribhuban,,Mishra,1,/users/tribhuban-mishra/badges
Aayush,,Bhure,1,/users/aayush-bhure.f72ea10e/badges
pooja,,kumari,1,/users/pooja-kumari.9c0c44df/badges
Sathish Kumar,,Ramamoorthy,1,/users/sathish-kumar-ramamoorthy.c93ddd36/badges
Namit,,Kaul,1,/users/namit-kaul/badges
Rashmilata,,Parida,1,/users/rashmilata-parida/badges
Sachin,,Kumar,1,/users/sachin-kumar.3c8575e6/badges
Mustak,,Khan,2,/users/mustak-khan.2a6e19b1/badges
Shivani,,Kumari,3,/users/shivani-kumari.b0dec029/badges
Aaryan,,Tyagi,1,/users/aaryan-tyagi.26b7ed45/badges
Madhina,,Basha,1,/users/madhina-basha/badges
RAGHUL,,S,1,/users/raghul-s.94f28957/badges
Bikash,,Das,1,/users/bikash-das.85d8650f/badges
Ganesh,,R,1,/users/rganesh13/badges
Kamalakannan,,S,1,/users/kamalakannan-s.7d4e6bcc/badges
TAPAS,,SINGHAL,1,/users/tapas1611/badges
Harsh,,Singh,1,/users/harsh-singh.abd66abd/badges
Thirumoorthy,,Sugumar,1,/users/thirumoorthy001/badges
Rohit,Ashok,Katole,1,/users/rohit-katole/badges
Mohamed irfan.s,,Mohamed irfan.s,1,/users/mohamed-irfan-s-mohamed-irfan-s/badges
A Avinash,,Chidambaram,1,/users/a-avinash-chidambaram/badges
Vinay Rajan,,S,1,/users/vinay-rajan-s/badges
Anil,,Kumar,1,/users/anil-kumar.99bdb8dd/badges
POOJA,,KAMMILI,1,/users/pooja-kammili/badges
Narendar,,Muradi,1,/users/narendar-muradi/badges
Janani,,Sekar,1,/users/janani_s/badges
Avilash,,Pradhan,1,/users/avilash-pradhan.3dfb9346/badges
Navnit,,Kumar,1,/users/navnit-kumar.1095c5c1/badges
Rakesh,,Murali,1,/users/rakesh-murali/badges
Harinath,,R,1,/users/harinath-r.f68b6198/badges
Niharika,,Yadav,1,/users/nih13/badges
Sandhiya,,Visu,1,/users/sandhiya-visu/badges
Akash,,V,1,/users/akash-v.fd51c3c2/badges
Pamidimukkala,,Lahari,1,/users/pamidimukkala-lahari.633bdd02/badges
Mothe,,Chandrika Srujana,1,/users/mothe-chandrika-srujana/badges
MUTHUSARAVANAN,,MARKKANDAN,1,/users/muthusaravanan-markkandan.cfe3e429/badges
Kirti,,Kulkarni,1,/users/kirti-kulkarni.4439000c/badges
KEERTHANA,,S,1,/users/keerthana-s.a65cc3ce/badges
Srishti,,Sahu,1,/users/srishti-sahu.2e9f235c/badges
Seshadri,,Mandal,1,/users/seshadri-mandal.74ae5b14/badges
Vaishnavi,,Srivastava,1,/users/vaishnavi-srivastava.1bd07df9/badges
Chiranjivi,,Singh,1,/users/chiranjivi-singh.7b1fec46/badges
Adithya,,Sivaraman,1,/users/adithya-sivaraman.d2ce1599/badges
ASHUTOSH,,KUSHWAHA (RA2211003011221),1,/users/ashutosh-kushwaha-ra2211003011221/badges
Vijayakumar,,Santi,1,/users/vijayakumar-santi/badges
Rakiul,,Islam,1,/users/rakiul-islam/badges
Sudhanva,,G R,1,/users/sudhanva-g-r/badges
Ayush,,Dey,1,/users/ayush-dey.27a4dae3/badges
Harsh,,Raj,1,/users/harsh-raj.9f0d9072/badges
Jayesh,,Borase,2,/users/jayesh-borase/badges
Duvvada,,Sai Ram,1,/users/duvvada-sai-ram/badges
Ameeka,,Maheen,1,/users/ameeka-maheen.c24e9b2d/badges
Harsh,,Ranjan,1,/users/harsh-ranjan.252f6d07/badges
Pijush Kanti,,Giri,1,/users/pijush-kanti-giri.0ad55c07/badges
Md,,Yunus,1,/users/yunus.25jmi/badges
Nikita,,Khandelwal,1,/users/nikita-khandelwal.96a8ec8a/badges
Jyotsna,,Rajana,1,/users/jyotsna-rajana/badges
Varsha,,Satheesh,2,/users/varsha-satheesh/badges
Sundeep,,Kannipoti,1,/users/sundeep-kannipoti/badges
Buvan Ranjan,,P,1,/users/buvan-ranjan-p/badges
Krishna Chaitanya,,Kurra,1,/users/krishna-chaitanya-kurra/badges
Krishna,,Singh,2,/users/krishna-singh.a89181ac/badges
Pankaj,,Khaitan,1,/users/pankaj-khaitan.7407ff5d/badges
reshma,,pradeep,1,/users/reshma-pradeep.76d0819f/badges
Vanshika,,Sharma,1,/users/vanshika-sharma.f3801860/badges
Lokesh,,Mathane,1,/users/lokesh-mathane/badges
Zeeshan,,Alam,1,/users/zeeshan-alam.81a73744/badges
Bhaskar Babu,,Mangala,1,/users/bhaskar-babu-mangala/badges
netra,,rajendran,1,/users/netra-rajendran/badges
YOGARATHNAM,,S,1,/users/yogarathnam-s/badges
Anshul,,Rohilla,1,/users/anshul-rohilla.dd1c52cc/badges
Rinu,,Antony,1,/users/rinu-antony/badges
Prakash,,Rajendran,1,/users/prakash-rajendran.ade31dac/badges
Rachit,,Gupta,1,/users/rachit-gupta.df93b4d7/badges
MUSUKU,,GURUMURTHY,1,/users/musuku-gurumurthy/badges
Anand,,Prakash,1,/users/anand-prakash.770f65bf/badges
Mir Abdul Aziz,,Khan,1,/users/mirabdulazizkhan/badges
Celestine,,Joy,1,/users/celestine-joy/badges
Grecia Ann,,Verghese,1,/users/grecia-ann-verghese/badges
jabbar,,shareef,1,/users/jabbar-shareef.6f98f7c1/badges
Rakesh,,Malagi,1,/users/rakesh-malagi/badges
Rishiraj,,Bagchi,1,/users/rishiraj-bagchi/badges
Sahil,,Rakhaiya,1,/users/sahilrakhaiya/badges
Aakanksha,,Kataram,1,/users/aakanksha-kataram/badges
Tuhin Suvra,,Biswas,1,/users/tuhin-suvra-biswas/badges
Saipriya,,Koppula,1,/users/saipriya-koppula/badges
Anumeha,,Jain,1,/users/anumeha-jain/badges
Nikhila,,Malkannagari,1,/users/nikhila-malkannagari/badges
Greeshma Chowdary,,Kolli,1,/users/greeshma-chowdary-kolli/badges
Poojitha,,Yanamula,1,/users/poojitha-yanamula/badges
Varalaxmi,,V,2,/users/varalaxmi-v.a18deac5/badges
Sopina Shanthi,,George Joseph,2,/users/sopina-shanthi-george-joseph/badges
SATHWIK,,SANGEETHAM,1,/users/sathwik-sangeetham/badges
Arya,,Pathak,1,/users/arya-pathak.5465b067/badges
Vignesh,,Gnanasekaran,1,/users/vignesh-gnanasekaran.145111a2/badges
Samarth,,Bedare,1,/users/samarth-bedare/badges
Krushna,,Bankar,1,/users/krushna-bankar/badges
Linga Bharath,,V,1,/users/linga-bharath-v/badges
Somesh pratap,,Singh,1,/users/somesh-pratap-singh.c63b2e3a/badges
Purna Chandra Subbaraju,,Gutti,1,/users/purna-chandra-subbaraju-gutti/badges
Dhruv,,Sovasaria,1,/users/dhruv-sovasaria/badges
Pavithra,,Rajendran,1,/users/pavithra-rajendran.4eba3623/badges
Sharvesh,,S,1,/users/sharvesh-s.c8333cf2/badges
Sukh Singh,,Oberoi,1,/users/sukh-singh-oberoi/badges
Abhivanth,,R,1,/users/abhivanth-r/badges
Johari,,Kuppam,1,/users/johari-kuppam/badges
Ritik,,purohit,1,/users/ritik-purohit/badges
Harsh raj,,Singh,1,/users/harsh-raj-singh.76077825/badges
Rohit,,Singh,1,/users/rohit-singh.19fd3b2c/badges
Ankita,,Mogal,1,/users/ankita-mogal/badges
Arvind,,Madeshiya,1,/users/arvind-madeshiya/badges
Sourav,,Roy,1,/users/sourav-roy.b63b3cc3/badges
Naveen,,Kumar,1,/users/naveen-kumar.8b9d1faa/badges
Sayan,,Deb,1,/users/sayan-deb.24e3fb32/badges
Mukul,,Raj,1,/users/mukul-raj.3640958b/badges
Jerin,,CJ,1,/users/jerin-cj.8f46c9d1/badges
Vinod babu,,Talari,1,/users/vinod-babu-talari/badges
Mahesh,,P,5,/users/mahesh-p.57c3496b/badges
VAGARUR YASWANTH KUMAR,,REDDY,1,/users/vagarur-yaswanth-kumar-reddy/badges
Santhosh,,Kumar,1,/users/santhosh-kumar.56794bca/badges
Maheshwarrao,,Kollara,1,/users/maheshwarrao-kollara/badges
RAHUL,,KRISHNA S,1,/users/rahul-krishna-s.20452f88/badges
Somnath,,Chaudhari,1,/users/somnath-chaudhari/badges
Kumar,,P,1,/users/kumar-p.e262c7f9/badges
Aditya,,Kushwaha,1,/users/aditya-kushwaha.e377e759/badges
MUSKAN,,GUPTA,1,/users/muskan-gupta.40387339/badges
Shobhit,,vishwakarma,1,/users/shobhit-vishwakarma.a4755193/badges
Saisrivardhanreddy,,22BME0403,1,/users/saisrivardhanreddy-22bme0403/badges
Cheedhalla,,Hemanth,1,/users/cheedhalla-hemanth/badges
DASARI,,YASWANTH SRI BALACHANDRA,1,/users/dasari-yaswanth-sri-balachandra.7ab5db02/badges
Akshay,,Sinha,1,/users/akshay-sinha.6fc9184b/badges
Sarthak,,Priyadarshi,1,/users/sarthakpriyadarshi/badges
Ramya,,V,1,/users/ramya-v.53d9f931/badges
Jami,,Manikanta,1,/users/jami-manikanta.e7d6c66e/badges
Gaurav,,Patil,1,/users/gaurav-patil.d89d5ee3/badges
Nethra,,Konkamurthy,1,/users/nethra-konkamurthy/badges
Subodh,,Mogarkar,1,/users/subodh-mogarkar/badges
Priya,,trivedi,1,/users/priya-trivedi.e9fec869/badges
Vanukuru,,Navya,1,/users/vanukuru-navya/badges
Nagveni,,Kapileshwari,1,/users/nagveni-kapileshwari/badges
Sathish,,Kumar,1,/users/sathish-kumar.9bf6b4ea/badges
Pratik,,Kulkarni,1,/users/pratikkulkarni/badges
Sagar,,Dubey,1,/users/sagar-dubey.a80e2905/badges
MANOJ,,KP,1,/users/manoj-kp/badges
Kirti,,Rao,1,/users/kirti-rao.b37118c6/badges
Tharan,,A,1,/users/tharan-a.03407b23/badges
Arpit,,Mathur,1,/users/arpit-mathur.7cc865be/badges
Venkata,,Mittapalli,1,/users/venkata-mittapalli/badges
AKHIL,,VUTLA,1,/users/akhil-vutla/badges
SAI KUMAR,,PUDI,1,/users/saikumar-pudi/badges
VIDHYASRI.,,P,1,/users/vidhyasri-p.cc8c5e6f/badges
MASANOLLA,,HARI VARDHAN REDDY,1,/users/masanolla-hari-vardhan-reddy/badges
Satish,,Mishra,1,/users/satish-mishra.6f25c98b/badges
Vikas,,Dagur,1,/users/vikas-dagur/badges
Nikhil,,Kumar,1,/users/nikhil-kumar.8a771229/badges
Prabakaran,,S R,1,/users/prabakaran-s-r/badges
Shanmugappriya,,P,1,/users/shanmugappriya-p/badges
Austin,,Christian,1,/users/austin-christian.31ce0abe/badges
lutika,,kumbhalkar,1,/users/lutika-kumbhalkar.68e33b6e/badges
Priya,,Ranjan,1,/users/priya-ranjan.6fcf6986/badges
Madhav,,Bajad,1,/users/madhav-bajad.98d0b9b9/badges
Leo,,Philips,1,/users/leo-philips.3b2923b5/badges
Manash,,Gour,1,/users/manash-gour/badges
Abhishek,,Sharma,1,/users/abhishek-sharma.5732f39c/badges
CALVIN RAJESH,,P,1,/users/calvin-rajesh-p/badges
Santhosh,,S,1,/users/santhosh-s-24mcr092/badges
Naveen,,S,1,/users/naveen-s.c8d9cb4d/badges
Vishnu Priya,,K,1,/users/vishnu-priya-k.ad846bd2/badges
sapna,,pathak,1,/users/sapna-pathak.bb8f6c08/badges
kanmani,,jp,2,/users/kanmani-jp/badges
Harshika,,Nandigam,1,/users/harshika-nandigam.9f85b143/badges
Suraj,,Belure,1,/users/suraj-belure/badges
Nagella,,Avinash,1,/users/nagella-avinash/badges
Sathish,,Elluru,1,/users/sathish-elluru.4d09cf3d/badges
KODURU,,SAI PRANAV,1,/users/koduru-sai-pranav/badges
Akshith,,S,1,/users/akshith-s/badges
Omkar,Gunwant,Pawar,1,/users/omkar-pawar.9665bd76/badges
KEVIN,,THOMAS,1,/users/kevin-thomas.e6045d5d/badges
Abhinav,,Kumar,1,/users/abhinav-kumar.58f9b144/badges
Vidhi,,Vora,2,/users/vidhi-vora.1e85fe3a/badges
Shrutika,,Makode,2,/users/shrutika-makode/badges
Shaik,,Kareem Basha,1,/users/shaik-kareem-basha/badges
virendra,,pandele,1,/users/virendra-pandele/badges
Saicharan,,Podapati,1,/users/saicharan-podapati/badges
Sai Kiran,,Baruri,1,/users/sai-kiran-baruri/badges
Yogeshwar,,Nehete,1,/users/yogeshwar-nehete/badges
Madhavan,,R,1,/users/madhavan-r.f5718f41/badges
Jeba Derwin,,D,1,/users/jeba-derwin-d.ae312ebc/badges
Gopini,,Hari Gopal,1,/users/gopini-hari-gopal/badges
Sneha,,Kumari,1,/users/sneha-kumari.c452f69e/badges
Mukesh,,vooka,1,/users/mukesh-vooka.0a5410c5/badges
Dhiraj,,Pardeshi,2,/users/dhiraj-pardeshi/badges
Pratik,,Ambre,4,/users/pratik-ambre/badges
K R,Pavan,Tej,1,/users/krpavantej/badges
Jyothi,,Veeranala,2,/users/jyothi-veeranala/badges
maheshwari,,Boddupalli,1,/users/maheshwari-boddupalli/badges
Sandesh,,Dangi,1,/users/sandesh-dangi/badges
Mohamath,,Aadhilsha,1,/users/mohamath-aadhilsha/badges
Mehdi,,Sayed,2,/users/mehdi-sayed.32c6a8e2/badges
Akash,,Khondle,1,/users/akash-khondle/badges
Lavanya,,B,1,/users/lavanya-b.f395a578/badges
Thirumalesh,,G,1,/users/thirumalesh-g/badges
GUDAPATI KARTHIK,,.,1,/users/gudapati-karthik/badges
Epsisri,,Potluri,1,/users/epsisri-potluri/badges
sachidanand,,Gada,1,/users/sachidanand-gada/badges
Gurrampally,,Ganesh,1,/users/gurrampally-ganesh/badges
Giridhar,,Sankavaram,2,/users/giridhar-sankavaram.4ec7e23c/badges
Mohamed,,Nowsath Ali,1,/users/mohamed-nowsath.1d474379/badges
BEJEVEMULA NARESH KUMAR REDDY,,.,1,/users/bejevemula-naresh-kumar-reddy/badges
Padmini,,chappa,1,/users/padmini-chappa.8154c38a/badges
Kala Bindu,,Sajjala,1,/users/kala-bindu-sajjala/badges
Sanju,,Jayachadran,1,/users/sanju-jayachadran/badges
Ayush,,Gupta,1,/users/ayush-gupta.30f7962d/badges
Nandana,,Udayan,1,/users/nandana-udayan.3e97e8e1/badges
Rakesh Kumar,,Bhure,1,/users/rakesh-kumar-bhure/badges
Gowtham,,R,1,/users/gowtham-r.318fde4b/badges
Anand,,Karemore,1,/users/anand-karemore.829db80f/badges
Sayantan,,Pradhan,1,/users/sayantan-pradhan.f0a6edd2/badges
Pradnya,,Wante,5,/users/pradnya-wante/badges
Srinivas,,A,1,/users/srinivas-a.e3ec586c/badges
Tamilarasan,,Janakiraman,1,/users/tamilarasan-janakiraman/badges
Prudviraj,,Vemula,1,/users/prudviraj-vemula/badges
Raviteja,,Nelakurthi,1,/users/raviteja-nelakurthi/badges
Anusha,,Charupalli,1,/users/anusha-charupalli/badges
Saurabh,,Gaur,1,/users/saurabh-gaur.91e95bdf/badges
Tangudu,,Sreeja,1,/users/tangudu-sreeja/badges
PRAVEENATHERAJ,,U,1,/users/praveenatheraj-u/badges
Alugonda,,Vijay,2,/users/alugonda-vijay/badges
Akansha,,Bhardwaj,1,/users/akansha-bhardwaj/badges
Adithyahariharan,,Hari,1,/users/adithyahariharan-hari/badges
Vasavya,,Chappidi,1,/users/vasavya-chappidi/badges
Bennet,,Joy,1,/users/bennet-joy/badges
Berin,,C Dhas,2,/users/berin-c-dhas.ec5bea75/badges
Karthik,,Koushik,1,/users/karthik-koushik/badges
Kartik,,Tomar,1,/users/kartik-tomar.54df8ec7/badges
Pentum,,Rishabh,1,/users/pentum-rishabh/badges
Surabhi,,Kumari,1,/users/surabhi-kumari.c77164e0/badges
Saurabh,,Rathi,1,/users/saurabh-rathi.00779677/badges
Sai Siva Prasad,,Lanka,1,/users/sai-siva-prasad-lanka/badges
BALAMURUGAN,,R,1,/users/balamurugan-r.16fd60e1/badges
AMAN,,BAHUGUNA,1,/users/aman-bahuguna.21ae8fb3/badges
Ayaan,,mohd,4,/users/ayaan-mohd/badges
Somala Hemanth,Kumar,Reddy,1,/users/somala-hemanth-reddy/badges
Sayan,,Bhattacharyya,1,/users/sn1f3rt/badges
Puja,,Kumari,1,/users/puja-kumari.6432819b/badges
Nikhil,,Karri,1,/users/nikhil-karri.ab6f81d9/badges
Preteka A T,,24MCR079,1,/users/preteka-a-t-24mcr079/badges
Bhuvankumar V,,24MCR014,1,/users/bhuvankumar-v-24mcr014/badges
JOGINIPELLY,,HARSHINI,1,/users/joginipelly-harshini/badges
Kaushal,,Sharma,1,/users/kaushal-sharma.b4e8e6a4/badges
Bandaru Yashwanth,,Kumar,1,/users/bandaru-yashwanth-kumar.5d181fd5/badges
Vashantha Kumar,,K S,1,/users/vashantha-kumar-k-s.e9a2af34/badges
Rajesh Gupta,,Nagamaiyan,1,/users/rajesh-gupta-nagamaiyan/badges
Pranjali Sanjay,,Chaudhary,2,/users/pranjali-sanjay-chaudhary/badges
Tapish,,Sinha,1,/users/tapish-sinha/badges
Swapna,,Konda,1,/users/swapna-konda.2768738e/badges
Madhavan,,K A,1,/users/madhavan-k-a.7865ffe6/badges
Namita,,R J,1,/users/namita-r-j/badges
CHARUMATHI,,BALAMURUGAN,1,/users/charumathi-balamurugan/badges
Bathali Bhanu,,Kumar,1,/users/bathali-bhanu-kumar/badges
Ashvini,,Chavan,1,/users/ashvini-chavan.0b0ef624/badges
ujwala,,lawand,1,/users/ujwala-lawand.7c6ac53f/badges
Anurag,,Nair,1,/users/anurag-nair.1baf75b2/badges
Reddy,,Murali,1,/users/reddy-murali/badges
Murali Krishna,,Katuri,1,/users/murali-krishna-katuri/badges
Bhavya,,Joshi,1,/users/bhavya-joshi.f3e081ae/badges
Ameya,,Vadhavakar,1,/users/ameya-vadhavakar/badges
Sambasiva Rao,,Bommisetty,2,/users/sambasiva-rao-bommisetty/badges
Hemanth,,Kandregula,1,/users/hemanth-kandregula/badges
ANJALI,,V,1,/users/anjali-v.abdbad77/badges
Vaibhav,,Chhatani,1,/users/vaibhav-chhatani.f919a02d/badges
Libi,,Vikranth,1,/users/libi-vikranth/badges
Pragati,,Katiyar,1,/users/pragati-katiyar.9c81aa09/badges
Indraja,,Kammiti,1,/users/indraja-kammiti/badges
Meenakshi,,Bisht,1,/users/meenakshi-bisht.f202c67b/badges
Rishov,,Banerjee,1,/users/rishov-banerjee/badges
Anamika,,anu,1,/users/anamika-anu/badges
Jeevitha,,C,1,/users/jeevitha-c.115f34b0/badges
SUREHA B,,23CB060,1,/users/sureha-b-23cb060/badges
GANESH,,PALAPURE,1,/users/ganesh-palapure.e25c554b/badges
Shivani,,T,1,/users/shivani-t.b33014be/badges
Muskan,,Gupta,1,/users/muskan-gupta.82b58c68/badges
Sanjith,,Janardhanan Pillai,1,/users/sanjith-janardhanan-pillai/badges
vivek,,kumar,1,/users/vivek-kumar.0c7d0f0c/badges
Himanshu,,Sharma,1,/users/himanshu-sharma.7d84d234/badges
Elamugil,,S,1,/users/elamugil-s/badges
Rishikesh,,Bairagi,1,/users/rishikesh-bairagi/badges
Teja Sai Srinivasu,,Yalamarthi,1,/users/teja-yalamarthi.05652c5c/badges
Aparna,,.,1,/users/aparna.2183eebf/badges
Vimlesh,,Mourya,1,/users/vimlesh-mourya/badges
Monisha,,Gopi,2,/users/monisha-gopi/badges
Naga Sai Subrahmanya,,Akella,1,/users/naga-sai-subrahmanya-akella/badges
Monika Sri,,M,1,/users/monika-sri-m.0b752cac/badges
GOWTHAM,,M,1,/users/gowtham-m.e151a992/badges
Yugeshwaran G,,24MCR126,1,/users/yugeshwaran-g-24mcr126/badges
Praveen Kumar,,T,1,/users/praveen-kumar-t.278991d0/badges
Manik,,Garg,1,/users/gargmanik6080/badges
Jeeva,,A,1,/users/jeeva-a.3b9ad1e1/badges
Jabastin,,A,1,/users/jabastin-a/badges
Monisha,,.R,1,/users/monisha-r.ad54b55e/badges
Rubitha,,duraisamy,1,/users/rubitha-duraisamy/badges
chunduri,,naga venkata teja,1,/users/chunduri-naga-venkata-teja/badges
MADHU MITHRA,,T,1,/users/madhu-mithra-t/badges
chaithanya,,bojanala,1,/users/chaithanya-bojanala/badges
Chandini,,Dummu,1,/users/chandini-dummu/badges
Siddharth,,Nair,1,/users/siddharth-nair.239496be/badges
Piyush,,Khandelwal,1,/users/piyush-khandelwal.b61092d1/badges
SANJEEVI,,G,1,/users/sanjeevi-g.d95d9b6d/badges
SHAIKH,,HOSSAIN,1,/users/shaikh-hossain/badges
Ashwin,,J,1,/users/ashwin-j01/badges
Saikat,,Roy Chowdhury,1,/users/saikat-roy-chowdhury.e2e2ef9a/badges
DEEPIKA,,B,1,/users/deepika-b.2bc9f3c6/badges
Murali,,Krishna L,1,/users/murali-krishna-l.cc008fe9/badges
Silajit,,Ghosh,1,/users/silajit-ghosh.a98c9b28/badges
Sachin S,,24MCR084,1,/users/sachin-s-24mcr084/badges
Balakumaravel K S,,24MCR009,1,/users/balakumaravel-k-s-24mcr009/badges
Jose,,Raja,1,/users/jose-raja.e31b637d/badges
karthik,,santhosh,1,/users/karthik-santhosh.29697bab/badges
Harikrishnan,,N,1,/users/harikrishnan-n.5db32d53/badges
Kavi,,26,1,/users/kavi-26/badges
Sakthivel,,R,1,/users/sakthivel-r.311e6ba1/badges
Manuraj,,Rajamanikandan,1,/users/manuraj-rajamanikandan.1a258a2a/badges
Vikram,,Dharmavaram,1,/users/vikram-dharmavaram/badges
Ranjan,,Mishra,1,/users/ranjan-mishra.a9db35a0/badges
Daivik,,Nandan Ram,1,/users/daivik05/badges
Ruchir,,Mehta,1,/users/ruchir-mehta.6e9b19a7/badges
Atharva,,Wankhade,1,/users/atharva-wankhade.b3b5166f/badges
Abhishek,,Pandey,1,/users/abhishek-pandey.6626b83d/badges
Vukyam,,Srinivasa Rao,1,/users/vukyam-srinivasa-rao.99cae7a1/badges
manedi,,babu,1,/users/manedi-babu/badges
Rakshana,,S,1,/users/rakshana-s/badges
Rajaram,,S,1,/users/rajaram-s-24mcr080/badges
Saurav,,CP,1,/users/saurav-cp.6d528ad2/badges
Seshna,,Chatterjee,1,/users/seshna-chatterjee.d08f550c/badges
Hamlyn Jefferson,,D,1,/users/hamlyn-jefferson-d.17dd3a0f/badges
ANIT BABY,,MATHEW,1,/users/anit-baby-mathew/badges
Samasti,,Khuntia,1,/users/samasti-khuntia.693c794d/badges
Priya,,Rajawat,1,/users/priya-rajawat/badges
Karan,,Mehta,1,/users/karan-mehta.b4e7cfa3/badges
Mohan,,Krishna,1,/users/mohan-krishna.5b66d634/badges
Saurabh,,Gupta,1,/users/saurabh-gupta.25f6c449/badges
Sangamesh,,_,1,/users/sangamesh-_/badges
Vishnu,,Jayakumar,1,/users/vishnu-jayakumar.2bc949d3/badges
vedang,,dongre,1,/users/vedang-dongre.4b08f187/badges
Karthik,,Sudhan S G,1,/users/karthik-sudhan-s-g/badges
Senthil,,Vel,1,/users/senthil-vel/badges
Poonam,,Masutage,1,/users/poonam-masutage/badges
Md,,Saquib,1,/users/md-saquib.bd0e86bd/badges
Gokulraja,,Thangavel,2,/users/gokul-raja.17eae0b4/badges
Sandip,,Chatterjee,1,/users/sandip-chatterjee.c6397022/badges
JEGADEEP,,P,1,/users/jegadeep-p/badges
Parimi,,Saketh,1,/users/parimi-saketh/badges
SELVA SAHAYAM JENISTON,,S,1,/users/selva-sahayam-jeniston-s/badges
Pavithra,,V,1,/users/pavithra-v.0c43b7fd/badges
NANDHAPRABHU,,R,1,/users/nandhaprabhu-r/badges
Ajaykanna,,K,1,/users/ajaykanna-k.e8f2b27f/badges
Sayantan,,Senapati,1,/users/sayantan-senapati/badges
Kartik,,Tata,1,/users/kartik-tata/badges
Chandrasekaran,,C,1,/users/chandrasekaran-c/badges
Avani,,Tiwari,1,/users/avani-tiwari.ad275e0c/badges
Kamal,,Walia,1,/users/kamal-walia/badges
Faizan,,Qazi,1,/users/faizan-qazi.75ae0ea0/badges
Visesh,,Agarwal,1,/users/visesh-agarwal/badges
Jhanvi,,Singh,1,/users/jhanvi-singh.80e13aa5/badges
SARVESH M,,23CS157,1,/users/sarvesh-m-23cs157/badges
Harshit,,Goel,1,/users/harshit-goel-cs/badges
N,,Swapna,1,/users/n-swapna/badges
subhash,,goud,1,/users/subhash-goud/badges
Vyom,,Narad,1,/users/vyom-narad.28256eb5/badges
Rajkumar,,Rajaraman,1,/users/rajkumar-rajaraman/badges
Raghav,,Patel,1,/users/raghavpatel1413/badges
Naman,,Tejra,1,/users/naman-tejra/badges
Satyanand,,Palepu,1,/users/satyanand-palepu/badges
kamal,,arora,1,/users/kamal-arora.6e40560f/badges
Vidisha,,Pandey,1,/users/vidisha-pandey.39c3f070/badges
Abhyudai,,Shrivastava,1,/users/itsabhyudai/badges
Lalit,,Ahuja,1,/users/lalit-ahuja.94594fe7/badges
saloni,,maheshwari,1,/users/saloni-maheshwari.85b7656d/badges
Radha,,Joshi,2,/users/radha-joshi.438d2af5/badges
Mohammed Riswan,,T,1,/users/mohammed-riswan-t/badges
Saroj,Kumar,Behera,1,/users/saroj.behera/badges
Swetha,,S,1,/users/swetha-s.98bac35d/badges
Sravan,,Mamindla,1,/users/sravan-mamindla/badges
Adil,,Husain,1,/users/adil-husain.ac758b3b/badges
ABDUL,,RAHMAN,1,/users/abdul-rahman.fa0c9f1f/badges
Ravichandran,,Venkatesan,1,/users/ravichandran-venkatesan.5378ab88/badges
Harsha Ragini,,Dugulam,1,/users/harsha-ragini-dugulam/badges
Ajay,,Tomar,1,/users/ajaysinghtomar/badges
Naveen,,Chowdary,1,/users/naveen-chowdary.5b612492/badges
Ramya Sri,,Damarasingu,1,/users/ramya-sri-damarasingu/badges
Agnideep,,Poddar,1,/users/agnideep-poddar/badges
DEEPAK,,SOLANKI,3,/users/deepak-solanki.e617b553/badges
HARIHARAKUMAR,,R,1,/users/hariharakumar-r/badges
Shobhit,,Shubham,1,/users/shobhit-shubham/badges
Ravindra,,Patel,1,/users/ravindra-patel.165cde93/badges
SURYANSH,,GUPTA,3,/users/suryansh-gupta.31930ac8/badges
Yogeshwar,,Goswami,5,/users/yogeshwargoswami/badges
Afreen,,afreen,1,/users/afreen-afreen.e6edeacb/badges
Indushree,,H S,1,/users/indushree-h-s.0def7316/badges
Vandana,,Biginepalli,2,/users/vandana-biginepalli/badges
Rakesh,,Kumar L B,2,/users/lbrakeshkumar/badges
Yash,,Desai,1,/users/yash-desai.3866e5f5/badges
Shruti,,Pandurangi,1,/users/shruti-pandurangi/badges
Chandrika,,Saha,2,/users/chandrika-saha.6bc80247/badges
Pratyush,,Ratha,1,/users/pratyush-ratha/badges
SURESH,,GORIPARTHI,1,/users/suresh-goriparthi.b23b7fb3/badges
manish,,Naithani,1,/users/manish-naithani/badges
Supriya,,Doosa,1,/users/supriya-doosa.9b13d80d/badges
Nishtha,,Sharma,1,/users/nishtha-sharma.d6191b96/badges
Vrunda,,Kasaravally,1,/users/vrunda-kasaravally.156dcd3c/badges
Seema,,Sharma,1,/users/seema-sharma.327dcefd/badges
Ramya Bharathi,,Vaddemanu,1,/users/ramya-bharathi-vaddemanu/badges
Kasthuri,,Venkata srinivasan,2,/users/kasthuri-venkata-srinivasan.901bc0aa/badges
bipin,,kumar dey,1,/users/bipin-kumar-dey/badges
Mayank,,Vijayvergiya,1,/users/mayank-vijayvergiya/badges
Jyotiprakash,,Tripathy,2,/users/jyotiprakash-tripathy/badges
Siva,,kotari,1,/users/siva-kotari.fcc45a8b/badges
rachana sai,,Bandaru,1,/users/rachana-sai-bandaru/badges
Avijit,,Ghosh,1,/users/avijit-ghosh.560ac18e/badges
Shrenik,,Doddamani,2,/users/shrenik-doddamani.ed2d24e2/badges
SMITA,,JHA,1,/users/smita-jha.7fa1ddc3/badges
Ankita,,Mohanty,1,/users/ankita-mohanty.9c826963/badges
Durgaprasad,,Prathikonda,1,/users/durgaprasad-prathikonda/badges
Shankar,,Verma,1,/users/shankar-verma.cffb6ff3/badges
Saurabh,,Gunturkar,5,/users/saurabh-gunturkar/badges
RajThilak,,Selvaraj,2,/users/rajthilak-selvaraj/badges
Sarath,,Krishnan,1,/users/sarath-krishnan.4d1ff293/badges
Indumathi,,S,2,/users/indumathi-s.1c2898ba/badges
Nandana,,R,1,/users/nandana-r.e255ad17/badges
Shridevi,,Madgundi,1,/users/shridevi-madgundi/badges
Balakrishnan,,Muthukutti,1,/users/balakrishnan-muthukutti/badges
Avinash,,Mandha,2,/users/avinash-mandha/badges
SIVA JYOTHI,,KUDUMULA,1,/users/siva-jyothi-kudumula/badges
BALAMURALI T,,E,2,/users/balamurali-t-e/badges
Sheetal,,Bhimellu,1,/users/sheetal-bhimellu.ed87414a/badges
SANDU,,RAVITEJA,1,/users/sandu-raviteja/badges
Tushar,,Grover,1,/users/tushar-grover/badges
Suresh,,Sekar,1,/users/suresh-sekar.51ec4451/badges
Mahesh,,Morie,1,/users/mahesh-morie/badges
SURATHU PALLAVI,,.,1,/users/surathu-pallavi/badges
Tejaswini,,M,1,/users/tejaswini-m.a163bb7e/badges
Kumar,,Prabhakar,3,/users/kumar-prabhakar.65f80b24/badges
Ranita,,Saha,1,/users/ranita-saha.09ca5128/badges
jeevanandham,,selvakumar,1,/users/jeevanandham-selvakumar/badges
Bathina Yamini,,Divya,1,/users/bathina-yamini-divya/badges
Ravi,,Shakya,1,/users/ravi-shakya.1114144a/badges
Joby,,Kurian,1,/users/joby-kurian.8b982bae/badges
sachin,,jamdar,1,/users/sachin-jamdar.3314c43c/badges
Sreenu Babu,,kasamsetti,1,/users/sreenu-babu-kasamsetti/badges
RaviTeja,,Ulsala,1,/users/raviteja-ulsala/badges
Girimallesh,,Guddapur,1,/users/girimallesh-guddapur/badges
Aishwarya,,Nidamarthi,1,/users/aishwarya-nidamarthi/badges
Ramyadevi,,I,1,/users/ramyadevi-i/badges
Majid,,Khan,1,/users/majid-khan.ce10a421/badges
Sadhana,,K,1,/users/sadhana-k.2e7af3be/badges
SIVAKUMAR,,T S,1,/users/sivakumar-t-s/badges
KYATHAM,,SHREYA,1,/users/kyatham-shreya/badges
Bhavya,,Damani,1,/users/bhavya-damani/badges
Sameer,,Dwivedi,1,/users/sameer-dwivedi.ce27dc04/badges
Ijaz,Babu,M.,1,/users/ijaz-m/badges
Arjun,,Singh,1,/users/arjun-singh.66666b44/badges
Abhishek,,Baranwal,1,/users/abhishek-baranwal.bd639c51/badges
B Suraj,,Patra,1,/users/b-suraj-patra/badges
Sreehari,,K M,1,/users/sreehari-k-m/badges
CHEPURI BHARGAV CHARY,,.,1,/users/chepuri-bhargav-chary/badges
abinesh,,m,1,/users/abinesh-m.fdb21bbb/badges
HIMANSHU,,AWASTHI,1,/users/himanshu-awasthi.3e53d487/badges
Gayathri,,Bandi,1,/users/gayathri-bandi.6112ba45/badges
Pawan,,Negi,1,/users/pawan-negi/badges
Shaik,,Asma,1,/users/shaik-asma.68842c90/badges
Girish,,S S,1,/users/girish-s-s/badges
Sarmistha,,Sahoo,1,/users/sarmistha-sahoo/badges
Aadithyan,,P A,1,/users/aadithyan-p-a/badges
Siddharth,,Pate,1,/users/siddharth-pate/badges
SURA,,VENKATA SAIKUMAR,1,/users/sura-venkata-saikumar/badges
Danish Ahmed,,Siddiuqi,1,/users/danish-ahmed-siddiqui/badges
Suraj,,Nipane,1,/users/suraj-nipane/badges
Sruthi,,George,1,/users/sruthi-george.6227a1d0/badges
Shalima,,M S,1,/users/shalima-m-s/badges
EBIN,,I,1,/users/ebin-i/badges
shobhit,,tiwari,1,/users/shobhit-tiwari.1fe8e9aa/badges
A Arshad,,Khan,1,/users/a-arshad-khan.58a07130/badges
Kvms praneeth,,.,1,/users/kvms-praneeth/badges
Chaithra,,Muralidhar,1,/users/chaithra-muralidhar/badges
priyanka,,Avisineni,1,/users/priyanka-avisineni/badges
Naga Sai Nikhil Varma,,Vegessn,1,/users/naga-sai-nikhil-varma-vegessn/badges
Sachin,,Moger,1,/users/sachin-moger/badges
Vinod,,Cherukuri,1,/users/vinod-cherukuri/badges
YAYAVARAM SAI,,MADHURI,1,/users/yayavaram-sai-madhuri/badges
Akram,,Shekh,1,/users/akram-shekh/badges
Vinoth,,Kanna,1,/users/vinoth-kanna.0f8459f4/badges
Utkarsh,,Pandey,1,/users/utkarsh-pandey.6d3bce7b/badges
Kumar,,Polepalli,1,/users/kumar-polepalli/badges
Abirami,,S,1,/users/abirami-s.572c8a60/badges
Niranjen,,P,2,/users/niranjen-p.f6d75502/badges
Vivek,,Kumar,1,/users/vivekkumar/badges
Ankit,,Bhardwaj,1,/users/ankit-bhardwaj.f97d0a5a/badges
Prashant,,Arya,1,/users/prashant-arya.db723f18/badges
Ashwini,,Shetty,1,/users/ashwini-shetty.4eace410/badges
Mayurika,,Das,2,/users/mayurika-das/badges
Aman,,Prakash,1,/users/aman-prakash.fdb01a8e/badges
Siddarthan,,N,1,/users/siddarthan-n/badges
BHAVYASREE,,AKKU,1,/users/bhavyasree-akku/badges
SRIRAM RAHUL,,PULIPAKA,1,/users/sriram-rahul-pulipaka/badges
Atul,,Krishna,1,/users/atul-krishna.11226ac7/badges
Amit,,Negi,1,/users/amit-negi.ad1b7454/badges
Vetcha,,Venkata Mounika Kumari,1,/users/vetcha-venkata-mounika-kumari/badges
Santanoo,,Bhattacharjee,1,/users/santanoo-bhattacharjee/badges
Ranjith,,Kumar,1,/users/ranjith-kumar.2439fdd5/badges
Rahul,,Kalal,1,/users/rahul-kalal.627f7289/badges
Amit,,jaiswar,1,/users/amit-jaiswar.b12d15db/badges
KM,,Gautam,1,/users/km-gautam/badges
Kiran,,Babu,2,/users/kiran-babu.43326474/badges
Sree Dhanya,,S K,2,/users/sree-dhanya-s-k/badges
Amit Kumar,,De,1,/users/amit-kumar-de.049f19e1/badges
shubham,,verma,2,/users/shubham-verma.4926f921/badges
KOPPADA,,PRUDHVI VINAYAK,1,/users/koppada-prudhvi-vinayak/badges
samiksha,,yadav,1,/users/samiksha-yadav.0462ac00/badges
Krishnapriya,,M S,1,/users/krishnapriya-m-s.7c4a2ff3/badges
medapati,,Sravanthi,1,/users/medapati-sravanthi/badges
Vinita,,Agrawal Gore,1,/users/vinita-agrawal-gore/badges
SHAIK MOHAMMED KHASIM,,SOHAIL,1,/users/shaik-mohammed-khasim-sohail/badges
Pratap,,Sisodiya,1,/users/pratap-sisodiya.52610bd4/badges
Shubham Jha,,-,1,/users/shubham-jha.6c557cc0/badges
prafull,,epili,1,/users/prafull-epili/badges
Sanjay,,S,1,/users/sanjay-s.56e0910f/badges
Sachin,,Aswal,1,/users/sachin-aswal.76e5cf57/badges
Heena,,Dange,1,/users/heena-dange/badges
Johnson,,Immanuel Pitchamuthu,1,/users/johnson-immanuel-pitchamuthu/badges
Prathyusha,,Kuzhimettam,1,/users/prathyusha-kuzhimettam/badges
Lakshmipriya,,Ramachandran,2,/users/lakshmipriya-ramachandran.b54abecc/badges
Manish,,Sharma,1,/users/manish.sharma13/badges
Ritesh,,Kumar,1,/users/ritesh-kumar.f292232a/badges
Sramika,,Galla,1,/users/sramika-galla.049a6dc3/badges
Sunny,,Kumar,1,/users/sunny-kumar.4151509c/badges
Sreehari,,Prathap,1,/users/sreehari-prathap/badges
SHAIK HABEEBA,,SHAFEEN,1,/users/shaik-habeeba-shafeen/badges
T S P Naidu,,Seelamdasu,1,/users/t-s-p-naidu-seelamdasu/badges
Priyansh,,Pankhaniya,1,/users/priyansh-pankhaniya/badges
P,,Govardhan,1,/users/p-govardhan.fb40b63b/badges
Prudhvi,,Raju,1,/users/prudhvi-raju.010e0045/badges
Ravi Meenu,,Meghana,1,/users/ravi-meenu-meghana/badges
Roshani,,Ahirarao,1,/users/roshani-ahirarao/badges
Prabhu,,A,1,/users/prabhu-a.179515fb/badges
CHIVUKULA,,SATHWIK,1,/users/chivukula-sathwik/badges
Akshaya,,Thirtha,1,/users/akshaya-thirtha/badges
Pingili,,Snehithapal Reddy,1,/users/pingili-snehithapal-reddy.58e4e126/badges
Akshitha,,S,1,/users/akshitha-s.0fcdd355/badges
Yashaswini,,K L,1,/users/yashaswini-k-l/badges
Swapnil,,Gargey,1,/users/swapnil-gargey/badges
Samridh Vikhas,,Subramanian,1,/users/samridh-vikhas-subramanian/badges
Sailesh,,Venkata,1,/users/sailesh-venkata/badges
Hema Sri,,Mucherla,1,/users/hema-sri-mucherla/badges
Naga Sai Vignesh Babu,,Vemuri,1,/users/naga-sai-vignesh-babu-vemuri/badges
Sreelakshmi Samhitha,,Nittala,1,/users/sreelakshmi-samhitha-nittala/badges
Anand,,Hiremath,1,/users/anand-hiremath.a26d8fb4/badges
Prasanjit,,Sahoo,1,/users/prasanjit-sahoo.6e18aad0/badges
Shreya,,Chowdhury,1,/users/shreya-chowdhury.a480f349/badges
AADITYA,,ADURKAR,2,/users/aaditya-adurkar/badges
MANISH,,SAROJ,1,/users/manish-saroj.c14d3d11/badges
KARTHIKEYA,,PEPETI,1,/users/karthikeya-pepeti/badges
SATHISH,,S,1,/users/sathish-s.fe3c74f8/badges
Raj,,Banerjee,1,/users/raj-banerjee.a7c238ba/badges
Manoj,,Kumar T,1,/users/manoj-kumar-t.c2ccebcf/badges
KENUIT M,,22ECR084,1,/users/kenuit-m-22ecr084/badges
Siva,,Sankar,1,/users/siva-sankar.9d4cf5ac/badges
vamshi,,teja,1,/users/vamshi-teja.5ec79bf7/badges
mahesh,,balla,1,/users/mahesh-balla.ef19b3a2/badges
Nirmal,,sinha,1,/users/nirmal-sinha/badges
Rahul,,Sharma,1,/users/rahul-sharma.9e2c029e/badges
Ashwin,,AV,1,/users/ashwin-av/badges
Vaishnavi,,Shete,1,/users/vaishnavi-shete.b5c62a89/badges
Aastha,,Bhavsar,1,/users/aastha-bhavsar/badges
MOHAMMED,,HABEEBUDDIN,1,/users/mohammed-habeebuddin.1f390b36/badges
Daniya,,Jose,1,/users/daniya-jose/badges
Yenamareddy,,Lakshmi devi,1,/users/yenamareddy-lakshmi-devi/badges
BHUMIKA,,LALWANI,1,/users/bhumika-lalwani.4c3673ca/badges
Ashish,,Pandey,1,/users/ashish-pandey.ae320056/badges
Dornala,,Sanjana,1,/users/dornala-sanjana/badges
Saisri,,Namireddy,1,/users/saisri-namireddy/badges
Dhamodharan,,T,1,/users/dhamodharan-t.802d2df8/badges
Sivakarthick,,B,1,/users/sivakarthick-b/badges
SharathChandar,,Nandagopal,1,/users/sharathchandar-nandagopal/badges
Swarup Ranjan,,Paul,1,/users/swarup-paul.06d1d8a2/badges
Indrani,,Ganguly,2,/users/indrani-ganguly.449489ef/badges
Niteesh,,L,1,/users/niteeshl/badges
ANDREW MANIKAM,,R,1,/users/andrew-manikam-r/badges
Lakshmipriya,,R,2,/users/lakshmipriya-r.4668b226/badges
JAGADEESH,,ARITIKATLA,1,/users/jagadeesh-aritikatla/badges
Neha,,Mishra,1,/users/neha-mishra.5457ebab/badges
Sagara Durga Ramana,,Uppalapu,1,/users/sagara-durga-ramana-uppalapu/badges
Prabu,,sridhar,1,/users/prabu-sridhar.d557989d/badges
Swastik,,Chaudhary,1,/users/swastik-chaudhary.f8ca2859/badges
Rajesh,Kumar,Rano,1,/users/rajesh-rano/badges
Shivang,,Khatri,1,/users/shivang-khatri.592143fb/badges
HEMAVARSHINI V,,23ITR060,1,/users/hemavarshini-v-23itr060/badges
Santosh,,Kanumuri,1,/users/santosh-kanumuri-ac-kolkata/badges
SUDHARSSHINI,,S,1,/users/sudharsshini-s.c56aae0e/badges
Jatin,,Roy,1,/users/jatin-roy/badges
Asin,,Sebin,1,/users/asin-sebin.9cdf6895/badges
Mahesh,,Rathi,1,/users/mahesh-rathi.7c72feb9/badges
Ankit,,Chawla,1,/users/ankit-chawla.b73c5196/badges
kunchala,,sindhuja,1,/users/kunchala-sindhuja/badges
Yashashree,,Shelke,1,/users/yashashree-shelke/badges
Varsha,,S N,1,/users/varsha-s-n/badges
Sawan,,Bhagat,1,/users/sawan-bhagat.440de977/badges
Manisha,,Chillampally,1,/users/manisha-chillampally/badges
Sarthak,,Raut,1,/users/sarthak-raut.38742d4c/badges
SARLESH,,BANSAL,1,/users/sarlesh-bansal/badges
Deivanai,,Ramanathan,1,/users/deivanai-ramanathan.ae7a94f2/badges
Shreyes,,Ram,1,/users/shreyes-ram/badges
Sagar,,Sawarkar,1,/users/sagar-sawarkar/badges
ritu raj,,singh,1,/users/ritu-raj-singh.6916adea/badges
Sandhya,,A,1,/users/sandhya-a.6b7ee481/badges
Lalitha,,Kumari,1,/users/lalitha-kumari.473477dd/badges
Akhila,,Vuppuluri,1,/users/akhila-vuppuluri/badges
parag,,dicholkar,1,/users/parag-dicholkar.61741da4/badges
Manivel,,Veangai,1,/users/manivel-veangai.c195b62b/badges
Yasmin,,Pathan,1,/users/yasmin-pathan/badges
Sai Charan,,Guduru,1,/users/sai-charan-guduru/badges
Archana,,Rajeshwari,1,/users/archana-rajeshwari/badges
Yaseen,,Shaik,1,/users/yaseen-shaik.71a4e483/badges
Nisha,,Hiremath,1,/users/nisha-hiremath/badges
Kousalya,,S,2,/users/kousalya-s.4c4ff852/badges
Pritosh,Sundar,Kar,1,/users/pritosh-kar.6c57ba27/badges
Jay Prakash,,Chaudhary,1,/users/jay-prakash-chaudhary/badges
Harsh,,Patidar,1,/users/harsh-patidar.0cde98d1/badges
Jyothilakshmi,,S,1,/users/jyothilakshmi-s.c774d599/badges
Aamir,,sohail,1,/users/aamir-sohail.b6cbe38e/badges
Abhi,,Khandelwal,1,/users/abhi-khandelwal/badges
Gerald Alan Raj,,A,1,/users/gerald-alan-raj-a.b38b138b/badges
Ruchita,,Pradhan,1,/users/ruchita-pradhan.0fb4a557/badges
Rupal,,Daharwal,1,/users/rupal-daharwal/badges
Akash,,Dwivedi,1,/users/akash-dwivedi.60105af2/badges
Sumanta,,Mishra,1,/users/sumanta-mishra/badges
Avrajit,,Bhattacharya,1,/users/avrajit-bhattacharya/badges
Nandish,,Chevalla,1,/users/nandish-chevalla/badges
Sneha,,Tiwari,1,/users/sneha-tiwari.4bbf9ac8/badges
Neelam,,Mourya,1,/users/neelam-mourya.91644aed/badges
Dhanamsetty,,Saikumar,1,/users/dhanamsetty-saikumar/badges
PRIYANKA,,R,1,/users/4103-priyanka-r/badges
Vaishali,,Bharwadia,1,/users/vaishali-bharwadia/badges
Swati,,Ambulge,1,/users/swati-ambulge.0f3fe28b/badges
Sharmitha,,S,1,/users/sharmitha-s.4ba5f151/badges
Hari,,Venkatesh,1,/users/hari-venkatesh.a56758d6/badges
Prachi,,Singhal,1,/users/prachi-singhal/badges
Jayanthi,,Mudiraj,1,/users/jayanthi-mudiraj/badges
srishti,,pandey,1,/users/srishti-pandey.da6f923a/badges
Vinod,,Ojha,1,/users/vinod-ojha.59c009dd/badges
Subbaraju,,Dandu,1,/users/subbaraju-dandu/badges
Praveen Kumar,,K,1,/users/praveen-kumar-k.cea2aec9/badges
Koduri,,Satya,1,/users/koduri-satya/badges
Monalisha,,Jena,2,/users/monalisha-jena.def480ce/badges
Premkumar,,Durai,1,/users/premkumar-durai.0c9b9a7f/badges
ROHIT,,GHILDIYAL,1,/users/rohit-ghildiyal.40d7c7f9/badges
Kishore,,Kumar,1,/users/kishore-kumar.3e659b9c/badges
Geethasree Reddy,,Bovilla,1,/users/geethasree-reddy-bovilla/badges
Shalini,,Bhandari,1,/users/shalini-bhandari.5e872521/badges
Archana,,Acharya,1,/users/archana-acharya.b4b1675e/badges
Sahithi,,Marupudi,1,/users/sahithi-marupudi/badges
Poonam,,Diwate,1,/users/poonam-diwate/badges
Sri Ramya,,Gamini,1,/users/sri-ramya-gamini.8b3f04b9/badges
Suraj,,Naik,1,/users/suraj-naik.3b375e95/badges
Joshni,,Vadlamudi,1,/users/joshni-vadlamudi/badges
Balachandra Reddy,,Gone,1,/users/bala-chandra-reddy-gone/badges
Saurabh,,Pal,1,/users/saurabh-pal.2dc1a2f5/badges
Nitheshkannan,,M,1,/users/nitheshkannan-m/badges
Rashee,,Jalal,1,/users/rashee-jalal.d5a5e5bb/badges
Sugumar,,Ramachandran,1,/users/sugumar-ramachandran/badges
Pooja,,Thakur,1,/users/pooja-thakur.eb81d490/badges
Ramya,,Revoju,1,/users/ramya-revoju/badges
Koppuravuri,,Sri Lakshmi,1,/users/koppuravuri-sri-lakshmi/badges
Tom,,Lewis,1,/users/tom-lewis.023638d6/badges
Jaideep,,Saha Roy,1,/users/jaideep-saha-roy/badges
Mahima,,K,1,/users/mahima-k.0caa85b5/badges
vineetha,,jami,1,/users/vineetha-jami/badges
Saptak,,Biswas,1,/users/saptak-biswas/badges
Shraya,,Majumdar,1,/users/shraya-majumdar/badges
Mayuri,,chormale,1,/users/mayuri-chormale/badges
Bhaskar Manikanta,,Tammana,1,/users/bhaskar-manikanta-tammana/badges
Mohamed Habees,,Sirajudeen,1,/users/mohamed-habees-sirajudeen/badges
Pranav,,Kumar Kashyap,1,/users/pranav-kumar-kashyap/badges
Varun,,Prakash,1,/users/varun-prakash.3e5928cb/badges
Khaja,,Mohammed,1,/users/khaja-mohammed.0b2d9a04/badges
Dharmesh,,Barochia,1,/users/dharmesh-barochia/badges
Krishna,,Singhania,1,/users/krishna-singhania/badges
shivam,,sehgal,1,/users/shivam-sehgal.6c899518/badges
Abhishek,,Dethe,1,/users/abhishek-dethe/badges
Vijayaraghava,,Atmakuri,1,/users/vijayaraghava-atmakuri/badges
Sagar,,Kumar Shoundik,1,/users/sagar-kumar-shoundik/badges
NALI JEEVALAHARI,,.,1,/users/nali-jeevalahari.ff4b2020/badges
Rajesh Kumar,,Swain,2,/users/rajesh-kumar-swain.c61f9cfe/badges
Parth,,Agarwal,1,/users/-parth-agarwal/badges
prabhat,,kumar,1,/users/prabhat-kumar.870f99ed/badges
MOHAMED IRFAN,,M,1,/users/mohamed-irfan-m.e5b5452e/badges
Rajeswari,,Anandhan,1,/users/rajeswari-anandhan.4372d04f/badges
Nataraja,,S B,1,/users/nataraja-s-b/badges
Sumathi,,N,1,/users/sumathi-n.2350ad61/badges
PAIDIPELLI VARUN,,.,1,/users/paidipelli-varun/badges
Saranya,,Ramaraj,1,/users/saranya-ramaraj/badges
Keerthana,,Pasula,1,/users/keerthana-pasula/badges
Akash,,Kumar,1,/users/akash-kumar.2299a03c/badges
Neelu,,Pawar,1,/users/neelu-pawar/badges
Mohd,,Sadiq,3,/users/saifryzwi/badges
Mohamed,,Hakkim M,1,/users/mohamed-hakkim-m/badges
Riya,,Aggarwal,1,/users/riya-aggarwal.5cddd56e/badges
Ajay,,Shaw,1,/users/ajay-shaw.4fc86e07/badges
Anurag,,N Nair,1,/users/anurag-n-nair.6dd3111f/badges
Partha,,Goswami,1,/users/partha-goswami.1b06a23c/badges
Acshaya,,Vijayakumar,1,/users/acshaya-vijayakumar/badges
Anisha,,Ghoshal,1,/users/anisha-ghoshal/badges
DHARNISH,,BM,1,/users/dharnish-bm/badges
Lavaniya,,Hari Prasad,1,/users/lavaniya-hari-prasad/badges
Jyoti,,Kumari,1,/users/jyoti-kumari.be2a3652/badges
Mohammed,,Afrith,1,/users/mohammed-afrith.4fee932f/badges
Sa,,Asmitha,1,/users/sa-asmitha/badges
subhash,,Perla,1,/users/subhash-perla/badges
Mohammad,,Asha Hazra,1,/users/mohammad-asha-hazra/badges
SHIVA KUMAR,,MAKULA,1,/users/shiva-kumar-makula/badges
Tojen,,Jose,1,/users/tojen-jose/badges
Shreya,,Nigam,1,/users/shreya-nigam.75f93706/badges
ARTHUR PRINCE S,,23ITL184,1,/users/arthur-prince-s-23itl184/badges
Adil,,S M,1,/users/adil-s-m/badges
Pachipala,,PACHIPALA,1,/users/pachipala-pachipala/badges
Kanishkar,,G,1,/users/kanishkar-g.bc608616/badges
Chandan,,M,1,/users/chandan-m.shetty/badges
Pournima,,Ajagekar,1,/users/pournima-ajagekar/badges
S,,YUVARAJ,1,/users/s-yuvaraj.b329b57c/badges
Ramakrishnan,,Vedanarayanan,2,/users/ramakrishnan-vedanarayanan/badges
Madhur,,Shukla,1,/users/madhur-shukla/badges
Ramakant,,Pendke,1,/users/ramakant-pendke.19c79c64/badges
James,,Sunil,1,/users/james-sunil.e56a5bf8/badges
Vidya,,Kirthivasan,1,/users/vidya-kirthivasan.fd0fc0df/badges
Ramesh Babu,,V.G,2,/users/ramesh-babu-v-g/badges
Vikram,,Kotapati,2,/users/vikram-kotapati.295dd784/badges
Mridula,,Bhan,2,/users/mridula-bhan/badges
Ayan,,Chattopadhyay,1,/users/ayan-chattopadhyay.ce4a2ecc/badges
Chandaka,,Bharathi,1,/users/chandaka-bharathi/badges
Ravi Chandra,,Vinukonda,1,/users/ravi-chandra-vinukonda/badges
Ayush,,Maheshwari,2,/users/ayush-maheshwari.dafd15f2/badges
Shalini,,P,1,/users/shalini-p.44d31ee9/badges
Manikandan,,Karuppasami,1,/users/manikandan-karuppasami/badges
Meghna,,Varshney,1,/users/meghna-varshney/badges
Prabhat,,Kumar,1,/users/prabhat-kumar.b17877a2/badges
ROHIT,,SINHA,1,/users/rohit-sinha.866a3f27/badges
Nisha,,TP,1,/users/nisha-tp/badges
Devi,,T,1,/users/devi-t.0122df99/badges
Bhavya sree,,YARRAMA REDDY,1,/users/bhavya-sree-yarrama-reddy/badges
Vinay,,Shyavi,1,/users/vinay-shyavi/badges
Vijayabalan,,R,1,/users/vijayabalan-r.fd06ad02/badges
Sukhvendra,,Singh,1,/users/sukhvendra-singh.a138f2df/badges
Dhivyapriya,,S,1,/users/dhivyapriya-sekar/badges
Tamilchelvi,,Kannan,1,/users/tamilchelvi-kannan/badges
Amrik,,Mahal,1,/users/amrik-mahal/badges
sachin,,kumar,1,/users/sachin-kumar.89505ddd/badges
Akshat,,Tailor,1,/users/akshat-tailor.f2efcb99/badges
Sayantan,,Sengupta,1,/users/sayantan-sengupta.11c6684d/badges
Alavala,,Bhavani,1,/users/alavala-bhavani/badges
NANDAN,,BASAK,1,/users/nandan-basak.730e8b2d/badges
Abhishek,,kumar,1,/users/abhishek-kumar.eaaec91a/badges
Manikanta,,Lenka,1,/users/manikanta-lenka/badges
KISHOR,,JAYAPAL,1,/users/kishor-jayapal/badges
SUMAN,,DHAL,1,/users/suman-dhal.7e3d8366/badges
Harish Charan,,Kandimalla,1,/users/harish-charan-kandimalla/badges
Patta,,Yashvardhani Rani,1,/users/patta-yashvardhani-rani/badges
JYOTSNAMATHI J,,23CB022,1,/users/jyotsnamathi-j-23cb022/badges
Shweta,,Sathe,1,/users/shweta-sathe.a2ebff76/badges
Saifuddin,,Adenwala,1,/users/saifuddin-adenwala/badges
Sagar,,Mahajan,2,/users/sagar-mahajan.1ef9c05e/badges
Keerthy,,S,1,/users/keerthy-s.38c908ea/badges
Vaishnavi,,Bonakurthy,1,/users/vaishnavi-bonakurthy/badges
Sidhant,,Mishra,1,/users/sidhant-mishra.9892fb0c/badges
Joseph,,James,1,/users/joseph-james.81e643e6/badges
Ajay,,Godbole,1,/users/ajay-godbole.5af3ce8f/badges
Rahul,,Tiwari,2,/users/rahul-tiwari.9668ac1c/badges
Srihari,,R S,1,/users/srihari-r-s/badges
Apoorva,,Varshney,1,/users/apoorva-varshney/badges
Vishal,,Lade,2,/users/vishal-lade.d42e77a5/badges
Vishram,,Parab,1,/users/vishram-parab/badges
Dipika,,Kadam,1,/users/dipika-kadam.4a158962/badges
Nagendra,,Rajas,1,/users/nagendra-rajas.bc4d3658/badges
Saurabh,,Kumar Suman,1,/users/saurabh-kumar-suman.cf9b5be8/badges
Sumit,,Raghukant Soni,1,/users/sumit-raghukant-soni/badges
GYANA,,MOHANTY,2,/users/gyana-mohanty/badges
Shreya,,Srinivasa,1,/users/shreya-srinivasa/badges
Ramanjaneyulu,,Araveti,1,/users/ramanjaneyulu-araveti/badges
Richard,,Abraham,5,/users/richard-abraham.c369ba17/badges
Manivasagan,,Palanivel,1,/users/manivasagan-palanivel.3eaab57c/badges
Shubham,,Shukla,1,/users/shubham-shukla.578f23c0/badges
Hariharan,,K,2,/users/hariharan-k.c6114398/badges
DISHA,,SHAH,2,/users/disha-shah.c4a1b99f/badges
Hanumant,Balaso,Patil,1,/users/hanumant-patil.282540a1/badges
Aman,,Sirimalla,1,/users/aman-sirimalle/badges
Sivaprian,,M,2,/users/sivaprian-m/badges
Goutham Varma,,Mulagapati,2,/users/goutham-varma-mulagapati/badges
Srinivas,,Mahakud,1,/users/srinivas-mahakud/badges
Hema,,J,1,/users/hema-j.71db6324/badges
Meera,,Kannan,1,/users/meera-kannan/badges
Sparsh,,Batra,1,/users/sparsh-batra.b219eea0/badges
Ankur,,Varshney,1,/users/ankur-varshney.0d9f000b/badges
Vashvi,,Singh,1,/users/vashvi-singh/badges
Ben Samuel,,J. U,1,/users/ben-samuel-j-u/badges
Bhairav,,Bagchi,1,/users/bhairav-bagchi/badges
T Apoorva,,Singh,2,/users/t-apoorva-singh.096b13f3/badges
Prathamesh,,Sawant,1,/users/prathamesh-sawant.e2ad7240/badges
SURAJ,KUMAR,KESHRI,1,/users/suraj-kiumar-keshri/badges
Rahul,,Sambyal,1,/users/rahul-sambyal/badges
Srinath,,Krishnamoorthy,1,/users/srinath-krishnamoorthy.c279b118/badges
kamran,,javed,1,/users/kamran-javed.7ef3b8ae/badges
Prabin,,Shekhar,1,/users/prabin-shekhar/badges
Tharun,,Kumar,1,/users/tharunkumar-2106/badges
Manas,,Jaiswal,1,/users/manas-jaiswal.8c1d9495/badges
SHYAM,,SUNDHAR G,1,/users/shyam-sundhar-g/badges
Harapriya,,Sutar,1,/users/harapriya-sutar/badges
Bhawana,,Agrawal,1,/users/bhawana-agrawal.eb22794f/badges
Sejal,,Abrol,3,/users/sejal-abrol.3e84bd4a/badges
Mohan,,Raj S,1,/users/mohan-raj-s.31469bf8/badges
DINESH,,CHANDRA,2,/users/dinesh-chandra.b8fef9e2/badges
Dhanamani,,Sathish,1,/users/dhanamani-sathish/badges
Harish,,Yadav,1,/users/harish-yadav.0a596abe/badges
Jaya Shree,,S.,2,/users/jaya-shree-s.9ddcc8b5/badges
piyush kumar,,sah,1,/users/piyush-kumar-sah/badges
Shilpa,,Gundi,1,/users/shilpa-gundi/badges
Gourab,,Das,1,/users/gourab-das.9e442242/badges
Preeti,,Kinker,1,/users/preeti-kinker/badges
Ambakanti,,Lasya,1,/users/ambakanti-lasya.a50c53dd/badges
Rohit,,Pache,2,/users/rohit-pache.8f07af25/badges
Krushna Chaitanya,,Aluru,1,/users/krushna-chaitanya-aluru/badges
Lokanadham,,Osuri,2,/users/lokanadham-osuri.7aac0abb/badges
Atharva,,Dhanagare,1,/users/atharva-dhanagare.9c4687b3/badges
udaychand,,kuppala,2,/users/udaychand-kuppala/badges
Sreejith,,PR,1,/users/sreejith-pr/badges
Saurabh,,kumar,1,/users/saurabh-kumar.98f17108/badges
Navpreet,,Singh,1,/users/navpreet-singh.072c9df9/badges
Amit,,Garg,1,/users/amit-garg.f6068dff/badges
Rutvik,,Galale,1,/users/rutvik-galale.1db739c0/badges
Amit,,Si gh,1,/users/amit-si-gh/badges
Kumar,,Adarsh,1,/users/kumar-adarsh.466bc39a/badges
Guhanandan,,Veerappan,2,/users/guhanandan-veerappan/badges
Jebarson,,Prince,1,/users/jebarson-prince/badges
Rahul,,B,1,/users/rahul-b.114e1abc/badges
Gowrisankar,,Nallasamy,1,/users/gowrisankar-nallasamy.df087ed0/badges
jaydipkumar,,Dadhaniya,1,/users/jaydipkumar-dadhaniya/badges
SAKSHI,,LIKHAR,1,/users/sakshi-likhar/badges
Kaazim Ali,,Md,1,/users/kaazim-ali-md.ee58b748/badges
MADDIPUDI,,SRAVANTHI,1,/users/maddipudi-sravanthi/badges
Laxmi vivek,,Salveru,1,/users/laxmi-vivek-salveru/badges
Kushal Manohar,,Malla,1,/users/kushal-manohar-malla.1d452721/badges
Atchyuth,,Kandregula,1,/users/atchyuth-kandregula/badges
shoron,,basak,1,/users/shoron-basak.55aafc46/badges
Sheetal,,Chourasia,1,/users/sheetal-chourasia/badges
Krishna Chaitanya,,Aribandi,1,/users/krishna-chaitanya-aribandi/badges
Pooja,,Tailor,1,/users/pooja-tailor.44848015/badges
JAIHIND,,Yadav,1,/users/jaihind-yadav.f6acd7bd/badges
Mani Kant,,Ch,1,/users/mani-kant-ch/badges
Seema,,Mohanty,2,/users/seema-mohanty.abd7e918/badges
Suvan,,Banerjee,1,/users/suvan-banerjee.06e5b703/badges
RAGUL,,P,1,/users/ragul-p.62f2b5b8/badges
DADUVAI,,MEGGAMSH,1,/users/daduvai-meggamsh/badges
Pavan,,Joshi,1,/users/pavan-joshi.d622030a/badges
Diwakar,,Sehgal,1,/users/diwakar-sehgal/badges
vyshnavganesh,,kotipalli,1,/users/vyshnavganesh-kotipalli/badges
Sri Harsha,,Chavva,1,/users/sri-harsha-chavva/badges
Subhashini,,Ghattamaneni,1,/users/subhashini-ghattamaneni/badges
Sachin,,Sharma,1,/users/sachin-sharma.bd387d5e/badges
Vinod,,VP,1,/users/vinod-vp/badges
Altamas,,Khan,1,/users/altamas-khan.1847a796/badges
Rahul,,Joshi,1,/users/rahul-joshi.d5b1430a/badges
Shubham,,Bajoria,1,/users/shubham-bajoria.250fcfd5/badges
Sumit,,Kumar,1,/users/sumit-kumar.4ed6c9a9/badges
Harini,,N,1,/users/harini-n.531309d5/badges
Shivam,,Katiyar,1,/users/shivam-katiyar.236c0356/badges
Nagadurga Devi,,kolli,1,/users/nagadurga-devi-kolli/badges
HIMANSHU,,MOHANTY,1,/users/himanshu-mohanty.4f5cdc1f/badges
Pavan,,Gothe,1,/users/pavang/badges
Shivani,,Kumari,1,/users/shivani1337/badges
Saba,,Tabassum,1,/users/saba-tabassum.b5985e89/badges
Sri Chendhur,,S,1,/users/sri-chendhur-s/badges
Rishabh,,Aditya,1,/users/rishabh-aditya.50ec9fad/badges
Manoj,,Garg,1,/users/manoj-garg.422827cc/badges
Sanjay,,Rana,1,/users/sanjay-rana.813e98d5/badges
Shaik,,Nafisa,1,/users/shaik-nafisa.972b2d98/badges
Akshat,,Sharma,1,/users/akshat-sharma.bdab5a19/badges
Ram Lagan,,Prasad,1,/users/ram-lagan-prasad/badges
Anadi,,gupta,1,/users/anadi-gupta.e5643881/badges
Shahina,,Afrin,1,/users/shahina-afrin/badges
Bindu,,N,1,/users/bindu-n/badges
Dondeti,,Sai Srija,1,/users/dondeti-sai-srija/badges
OBULIPURUSOTHAMAN,,K,1,/users/obulipurusothaman-k/badges
Gayathri,,G,1,/users/gayathri-g.22cd9cb8/badges
Punit,,Sharma,1,/users/punit-sharma.282087f1/badges
DEVULAPALLY,,MADHURI,1,/users/devulapally-madhuri/badges
Harish,,Sandiparthi,1,/users/harish-sandiparthi/badges
Muhammed,Yaashwin,C,2,/users/muhammed-yaashwin-mashool/badges
Sasidhar Reddy,,A,1,/users/sasidhar-reddy-a/badges
Vinoth,,L,1,/users/vinoth-l.916af916/badges
sangam,,mishra,1,/users/sangam-mishra.13cf93b8/badges
P LAKSHMI VENKATA SAI MANIKANTA,,CHINNI,1,/users/p-lakshmi-venkata-sai-manikanta-chinni/badges
SACHIN,,PANDEY,3,/users/sachin-pandey.2183f73f/badges
Pratibha,,Natholia,1,/users/pratibha-natholia.3b40ba2f/badges
Dileep,,Work,1,/users/dileep-work/badges
Phani,,Vedula,2,/users/phani-vedula/badges
Atharv,,Dhamal,2,/users/atharv-dhamal/badges
Dipen,,Shah,1,/users/dipen-shah.26067528/badges
Deepesh,,Sharma,1,/users/deepesh-sharma/badges
raghav,,kathuria,1,/users/raghav-kathuria.ccd09f02/badges
TS Tamarai,,Selvan,1,/users/ts-tamarai-selvan/badges
KALAIARASAN,,A,1,/users/kalaiarasan-a.4e9159d6/badges
Jyothi Naga Sai Sravani,,Kalavakunta,1,/users/jyothi-naga-sai-sravani-kalavakunta/badges
Saatvik Raghav,,Chekuri,1,/users/saatvik-raghav-chekuri.4259a2cb/badges
Amruta,,Patki,1,/users/amruta-patki.1d909281/badges
SIMANTA SOURAV,,BAL,1,/users/simanta-sourav-bal/badges
Nandha Kishore,,K B,1,/users/nandha-kishore-k-b/badges
Sathish,,Kumar,1,/users/sathish-kumar.de28ee45/badges
Shyama,,Hariharan,1,/users/shyama-hariharan.cc0ad788/badges
Hari,,Kumaran K S,1,/users/hari-kumaran-k-s/badges
DIVYA R,,23ITR042,1,/users/divya-r-23itr042/badges
Sarika,,Danam,1,/users/sarika-danam/badges
CHARULEELA S,,23ITR017,1,/users/charuleela-s-23itr017/badges
MOHAMMED,,DHAANISH A,1,/users/mohammed-dhaanish-a/badges
D Supraja,,.,1,/users/d-supraja.67c2f45f/badges
Sailaja,,Kanaparthi,1,/users/sailaja-kanaparthi/badges
Nalluri Uma,,Maheswari,1,/users/nalluri-uma-maheswari.05aa48d9/badges
Koppuravuri,,Sruthilaya,1,/users/koppuravuri-sruthilaya/badges
Sonar Bhavarth Narendrabhai,,-,1,/users/sonar-bhavarth-narendrabhai/badges
Kailash,,Kag,1,/users/kailash-kag.08ff32ea/badges
Mohammad,,Anas,1,/users/mohammad-anas.bcad3839/badges
Ananya,,Polikepahad,1,/users/ananya-polikepahad/badges
AADITHYA Y,,23AM001,1,/users/aadithya-y-23am001/badges
ALLA UJWAL SAI,,.,1,/users/alla-ujwal-sai/badges
Pothula,,Sampath kumar,1,/users/pothula-sampath-kumar/badges
Kommareddy,,Diana Mary,1,/users/kommareddy-diana-mary/badges
Krishan,,Chakraborty,1,/users/krishan-chakraborty/badges
shrenika,,macha,1,/users/shrenika-macha/badges
SAI KRISHNA,,YERRAVARAPU,1,/users/sai-krishna-yerravarapu/badges
Neharika,,goyal,1,/users/neharika-goyal/badges
RUSHIKESH,,NERE,1,/users/rushikesh-nere.96ee2d3b/badges
KRISHNANJALI,,J,1,/users/krishnanjali-j.c183f33b/badges
Dnyaneshwar,,Khedkar,1,/users/dnyaneshwar-khedkar/badges
Kiruthiga,,K,1,/users/kiruthiga-k.6f50ad9f/badges
Vipul,,Sharma,2,/users/vipul-sharma.739132b3/badges
Shanti,,Bhushan,1,/users/shanti-bhushan.6f9e021d/badges
PAWAN,,PANCHAL,1,/users/pawan-panchal.4049d11a/badges
Sai Lakshmi Anusha,,Kompella,1,/users/sai-lakshmi-anusha-kompella/badges
Sonali,,Swain,1,/users/sonali-swain.ad5a170d/badges
Suraj,,Agarwal,1,/users/suraj-agarwal.b126a074/badges
Ramya,,Junnuiri Raja,1,/users/ramya-junnuiri-raja/badges
Abhishek,,kumar,1,/users/abhishek-kumar.be6f7784/badges
Sudarshan,,Abhivant,1,/users/sudarshan-abhivant/badges
Swapna Priya,,Vangala,1,/users/swapna-priya-vangala/badges
Tharun,,Veluru,1,/users/tharun-veluru/badges
shitakshi,,shukla,1,/users/shitakshi-shukla.48e84dc3/badges
Zaigam,,Ansari,2,/users/zaigam-ansari/badges
Apurva,,Sharma,1,/users/apurva-sharma.a831dc5b/badges
Saideepika,,Gurijala,1,/users/saideepika-gurijala/badges
Asha,,G,1,/users/asha-g.a654af94/badges
Sakil,,Ahmed,1,/users/sakil-ahmed.9a34bdda/badges
Nancy Priya,,S,1,/users/nancy-priya-s/badges
Shoubhit,,Kumar,1,/users/shoubhit-kumar/badges
Jithendra,,RK,2,/users/jithendra-rk/badges
Avinash,,Reddy,1,/users/avinash-reddy.bd0ed557/badges
Harish,,G,1,/users/harish-g.6fe1aff2/badges
Harini,,Santharaman,2,/users/harini-santharaman/badges
Sumanta,,Mondal,1,/users/sumanta-mondal.b18e878c/badges
Subhamaya,,Samanta,1,/users/subhamaya-samanta/badges
ALOORU,,Navya,1,/users/alooru-navya-reddy/badges
mansoor,,khan,1,/users/mansoor-khan.a77ee494/badges
Jasmitha Varsha,,K A,1,/users/jasmitha-varsha-k-a/badges
Pankaj,,Gauniyal,1,/users/pankaj-gauniyal/badges
Kokkireddy,,Saranya,1,/users/kokkireddy-saranya.f528aaf2/badges
Abhinaya,,Pasupuleti,1,/users/abhinaya-pasupuleti.1518f28d/badges
Suhrud,,Bhuvaneswar,1,/users/suhrud-bhuvaneswar/badges
DHIVYA J M,,23ITR036,1,/users/dhivya-j-m-23itr036/badges
Poojya Yashashwini,,Manchinella,1,/users/poojya-yashashwini-manchinella/badges
VINOTH,,KUMAR MUPPUDATHY,2,/users/vinoth-kumar-muppudathy/badges
Patan,,Dilshad,1,/users/patan-dilshad/badges
Satish,,Akula,1,/users/satish-akula.7884a0f7/badges
BOMMIDI,,SATHVIK,1,/users/bommidisathvik/badges
chandana kumari,,Addagabottu,1,/users/chandana-kumari-addagabottu.699cc351/badges
Shailesh,,Kadam,1,/users/shailesh-kadam../badges
Vinod,,Bandaru,1,/users/vinod-bandaru/badges
Venkata Surya Sravani,,Gadikoyyala,1,/users/venkata-surya-sravani-gadikoyyala/badges
DHARANI,,TEDLA,1,/users/dharani-tedla.0d931645/badges
Hemanta,,singh,1,/users/hemanta-singh/badges
Srivalli,,Pendurthi,2,/users/srivalli-pendurthi/badges
SATHYA,,S,1,/users/sathya-s.187a2538/badges
Patturi,,Srinivas,1,/users/patturi-srinivas/badges
Guru Pavani,,Mypati,1,/users/guru-pavani-mypati/badges
Vinod,,Srinivasan Vasudevan,1,/users/vinod-srinivasan-vasudevan/badges
Hemnath,,Nagarajan,2,/users/hemnath-nagarajan/badges
NUVUSETTY SRI VARSHITH,,.,1,/users/nuvusetty-sri-varshith/badges
Sandeep,,Rathod,1,/users/sandeep-rathod.c234f750/badges
Sarbjot,,Singh,1,/users/sarbjot-singh.9a1a3d38/badges
SYED USMAN,,ALI,1,/users/syed-usman-ali.6045e477/badges
Sai Abhilash,,Manikonda,1,/users/sai-abhilash-manikonda/badges
Prasunna,,Polisetti,1,/users/prasunna-polisetti.2a1ff50d/badges
Ayush kumar,,Sao,1,/users/ayush-kumar-sao.ab3f42bf/badges
SAURAV,,KUMAR,1,/users/saurav-kumar.37c4e792/badges
Raunak,,Mittal,1,/users/raunak-mittal/badges
Divya,,pokuru,1,/users/divya-pokuru/badges
Shyam,,Mohan,1,/users/shyam-mohan.a84ed6b8/badges
Navneet,,Lamba,1,/users/navneet-lamba.cdd9151b/badges
Yash,,Goel,1,/users/yash-goel.e6afc1a6/badges
NAREDDY,,SONY,1,/users/nareddy-sony.42c59738/badges
Nayana,,Suresh,1,/users/nayana-suresh.35aa714a/badges
Ansila,,P,2,/users/ansila-p/badges
Saamanth,,Bobbili,1,/users/saamanth-003/badges
Rupesh,,Sutrave,1,/users/rupesh-sutrave/badges
Patel,,Jaykumar,4,/users/patel-jaykumar.fb5d72c7/badges
Vaishakh,,K,2,/users/vaishakh-k.74a46ff3/badges
Princy,,Rajpoot,1,/users/princy-rajpoot.8c4304e9/badges
Chellamuthu,,Balasubramani,1,/users/chellamuthu-balasubramani.40e0fb7b/badges
Raghavendra,,Bhat,2,/users/raghavendra-bhat.6ce36675/badges
Sasidharan,,Devanathan,1,/users/sasidharan-devanathan.bcd4c784/badges
Jayanth,,Porandla,1,/users/jayanth-porandla/badges
Satyendra,,Baraiya,3,/users/satyendra-baraiya.ea200936/badges
amruta,,pawale,1,/users/amruta-pawale/badges
Niral,,Verma,1,/users/niral-verma/badges
SOWMYA SREE,,Manga,1,/users/sowmya-sree-manga/badges
Nayankumar,,Shetty,1,/users/nayankumar-shetty.06f1de05/badges
Vishu,,Singh,1,/users/vishu-singh.424f1005/badges
Lokesh,,Yadagiri,1,/users/lokesh-yadagiri/badges
Poojashree,,M N,1,/users/poojashree-m-n.0cc227ab/badges
meenakshi,,reddy,1,/users/meenakshi-reddy.47acccf3/badges
Anamika,,Sachan,1,/users/anamika-sachan/badges
Sagar,,Das,1,/users/sagar-das.8d5adb6e/badges
Ritika,,Sharma,1,/users/ritika-sharma.22ddf5ba/badges
Ankit,,Pipaliya,1,/users/ankit-pipaliya.29b7cbc5/badges
Prabakar,,RK,1,/users/prabakar-rk.eb2837c1/badges
Pavan,,Thati,1,/users/pavan-thati.bad3c867/badges
Logesh,,Muthusamy,1,/users/logesh-muthusamy/badges
Akshata,,Hatti,1,/users/akshata-hatti.08cbe9dc/badges
SOMALITA PRIYADARSHINEE,,.,1,/users/somalita-priyadarshinee.d36accd7/badges
Krishna Sai Prashanth,,Biruduraju,1,/users/krishna-sai-prashanth-biruduraju/badges
Navjeet,,Jha,1,/users/navjeet-jha/badges
Varun,,Kumar,1,/users/varun-kumar.4f2dfd74/badges
Shefali,,Patil,1,/users/shefali-patil-sp98/badges
Puneet,,Sharma,1,/users/puneet-sharma.9e92aec3/badges
Randhi,,Manoj Kumar,1,/users/randhi-manoj-kumar/badges
Ben,,Sathyan,1,/users/ben-sathyan.99951a52/badges
Anushka,,Srivastava,1,/users/anushka-srivastava.58140057/badges
Renu,,Sharma,1,/users/renu-sharma.84988fbd/badges
Iswarya,,Dama,1,/users/iswarya-dama.5216408a/badges
Kumar Ashwin,,Hubert,1,/users/kumar-ashwin-hubert/badges
Deshaboina,,Manas,1,/users/deshaboina-manas/badges
Tanya,,Baranwal,1,/users/tanya-baranwal/badges
Bhojaraj,,K,2,/users/bhojaraj-k/badges
Rutvik,,Bhatt,1,/users/rutvik-bhatt.98921f96/badges
Simranjit,,Singh,5,/users/simranjit-singh.bcae2b96/badges
Anauska,,Dutta,2,/users/anauska-dutta/badges
Hari,,Krishna,2,/users/hari-krishna.15031346/badges
Easwar,,J,1,/users/easwar-j/badges
Deepanshu,,Sengar,3,/users/deepanshu-sengar/badges
Prateeva,,Polai,1,/users/prateeva-polai.5df14e76/badges
5J4,,Ashritha,1,/users/5j4-ashritha/badges
Ajit,,Thombre,1,/users/ajit-thombre.47894558/badges
Dinesh,,K,1,/users/dinesh-k.bc86c980/badges
Guruprasad,,A,1,/users/guruprasad-a.fa0e1e67/badges
Asharani,,Ningombam,1,/users/asharani-ningombam/badges
SRAVYA,,PENUGOTI,1,/users/sravya-penugoti/badges
Achintya,,Gulati,1,/users/achintya-gulati/badges
Naramala,,Sai,1,/users/naramala-sai/badges
Minu,,Joy,1,/users/minu-joy.67e94702/badges
Bindu phani swaraj,,Sripada,1,/users/bindu-phani-swaraj-sripada/badges
Vasu,,Manchanda,3,/users/vasu-manchanda/badges
DURGA,,DEVI R,1,/users/durga-devi-r.1cb8bf42/badges
Arpit,,Agarwal,1,/users/arpit-agarwal.54b96424/badges
Mancharla Karthik,,Reddy,1,/users/mancharla-karthik-reddy/badges
Anshul,,Kushwaha,1,/users/sudoanshul/badges
Sailesh,,Sorde,1,/users/sailesh-sorde/badges
Balasanjeevi,,Lakshmanasamy,1,/users/balasanjeevi-lakshmanasamy/badges
Swastika,,Gupta,1,/users/swastika-gupta.af2194e6/badges
Sayan,,Bit,1,/users/sayan-bit.fcd70364/badges
Ankit,,Sarkar,5,/users/sarkaran/badges
Vasubabu,,Inti,1,/users/vasu-inti/badges
Vishal,,Wagadre,1,/users/vishal-wagadre/badges
Sneha,,Kandukuri,1,/users/sneha-kandukuri/badges
Ankan,,Kanshabanik,1,/users/ankan-kanshabanik/badges
Prashanth,,Pasupuleti,1,/users/prashanth-pasupuleti.c58170cd/badges
Ravi,,Kulkarni,1,/users/ravi-kulkarni.051b115e/badges
Maheswaran,,Arumugam,2,/users/maheswaran-arumugam/badges
Borra,,Sathya Sri Vathsa,1,/users/borra-sathya-sri-vathsa.57d44896/badges
Lav,,Pandit,1,/users/lav-pandit/badges
Gobinath,,Balasubramaniam,1,/users/gobinath-balasubramaniam.48e7d086/badges
Abhishek,,Sharma,1,/users/abhishek-sharma.d0460307/badges
Gamsy,,Taneja,1,/users/gamsy-taneja/badges
D G,,Sindhu,1,/users/d-g-sindhu.7a2471bf/badges
Prince,,kumar,1,/users/prince-kumar.94d7b351/badges
Domnic Raj,,D,1,/users/domnic-raj-d/badges
Kevin,,Mathew,1,/users/kevin-mathew.3ce295d1/badges
Nathadi,,Sai Vigna,1,/users/nathadi-sai-vigna/badges
mettukuru,,nikhilreddymp,1,/users/mettukuru-nikhilreddymp/badges
CHINTHA,,SHANMUKAVANI,1,/users/chintha-shanmukavani/badges
Srinivas,,Mogili,1,/users/srinivas-mogili/badges
RAVALIKA,,CHIRUMAMILLA,1,/users/ravalika-chirumamilla/badges
Karthikeyan,,Manikandan,1,/users/karthikeyan-manikandan.26eddd39/badges
Gajendra,,Thakur,2,/users/gajendra-thakur.dcf138df/badges
Adarsh,,Vishnoi,1,/users/adarsh-vishnoi/badges
Pazhanimurugan,,Asaithambi,2,/users/pazhanimurugan-asaithambi.5fb22042/badges
Indhumathi,,Lalapeta,1,/users/indhumathi-lalapeta/badges
GOWTHAM,,PITLA,1,/users/gowtham-pitla/badges
Pammita,,Panda,1,/users/pammita-panda.158ecaef/badges
Shivam,,Maralay,1,/users/shivam-maralay/badges
Sushant,,Yadav,1,/users/sushant-yadav/badges
Pratham G,,Pawar,1,/users/pratham-g-pawar/badges
Kalpesh,,Bonde,1,/users/kalpesh-bonde.f3860d04/badges
PATIL,,AMBIKA,1,/users/patil-ambika/badges
CHINTHAKINDI,,NANDINI,1,/users/chinthakindi-nandini/badges
Pavan,,Kolipaka,1,/users/pavan-kolipaka/badges
DIVYA SAHITHI,,NELANUTHULA,1,/users/divya-sahithi-nelanuthula/badges
Swetha,,Vijayan N V,2,/users/swetha-vijayan-n-v/badges
Himanshu,,Goel,1,/users/himanshu-goel.b399f5e5/badges
AYUSH,,SINGH,1,/users/ayush-singh.7ea82533/badges
PROSENJIT,,CHATTERJEE,1,/users/prosenjit-chatterjee.1f432979/badges
Arpita,,Chowdhury,1,/users/arpita-chowdhury.12269ef3/badges
Teena,,Kunwar Chouhan,1,/users/teena-kunwar-chouhan/badges
Suman,,Purkait,5,/users/sumanpurkait/badges
DHIVYASHRI K K,,23ITR037,1,/users/dhivyashri-k-k-23itr037/badges
Susamoy,,Panda,1,/users/susamoy-panda.6223e238/badges
Mridul,,Bhaskar,1,/users/mridul-bhaskar/badges
Manoj,,Shankar,1,/users/manoj-shankar.07398432/badges
Bhuvanika,,Atla,1,/users/bhuvanika-atla/badges
Himanshu,,Nayak,1,/users/himanshu-nayak.4a30c88a/badges
Ajay kumar sai,,Balasankula,1,/users/ajay-kumar-sai-balasankula/badges
AJAY,,THAKAR,1,/users/ajay-thakar/badges
Durai,,Pandi,1,/users/durai-pandi.dbc2f21c/badges
Saurabh,,Salgaonkar,1,/users/saurabh-salgaonkar/badges
Poojitha,,Duggisetty,1,/users/poojitha-duggisetty.66215f10/badges
Vaibhav,,Sharma,1,/users/vaibhav-sharma.8c59522a/badges
PRASANTH,,K R,1,/users/prasanth-k-r.32341870/badges
jeet,,masrani,1,/users/jeet-masrani/badges
PUTREVU,,SHREYA,1,/users/putrevu-shreya/badges
Akash,,Pawar,1,/users/akash-pawar.dde52626/badges
Mohammed,,Arshad,1,/users/mohammed-arshad.ab942224/badges
Vijay,,Makkad,1,/users/vijay-makkad/badges
BHARATH M,,23ITR014,1,/users/bharath-m-23itr014/badges
Suraj,,Kumar,1,/users/suraj-kumar.c25649c5/badges
SAI SAKETH,,BAINDLA,1,/users/sai-saketh-baindla/badges
Vishal,,Zade,1,/users/iamvsz/badges
Sayani,,Banerjee,2,/users/sayani-banerjee.bc78cf99/badges
ASHIRVAD KUMAR,,SINGH,1,/users/ashirvad-kumar-singh/badges
SURAVARAPU,,NAGA KISHORE,3,/users/s-naga-kishore/badges
Mahesh,,Khemka,1,/users/mahesh-khemka/badges
Govardhan,,Jayi,2,/users/govardhan-jayi/badges
Dhruv,,Agarwal,1,/users/dhruv-agarwal.f6729977/badges
Aryan,,Purohit,1,/users/aryan-purohit.5a3211f4/badges
HANEEFDEEN,,S,1,/users/haneefdeen-s/badges
Anand,,Suryanarayanan,1,/users/anand-suryanarayanan/badges
Venkata Dilip varma,,Kalidindi,1,/users/venkata-dilip-varma-kalidindi/badges
ARUNPRASAD,,S,1,/users/arunprasad-s/badges
Vishisht,,Mishra,1,/users/vishisht/badges
AMARNATH M,,23ITR002,1,/users/amarnath-m-23itr002/badges
GUHAN P,,23ITR050,1,/users/guhan-p-23itr050/badges
Javed,,Eqbal,1,/users/javedeqbal/badges
Dinesh,,kumar.P,1,/users/dinesh-kumar-p.ad10facf/badges
Aravindhan,,T,1,/users/aravindhan-t.02c18004/badges
Shreya,,P,1,/users/shreya-p.840aa7a8/badges
Likhitha,,Tangudu,1,/users/likhitha-tangudu/badges
AVINASH,,D,2,/users/avinash-d.c9225cfb/badges
Jayasree,,M,1,/users/jayasree-m.9bde08cb/badges
SUBHASH,,VAIDYA,1,/users/subhash-vaidya.39e630c5/badges
Sakshi,,Mishra,1,/users/sakshi-mishra.abeec743/badges
Preetam,,Datta,1,/users/preetam-datta/badges
Vinay,,Ellendula,1,/users/vinay-ellendula/badges
Rajesh,,Chandran,1,/users/rajesh-chandran.042ad25e/badges
Archan,,Dhrangadharia,1,/users/archan-dhrangadharia/badges
PADMA SREEJA,,.,1,/users/padma-sreeja/badges
Charran,,E,2,/users/charran-e/badges
Arnav,,Devalapally,1,/users/arnav-d/badges
sruthi,,kompella,1,/users/sruthi-kompella/badges
KAUSHIK,,MOOKERJEE,1,/users/kaushik-mookerjee/badges
Abhaya,,Aditya.Ch,1,/users/abhaya-aditya-ch/badges
Chandra Teja,,Thummalacharla,1,/users/chandra-teja-thummalacharla/badges
Keerthana,,Ganesamurthi,1,/users/keerthana-ganesamurthi.e4ee6c08/badges
GOWTHAM,,M,1,/users/gowtham-m-23itr049/badges
HARSHIGA K,,23ITR056,1,/users/harshiga-k-23itr056/badges
Anjana,,B,1,/users/anjana-b.fbb75fb9/badges
Mahalakshmi,,Kandasamy,1,/users/mahalakshmi-kandasamy/badges
Varshini,,Sree J K,2,/users/varshini-sree-j-k.0d413826/badges
Shrinath,,Pawar,4,/users/shrinath-pawar.923d6b61/badges
CHIBA ROSHAN A,,23ITR019,1,/users/chiba-roshan-a-23itr019/badges
HARISH V,,23ITR055,1,/users/harish-v-23itr055/badges
Kotaiah,,Nammika,1,/users/kotaiah-nammika/badges
Mukunda,RaghuRam,Sutapalli,1,/users/sutapalli-mukunda-raghu-ram/badges
SIDDANATHI PAVAN TARAK,,.,1,/users/siddanathi-pavan-tarak.4da296e1/badges
ASWIGA P,,23ITR011,1,/users/aswiga-p-23itr011/badges
Divya,,S,1,/users/divya-s.aaaf205e/badges
Abinaya,,K,1,/users/abinaya-k.f5164e21/badges
PRIYA,,GANDHAM,1,/users/priya-gandham/badges
DEVA,,C,1,/users/deva-c/badges
Deva,,Dharshine,1,/users/deva-dharshine/badges
Deepika,,Tigga,1,/users/deepika-tigga/badges
Sanam Rohith Rama,,Nagendra,1,/users/sanam-rohith-rama-nagendra.641effa9/badges
Narendra,,Kantamani,1,/users/narendra-kantamani/badges
BOOMADEVI,,S,1,/users/boomadevi-s-23itr016/badges
M,,ABHISHEK,1,/users/m-abhishek.2c2c7333/badges
Naman,,Mishra,2,/users/naman-mishra.6e7d9692/badges
anishma,,graze,1,/users/anishma-graze/badges
Bhimavaram,,Venkata ramudu,1,/users/bhimavaram-venkata-ramudu/badges
MANSI,,BHARDWAJ,1,/users/mansi-bhardwaj.a2a6e787/badges
Anbuchelvan,,A,1,/users/anbuchelvan-a/badges
Ritik,,Shekhada,3,/users/ritik-shekhada/badges
DHANISHA,,dpremkumar@microsoft.com,1,/users/dhanisha-dpremkumar-microsoft-com/badges
Aishwarya,,Ingale,2,/users/aishwarya-ingale/badges
Akarsh,,Ranjan,1,/users/akarsh-ranjan.96908c2e/badges
Nishant,,Sonule,1,/users/nishant-sonule/badges
pranay,,rana,1,/users/pranay-rana/badges
SHASHANK,,RATHOUR,1,/users/shashank-rathour.01090ced/badges
ARAVIND P,,23ITR006,1,/users/aravind-p-23itr006/badges
MANJUNADHA SASTHRY,,VELPURI,1,/users/manjunadha-sasthry-velpuri/badges
Upayan,,Mazumder,1,/users/upayan-mazumder/badges
Srashti,,Agrawal,1,/users/srashti-agrawal.92a33f81/badges
Reegan Peter,,J,1,/users/reegan-peter-j/badges
Vishnu,,S,1,/users/vishnu-s.aabe6ad8/badges
Abhishek,,Kumar,5,/users/abhishek-kumar.53ef6474/badges
Sumeet,,Gureck,1,/users/sumeet-gureck/badges
GOWRI,,D,1,/users/gowri-d.5c30a093/badges
Anshuman,,Jain,1,/users/anshuman-jain.01c7f2e1/badges
Giddaluru Vikas,,Sai,1,/users/giddaluru-vikas-sai/badges
Natpu,,Enean,1,/users/natpu-enean/badges
vijayakumar,,Arumugam,1,/users/vijayakumar-arumugam.e675fa4d/badges
Bharathi,,T,1,/users/bharathi-t.3c1ae370/badges
Rajlaxmi,,Joshi,1,/users/rajlaxmi-joshi/badges
Mohit,,Khosla,2,/users/mohit-khosla/badges
Kanika,,Singhal,1,/users/kanika-singhal.651f3f8e/badges
Gopinath,,Ramanathan,1,/users/gopinath-ramanathan.b288b4cc/badges
Shreeni,,Musical,1,/users/shreeni-musical/badges
Ravindrakumar,,Bhoi,1,/users/ravindrakumar-bhoi/badges
Yuvaneswaran,,Dhanasekaran,2,/users/yuvaneswaran-dhanasekaran/badges
Sai Krishna Reddy,,Lakshma Reddy,1,/users/sai-krishna-reddy-lakshma-reddy/badges
Challa,,Raji Lalasa,1,/users/challa-raji-lalasa/badges
Amit,,Yadav,1,/users/amit-yadav.687a7c59/badges
Thanuja,,K,1,/users/thanuja-k.e856a677/badges
Krithika,,P,1,/users/krithika-p.fee9f8ef/badges
Likith,,Varikoti,1,/users/likith-varikoti/badges
Siva,,Sankar. C,1,/users/siva-sankar-c/badges
Archana,,Patil,1,/users/archana-patil.a9553fc2/badges
Vasanth,,Shivakumar,1,/users/vasanth-shivakumar/badges
HARINI D,,23ITR054,1,/users/harini-d-23itr054/badges
Ranga Swamy,,Kadapa,1,/users/ranga-swamy-kadapa/badges
Shivansh,,Todi,1,/users/shivansh-todi/badges
korada,,komalatha,1,/users/korada-komalatha/badges
VALLURI GOWTHAM,,.,1,/users/valluri-gowtham/badges
Vigneshwaran,,Ravichandran,1,/users/vigneshwaran-ravichandran.d0f891d1/badges
Madishetti,,Ashwith Kumar,1,/users/madishetti-ashwith-kumar/badges
Rissmon,,Suresh,1,/users/rissmon-suresh.c3f98963/badges
Ashwiga,,BR,1,/users/ashwiga-br/badges
Dundigalla,,Saisunder,1,/users/dundigalla-saisundee/badges
Riteek,,Kamble,1,/users/riteek-kamble/badges
Sanskar,,Agrawal,1,/users/sanskar-agrawal.6d71ae83/badges
vijayan,,M,1,/users/vijayan-m.bb397bff/badges
Kislay,,Kumar,1,/users/kislay-kumar.570d18b8/badges
Rahul,,Biradar,2,/users/rahul-biradar.376d0f21/badges
Poonam,,Padwal,1,/users/poonam-padwal/badges
Moturi Sree,,Teja,1,/users/moturi-sree-teja.1e8632ee/badges
Stalin Varghese,,Mathew,1,/users/stalin-varghese-mathew/badges
Sauras,,Shah,1,/users/sauras-shah/badges
PALCHURI,,BHAVYA VARSHA,1,/users/palchuri-bhavya-varsha/badges
Dharshana,,V,1,/users/dharshana-v.aaef1703/badges
Dharshni,,J,1,/users/dharshni-j/badges
Dharani,,Selvam,1,/users/dharani-selvam/badges
Keerthi Priya,,Kota,1,/users/keerthi-priya-kota/badges
Nagendra kumar,,Chinthamani,1,/users/nagendra-kumar-chinthamani/badges
Rahul,,Kumar,1,/users/rahul-kumar.e1729982/badges
dharshini,,Akb,1,/users/dharshini-akb/badges
Hanman,,Tummanapally,2,/users/hanman-tummanapally/badges
Aditee,,Koturwar,1,/users/aditee-koturwar/badges
Navya,,Kola,1,/users/navya-kola.4978d05c/badges
Nikhil,,Tangirala,1,/users/nikhil-tangirala/badges
Mano Karthi,,A,1,/users/mano-karthi-a.abf91e41/badges
KEERTHIKA,,V,1,/users/keerthika-v.ed74865e/badges
Raghul,,M,2,/users/m-raghul/badges
Chendi,,Hema,1,/users/chendi-hema/badges
Debabrata,,Mukherjee,1,/users/debabrata-mukherjee.5cbb4989/badges
Pavan,,Meravath,1,/users/pavan-meravath/badges
Divya,,Varghese,2,/users/divya-varghese.7b466517/badges
Sri Satya Krishna,,Challa,1,/users/sri-satya-krishna-challa.c8bfa043/badges
Yasaswi,,Tungaturti,1,/users/yasaswi-tungaturti/badges
Divisha,,M,1,/users/divisha-m/badges
Swathilekshmi,,Santhosh,1,/users/swathilekshmi-santhosh/badges
Dharshan,,PP,1,/users/dharshan-pp/badges
Harshnee,,K S,1,/users/harshnee-k-s/badges
Nishanthy,,M,1,/users/nishanthy-m.c23bd6ed/badges
Yogith,,Reddy,1,/users/yogith-reddy/badges
Kishan kumar,,Veerabhadraswamy,1,/users/kishan-kumar-veerabhadraswamy/badges
SATYAM,,KUMAR MISHRA,1,/users/satyam-kumar-mishra.e0ab65df/badges
Nitin,,Kumar,1,/users/nitin-kumar.ebda9c9f/badges
Vivek,,Shahi,1,/users/vivek-shahi.74a96d12/badges
Lokesh,,Kondapalli,1,/users/lokesh-kondapalli/badges
akash,,singh,1,/users/akash-singh.c3758f88/badges
RAVINDRA,,CHOWDARY,2,/users/ravindra-chowdary.d56510e6/badges
Hasim,,k,1,/users/hasim-k.e7fdfa03/badges
Sachin,,Kumar,1,/users/sachin-kumar.b13fdca5/badges
Jijitha,,Unnivarakshan,2,/users/jijitha-unnivarakshan/badges
T.SAI SHREYASWI,,.,1,/users/t-sai-shreyaswi/badges
Dinesh,,Kanth,1,/users/dinesh-kanth.c04f005f/badges
Premadevi,,Selvam,1,/users/premadevi-selvam/badges
Mohd,,Faziel,1,/users/mohd-faziel/badges
Venugopal,,S,1,/users/venugopal-s.782644dc/badges
Anusha,,Sharma,1,/users/anusha-sharma.1377d6b9/badges
Megna,,Sreedhar,1,/users/megna-sreedhar/badges
Harish,,B,1,/users/harish-b.94c19b63/badges
Sandeep,B,Hulyalkar,1,/users/sandeep-hulyalkar/badges
Deepakraj,,V,1,/users/deepakraj-v.a822218a/badges
Deepak,,B,1,/users/deepak-b.aaa02f5d/badges
Kshirja,,Sahay,1,/users/kshirja-sahay/badges
Bathula,,Madhu,1,/users/bathula-madhu.86de186d/badges
Abhishek Kumar,,Singh,1,/users/abhishek-kumar-singh.5a9b1c7b/badges
Shivani,,Sharma,1,/users/shivani-sharma.02da1fb2/badges
HEMANTHPRANESH M R,,23CB017,1,/users/hemanthpranesh-m-r-23cb017/badges
Senthil Kumar,,V,1,/users/senthil-kumar-v.719fa341/badges
Sauvik,,Dey,2,/users/sauvik-dey.fb194c48/badges
Sandeep,,Vishwakarma,2,/users/sandeep-vishwakarma.31d6cbcd/badges
Pagadala,,Rohan,1,/users/pagadala-rohan/badges
Sonia,,Janyavula,1,/users/sonia-janyavula/badges
Dharshan,,B,1,/users/dharshan-b.6295086b/badges
Neeta,,Tholpady,1,/users/neeta-tholpady.5bba581e/badges
Pranitha,,A V R,2,/users/pranitha-a-v-r.37b0ca9c/badges
tanishq,,vankudre,1,/users/tanishq-vankudre/badges
Vullengala,,Venkatesh,1,/users/vullengala-venkatesh/badges
Tushar,,Verma,1,/users/tech.tusharverma/badges
Valavala,,Venkata nagendra,1,/users/valavala-venkata-nagendra/badges
Manavi,,Kumari,1,/users/manavi-kumari/badges
Saicharan,,Pasupunuti,1,/users/saicharan-pasupunuti/badges
Vikas,,B R,1,/users/vikas-b-r/badges
puneethreddy,,barre,1,/users/puneethreddy-barre/badges
sonam,,rajput,1,/users/sonam-rajput.428fbfe9/badges
THANVIKA,,THUMMALA,1,/users/thanvika-thummala/badges
Abhijit,,Sarsare,1,/users/abhijit-sarsare/badges
Naveen Kumar,,Mekala,1,/users/naveen-kumar-mekala.b122e09e/badges
Dristi,,Dristi,1,/users/dristi-dristi/badges
Vijay Kumar,,Rajaram,2,/users/vijay-kumar-rajaram/badges
Kajal,,Hansdah,1,/users/kajal-hansdah/badges
Meghana,,Vajrapu,1,/users/meghana-vajrapu/badges
ADITYA,,JAISWAL,1,/users/aditya-jaiswal.bfe3c965/badges
Harshada,,Patil,1,/users/harshada-patil.28ecf44c/badges
V T,,Rushi Kannan,1,/users/v-t-rushi-kannan.631d6776/badges
AASHWAT KUMAR,,RAI,1,/users/aashwat-kumar-rai/badges
Salman,,khan,1,/users/salman-khan.440e9260/badges
Sachin,,Gandu,1,/users/sachin-gandu.a99a49b8/badges
Sarat,,Betha,1,/users/sarat-betha/badges
Akshata,,Khedagi,1,/users/akshata-khedagi/badges
Prince,,Kala,1,/users/prince-kala/badges
Dharini,,Krishnamoorthy,2,/users/dharini-krishnamoorthy.882151f9/badges
TARUN,,TIDKE,1,/users/tarun-tidke/badges
Akash,,ML,1,/users/akash-ml.8a081782/badges
Rashmi Ranjan,,Das,1,/users/rashmi-ranjan-das.53a25b43/badges
Manoja,,Pulusuganti,1,/users/manoja-pulusuganti/badges
Raghvendra,,Kumar,1,/users/raghvendra-kumar.a50426f4/badges
Rohit,,Kumar,1,/users/rohit-kumar.114aacac/badges
susith,,PS,2,/users/susith-ps/badges
Neetu,,Yadav,1,/users/neetu-yadav.101ab396/badges
Ramya,,M,1,/users/ramya-m.8da108a4/badges
Baddam,,Shravya,1,/users/baddam-shravya/badges
Vivek,,Kishore,1,/users/vivek-kishore/badges
Prashanth,,R,1,/users/prashanth-r.7b593878/badges
Sowmya,,Adepu,1,/users/sowmya-adepu/badges
Rajesh,,kumar,1,/users/rajesh-kumar.24eca226/badges
Vaibhav,,Gupta,5,/users/vaibhav-gupta.e82b0748/badges
Md Firdous,,Alam,4,/users/md-firdous-alam/badges
Gowreesh,,V T,1,/users/gowreesh-vt/badges
Kishore,,Telukuttu,1,/users/kishore-telukuttu/badges
Venktesh,,Tiwari,1,/users/venktesh-tiwari/badges
Aasritha,,Musunuri,1,/users/aasritha-musunuri/badges
kadambari,,Suresh,1,/users/kadambari-suresh/badges
Sneh,,Agrawal,1,/users/sneh-agrawal.d8aa72fa/badges
Sejal,,Tiwari,1,/users/sejal-tiwari.d02a9222/badges
Subhash,,Bokka,1,/users/subhash-bokka/badges
VENKATESWARLU,,BEESABATHINI,1,/users/venkateswarlu-beesabathini/badges
NIKHIL SAI,,PAGIDIMARRI,1,/users/nikhil-sai-pagidimarri/badges
Hari Teja,,Gubbala,1,/users/hari-teja-gubbala.e2d9f2d1/badges
VISHNU PRASAD,,V V,3,/users/vishnu-prasad-v-v.ce652b2e/badges
Dhruti,,DOshi,1,/users/dhruti-doshi.758d7ecc/badges
M ADITHYA,,REDDY,1,/users/m-adithya-reddy/badges
Yash,,Bhoyar,1,/users/yash-bhoyar.116bf1ce/badges
Devgyani,,Mukherjee,1,/users/devgyani-mukherjee.09414a2c/badges
Neelima,,Damarasing,1,/users/neelima-damarasing/badges
Shivani,,Joshi,1,/users/shivani-joshi.674711e3/badges
Siddarth,,Saravanan,1,/users/siddarth-saravanan/badges
Nibu,,KB,2,/users/nibu-kb/badges
sureshkrishna,,kumaravel,1,/users/sureshkrishna-kumaravel/badges
Prerak,,Desai,1,/users/prerak-desai.20b04f75/badges
Ruchi,,gupta,1,/users/ruchi-gupta.9577245c/badges
MANEPALLI JYOTHSNA NAGA LAKSHMI,,.,1,/users/manepalli-jyothsna-naga-lakshmi/badges
Pavan,,Kumar,1,/users/pavan-kumar.94206864/badges
Anchal,,Porwal,1,/users/anchal-porwal.5189cd2a/badges
Madhu,,Pole,1,/users/madhu-pole/badges
Gundu,,Chaitanya Kumar,1,/users/gundu-chaitanya-kumar/badges
Soma,,Pavan Kalyan,1,/users/soma-pavan-kalyan.8716f2b8/badges
Suvarna,,Boda,1,/users/suvarna-boda.1f4611eb/badges
Madhumitha,,Tanikonda,1,/users/madhumitha-tanikonda/badges
Venkata Naga Gopi,,Ponnaganti,1,/users/ponnaganti-venkata-naga-gopi/badges
Surendra Reddy,,Bana,1,/users/surendra-reddy-bana/badges
Swetha,,Udayakumar,2,/users/swetha-udayakumar.7aa915f1/badges
Sayali,,Umredkar,1,/users/sayali-umredkar/badges
SAMA,,REDDY,1,/users/sama-reddy.c7a58747/badges
Niraj,,Kumar,1,/users/niraj-kumar.57bbdedc/badges
Raja,,Kotti,1,/users/raja-kotti/badges
GOKULA,,KRISHNAN,1,/users/gokula-krishnan.f0b22795/badges
Sandhya,,Kandikonda,1,/users/sandhya-kandikonda/badges
Sanjna,,A,1,/users/sanjna-a/badges
KEERTANA SRI SAI MAHATHI,,MAJETY,1,/users/keertana-sri-sai-mahathi-majety/badges
Rajdeep,,Singh,1,/users/rajdeep-singh.f2466831/badges
Anto Bharath,,Rajan,1,/users/anto-bharath-rajan/badges
Anurag,,Jha,1,/users/anurag-jha.3a78a077/badges
DHARANYA,,A,1,/users/dharanya-a.0a10b113/badges
ABISHA REBEKKAL,,T,1,/users/abisha-rebekkal-t-23itr001/badges
HEMALATHA,,SRINIVASAN,1,/users/hemalatha-s.1db4a1e5/badges
Jeyasudha,,parthasarathy,1,/users/jeyasudha-parthasarathy/badges
Majji,,Narendra Sai,1,/users/majji-narendra-sai/badges
Bindia,,A S,1,/users/bindia-a-s/badges
Sai Srujan,,Meda,1,/users/sai-srujan-meda/badges
MANAV,,PATNI,3,/users/manav-patni.6f336869/badges
Spoorti,,LNU,1,/users/spoorti-lnu/badges
Honey,,Arora,1,/users/honey.e2127a3c/badges
Dheeraj,,Narayanam,1,/users/dheeraj-narayanam/badges
Harini,,T,1,/users/harini-t.1a9ee3b8/badges
Lakshana,,Karmegam,1,/users/lakshana-karmegam/badges
GANDREDDI,,SOWMYA,1,/users/gandreddi-sowmya/badges
Amit,,Kundu,1,/users/amit-kundu.71f3de70/badges
Sai Surya Vinay,,Devu,1,/users/sai-surya-vinay-devu/badges
Navami,,Patil G M,1,/users/navami-patil-g-m/badges
Vaishali,,Jaware,1,/users/vaishali-jaware/badges
RAJNEESH KUMAR,,YADAV,1,/users/rajneesh-kumar-yadav.39ece22c/badges
Sushanth,,Acharya,1,/users/sushanth-acharya.f2627266/badges
Surendiran,,V,1,/users/surendiran-v.0c97fc11/badges
MUDAM SRI VARDAN,,.,1,/users/mudam-sri-vardan/badges
Shishir,,Modi,1,/users/shishir-modi.b83c6a55/badges
Sanchita,,Sarkar,1,/users/sanchita-sarkar.89bea01a/badges
Konda Ramsaikranthi,,Kirankumar Reddy,2,/users/konda-ramsaikranthi-kirankumar-reddy.9f3550f6/badges
Aishwarya,,Krishna,1,/users/aishwarya-krishna.73e1f283/badges
ALOK,,MISRA,2,/users/alok-misra.70950765/badges
Shruti,,Jain,1,/users/shruti-jain.53c3e21f/badges
Gulnaz,,Parween,1,/users/gulnaz-parween/badges
Shashank,,Kumar,2,/users/shashank-kumar.58ee1106/badges
Ravi Kumar,,A,1,/users/ravi-kumar-a.c94833e7/badges
TALLAM,,SAI NITHIN,1,/users/tallam-sai-nithin.6b622f9d/badges
Gundelly Siddartha,,Yadav,1,/users/gundelly-siddartha-yadav.5af41763/badges
Preeti,,Verma,1,/users/preeti-verma.5aa055c6/badges
Maha Basha,,Patan,1,/users/maha-basha-patan/badges
Abhishek,,Powar,1,/users/abhishek-powar.5eea535a/badges
sudeep,,pradhan,1,/users/sudeep-pradhan.2c779c3d/badges
Syed,,Ansar,1,/users/syed-ansar.220151bd/badges
Sawan,,Sharma,1,/users/sawan-sharma.bfd78fd7/badges
Akshat,,Sharma,3,/users/akshat-sharma.8f7b4225/badges
Ayushman,,Pathak,2,/users/ayushman-pathak/badges
Rupa,,Sinha,1,/users/rupa-sinha.16ae95d0/badges
Niranjanprasad,,M,1,/users/niranjanprasad-m/badges
Dharanitharan,,J,1,/users/dharanitharan-j/badges
Akhila,,Yetukuri,1,/users/akhila-yetukuri/badges
Vamsi,,Gudala,1,/users/vamsi-gudala/badges
Nayanthara,,K G,2,/users/nayanthara-k-g/badges
Hardikkumar,,Sapara,1,/users/hardikkumar-sapara/badges
Abhirami.,,M,1,/users/abhirami-m.7b3c7549/badges
Priyanka,,Kumari,1,/users/priyanka-kumari.17fb0124/badges
Ajeet,,Singh,1,/users/ajeet-singh.e7baed09/badges
Rupali,,Patil,1,/users/rupali-patil.d85e5466/badges
Aswathy,,Pararath Sudhi,2,/users/aswathy-pararath-sudhi/badges
Keyur,,Desai,1,/users/keyur-desai.798d239a/badges
Akanksha,,T,1,/users/akanksha-t.1cc210d5/badges
Ashutosh,,Salunke,1,/users/ashutosh-salunke.e13c90cc/badges
Zamir,,Chafekar,1,/users/zamir-chafekar/badges
Dhanusree,,A,1,/users/dhanusree-a/badges
Moulika,,Siripuram,1,/users/moulika-siripuram/badges
Vishnu,,Ganne,1,/users/vishnu-ganne/badges
Atanu,,Samanta,1,/users/atanu-samanta.17fb61fd/badges
Gulshan,,Singh,1,/users/gulshan-singh.0736f8ea/badges
Prajwal Chandra,,Bandi,1,/users/prajwal-chandra-bandi/badges
Gunti,,Kumar,1,/users/gunti-kumar/badges
Kunal,,Verma,1,/users/kunal-verma.4b1bfc2c/badges
janani,,shree,1,/users/janani-shree.50acf722/badges
Arijit,,Jana,1,/users/arijit-jana/badges
Sneha,,S,1,/users/sneha-s.dd94bd00/badges
Shreyosi,,Saha,1,/users/shreyosi-saha.aeeac2b2/badges
Anji,,Rapeti,1,/users/anji-rapeti/badges
Deepthi,,Vannappagari,1,/users/deepthi-vannappagari/badges
sandhya rani,,irlapati,1,/users/sandhya-rani-irlapati.c64319aa/badges
Saumya Ranjan,,Mohapatra,1,/users/saumya-ranjan-mohapatra/badges
Neha,,Kumari,1,/users/neha-kumari.472babd5/badges
rajana,,jagadish,1,/users/rajana-jagadish/badges
Sachin,,Juneja,1,/users/sachin-juneja.a39b793c/badges
Pranav,,Darokar,1,/users/pranav-darokar/badges
Sudhanshu,,Shekhar,1,/users/sudhanshus/badges
Sridhar,,Patra,1,/users/sridhar-patra.33db4230/badges
Indrajit,,Hajra,2,/users/indrajit-hajra/badges
Matheesh,,M,2,/users/matheesh-m.d783411d/badges
Amit,,Tiwari,2,/users/amit-tiwari.76750652/badges
AISHWARI,,S P,1,/users/aishwari-s-p/badges
Veerla,,Deepthi,1,/users/veerla-deepthi/badges
Nandhini,,Murugesan,1,/users/nandhini-murugesan.13cf6b61/badges
Chanakya,,Gonapa,2,/users/chanakya-gonapa/badges
Akhila,,Anumalasetty,1,/users/akhila-anumalasetty/badges
Loganayagi,,M S,1,/users/loganayagi-m-s/badges
Gourav,,Bhatia,1,/users/gourav-bhatia.4288631d/badges
NAGA GOWTHAM KUMAR,,CHEEDELLA,1,/users/naga-gowtham-kumar-cheedella/badges
Sowjanya,,Sura,1,/users/sowjanya-sura.5c55904a/badges
Saranraj,,Thangaraj,1,/users/saranraj-t.ac6c5747/badges
Mahammad Rafi,,Shaik,1,/users/mahammad-rafi-shaik.b8b4ee69/badges
Pawan,,Kumar,1,/users/pawan-kumar.643f135a/badges
Kunal,,Chandra,1,/users/kunal-chandra.07b19c81/badges
Udita,,Chakraborty,1,/users/udita-chakraborty.765354aa/badges
Kailash,,Velumani,1,/users/kailash-velumani/badges
Kothapalli,,Nithya,1,/users/kothapalli-nithya/badges
Pranita,,Joshi,1,/users/pranita-joshi.35f78726/badges
Akshith,,Kundar,1,/users/akshith-kundar.76d3a209/badges
Bhargavi,,Putcha,1,/users/bhargavi-putcha/badges
Deeksha,,Sanodiya,1,/users/deeksha-sanodiya/badges
Sujitha,,M,1,/users/sujitha-m.d483d26f/badges
AKSHAY,,KUMAR,1,/users/akshay-kumar.e8daac54/badges
Rudra,,Malali,1,/users/rudra-malali.a0b584c9/badges
Nitin,,Srinivas K,1,/users/nitin-srinivas-k/badges
Ashwin,,Venkatesan,1,/users/ashwin-venkatesan.3c6f14d8/badges
Satheesh,,C,1,/users/satheesh-c.2ae9150b/badges
Karunya,,Priya,1,/users/karunya-priya/badges
basam,,gayathri,1,/users/basam-gayathri/badges
Aryan,,Patro,1,/users/aryan-patro/badges
Jyothi,,Mani,1,/users/jyothi-mani.e2c6145e/badges
Anushka,,Rath,1,/users/anushka-rath/badges
Niraj,,Patil,1,/users/niraj-patil.b4ebfce3/badges
Abin,,Thomas,1,/users/abin-thomas.f1573c71/badges
Ghazanfar,,Khan,2,/users/ghazanfarkhan/badges
Roshini,,Ravindran,1,/users/roshini-ravindran/badges
Ashwini,,Waghmare,1,/users/ashwini-waghmare/badges
Sourabh,,Jain,1,/users/sourabh-jain.2f18546a/badges
Rahul,,Jain,1,/users/rahul-jain.017f307f/badges
Balu,,Surendra,1,/users/balu-surendra.b37d92fb/badges
Ritika,,Piplani,1,/users/ritika-piplani.29e5d56c/badges
Albin,,Jojo,1,/users/albin-jojo.bc15dd9f/badges
Rishabh,,Tiwari,1,/users/rishabh-tiwari.05837c9b/badges
Aman,,Mishra,1,/users/aman-mishra.71a94b02/badges
ravi,,giri,1,/users/ravi-giri.07e109ea/badges
vijaya Vardhan Reddy,,bodeddula,1,/users/vijaya-vardhan-reddy-bodeddula/badges
Sakshi,,Dubewar,1,/users/sakshi-dubewar.59abd64d/badges
Mansi,,Tyagi,1,/users/mansi-tyagi.f8f57261/badges
Remya,,Odan Valappil,1,/users/remya-odan-valappil/badges
Ravali,,Kusa,1,/users/ravali-kusa/badges
Rajeshree,,Parshionikar,1,/users/rajeshree-parshionikar/badges
ARTHI,,DUNNA,1,/users/arthi-dunna.e369b8c1/badges
Renukadevi,,Kalyanasundaram,1,/users/renukadevi-kalyanasundaram/badges
Deepashri,,Kanawade,1,/users/deepashri-kanawade.2aaf5daa/badges
Namrutha,,Sheelam,1,/users/namrutha-sheelam.b15d413e/badges
Rajkumar,,R,1,/users/rajkumar21/badges
Anirban,,Banerjee,1,/users/anirban-banerjee.4b79af36/badges
Varadarajan,A,G,1,/users/varadarajan-govindamohan/badges
Perumandla,,Rohith Goud,1,/users/rohithperumandla/badges
Nandini,,Tripathi,1,/users/nandini-tripathi.54e4c004/badges
Shantanu,,*,1,/users/shantanu.1103cef9/badges
Saket,,Pandey,5,/users/saket-pandey.ad560cee/badges
Suraj,,Patil,1,/users/suraj-patil.78cb4082/badges
Hari,,Prashath,1,/users/hari-prashath.2e34a98c/badges
Hrushikesh,,H D,1,/users/hrushikesh-h-d/badges
Rahul,,RL,1,/users/rahul-rl.8fe0f411/badges
AKSHITHA,,BAVISETTI,1,/users/akshitha-bavisetti/badges
LEENA REDDY,,DURGAMPUDI,1,/users/leena-reddy-durgampudi/badges
shreeja,,sharma,2,/users/shreeja-sharma.a0e0f844/badges
Megha,,Mahapatra,1,/users/megha-mahapatra/badges
Harsh,,Maganur,1,/users/harsh-maganur/badges
Uttam,,Kumar,2,/users/uttam-kumar.2e7c419a/badges
Prasadarao,,Vithanala,1,/users/prasadarao-vithanala/badges
Swapnil,,Saxena,1,/users/swapnil-saxena.8588ffc7/badges
Akhil Mathew,,Mohan,1,/users/akhil-mathew-mohan.ee73a800/badges
Lokender,,Singh,1,/users/lokender-singh.8afef504/badges
Naveen,,selvaraj,2,/users/naveen-selvaraj.91efb8e8/badges
Aman,,Shivachh,1,/users/aman-shivachh/badges
Milind,,Krishna,1,/users/milind-krishna.7f703919/badges
Saurabh,,Sharma,3,/users/saurabh-sharma.4bf7aa87/badges
Sudhakar,,Athmanathan,1,/users/sudhakar-athmanathan/badges
Arun,,Avanapu,1,/users/arun-avanapu/badges
Dharampreet,,Anand,1,/users/dharampreet-anand/badges
Srivardhan,,S,1,/users/srivardhan-s/badges
B S,,Rohit,1,/users/b-s-rohit/badges
GUHAN,,M,1,/users/guhan-m.3e85794a/badges
Harsh,,Patil,1,/users/harsh-patil.1d7a34ca/badges
Nisha,,Lincy,2,/users/nisha-lincy/badges
Ankur,,Sachan,1,/users/ankur-sachan.b6c86dcf/badges
Vishal Popat,,Munguskar,1,/users/vishal-popat-munguskar/badges
Hari,,Ganeshkshatri,2,/users/hari-ganeshkshatri/badges
Bhagabatprasad,,Ojha,5,/users/bhagabatprasad-ojha/badges
Shivam,,Shrivastava,1,/users/shivam-shrivastava.6b7d7102/badges
Suchithra,,P,2,/users/suchithra-p.226ff4e2/badges
Taniya,,Gupta,1,/users/taniya-gupta.3b13015b/badges
Nikitha,,Boorgu,1,/users/nikitha-boorgu/badges
Kiran Kumar,,Bolemari,2,/users/kiran-kumar-bolemari.29141ed9/badges
Srimathi,,T S,1,/users/srimathi-t-s/badges
Rakesh,,Mishra,1,/users/rakesh-mishra.885233cc/badges
Aditya,,Gupta,1,/users/aditya-gupta.b4e0e987/badges
Harish,,Sharma,1,/users/harish-sharma.3bbe3f45/badges
Harichakradhar Reddy,,Gundam,1,/users/harichakradhar-reddy-gundam/badges
Shrutika,,Shripat,2,/users/shrutika-shripat/badges
Lalitha,,Valisetty,1,/users/lalitha-valisetty/badges
Nitin,,Garg,1,/users/nitin-garg.789e4cfd/badges
Jatin,,Garg,1,/users/jatin-garg.cf75e472/badges
Prateek,,Gangwar,1,/users/prateek-gangwar.10239a1b/badges
SHRADHA KUMARI,,TOMER,1,/users/shradha-kumari-tomer/badges
Surya Narayanan,,Gopalan,1,/users/surya-narayanan-gopalan/badges
Swathi,,Padarthi,1,/users/swathi-padarthi/badges
Sravya,,Kamavarapu,2,/users/sravya-kamavarapu/badges
divyanshu,,khare,1,/users/divyanshu-khare.02a99eed/badges
Alimilla,,Abhinandan,1,/users/alimilla-abhinandan.ce17b10f/badges
Protyush,,Bishayee,1,/users/protyush-bishayee.9075a8ae/badges
Mahalakshmi,,Aravamudan,1,/users/mahalakshmi-aravamudan/badges
sandeep,,surendran,1,/users/sandeep-surendran.0cac5593/badges
Arpan,,Mukherjee,5,/users/arpan-mukherjee.3b5b4a38/badges
Anurag,,Mishra,1,/users/anurag-mishra.4a8d04a8/badges
Sehman,,Kabir Khan,1,/users/sehman-kabir-khan/badges
Harsh Deep Kumar,,Deep,1,/users/harsh-deep-kumar-deep/badges
Sushovan,,Das,2,/users/sushovan-das.f36154a7/badges
Hemanth,,Kandula,2,/users/hemanth-kandula/badges
Laveena,,Chaturvedi,1,/users/laveena-chaturvedi/badges
Abhinav,,Shukla,1,/users/abhinav-shukla.f6bd50e1/badges
Sourav,,Chandra,1,/users/sourav-chandra.9624be0c/badges
Sarath,,K,1,/users/sarath-k.249d5338/badges
ADAPALA,,MAHESWARI,2,/users/adapala-maheswari/badges
ajit,,kumar,1,/users/ajit-kumar.781b8f30/badges
Haritha,,V S,1,/users/haritha-v-s.d14e80cf/badges
Revanth,,Anand,1,/users/revanth-anand/badges
Karthik Krishna,,KG,5,/users/karthik-krishna-kg/badges
Greeshma,,P,1,/users/greeshma-p.a3987b4a/badges
Shireesha,,Karanam,1,/users/shireesha-karanam.5af95014/badges
Pavithra,,P,1,/users/pavithra-p.82103510/badges
Abhay,,Pratap SIngh,1,/users/abhay-pratap-singh.dfd1ac4f/badges
Ketavath,Hathi Ram,Naik,1,/users/ketavath-naik/badges
Saisha,,Goel,1,/users/saisha-goel/badges
Ranjit,,Kumar Sahani,1,/users/ranjit-kumar-sahani/badges
Devansh,Dhimant,Shah,1,/users/devanshshah/badges
Chatta,,Naveen,5,/users/chatta-naveen.b8baa456/badges
Bodhiswattwa,,Mojumder,2,/users/bodhiswattwa-mojumder/badges
Rishabh,,Joshi,2,/users/rishabh-joshi.2d8b8c6c/badges
Swati,,Dangi,1,/users/swati-dangi.982fcf18/badges
Sumukha,,Sharma A,1,/users/sumukha-sharma-a/badges
omkar,,vaidya,1,/users/omkar-vaidya.cc3a2e2e/badges
Satakshi,,Sarawagi,3,/users/satakshi-sarawagi/badges
Govind,,Krishnan,1,/users/govind-krishnan-123/badges
K,,Kalyani,1,/users/k-kalyani.f2c7fbe4/badges
Anandh Kumar,,Kaliyamoorthy,1,/users/anandh-kumar-kaliyamoorthy/badges
Rijesh,,K R,1,/users/rijesh-k-r/badges
Kishan,,Kumar,1,/users/kishan-kumar.4881d9c5/badges
Vijay,Kumar,Sisodia,1,/users/vijay-kumar-sisodia/badges
Ankit,,Tayal,1,/users/ankit-tayal.bb8e3473/badges
Rahul,,Singh,1,/users/rahul-singh.cd01105a/badges
Vineet,,Srivastav,1,/users/vineet-srivastav/badges
Aman,,Raj,1,/users/aman-raj.96156182/badges
Vikas,,Rathore,1,/users/vikas-rathore.04703592/badges
PRINCE,,KUMAR,2,/users/prince-kumar.fee4ebd5/badges
Atchaya,,Anbalagan,1,/users/atchaya-anbalagan/badges
Vidhya,,Shaghar,1,/users/vidhya-shaghar/badges
Deepak,,Singh,1,/users/deepak-singh.00f57653/badges
Shubham,,Mahadik,1,/users/shubham-mahadik.b2279c02/badges
Dilip kumar,,Jestadi,2,/users/dilip-kumar-jestadi.62a9e5f4/badges
Bikram Keshari,,Dash,1,/users/bikram-keshari-dash/badges
Bala Manikanta Reddy,,Doma,1,/users/bala-manikanta-reddy-doma.b101b625/badges
Venkateshvar,,Mishra,1,/users/venkateshvar-mishra.33eb8f3a/badges
Srikanth,,Manoharan,1,/users/srikanth-manoharan/badges
Punnam,,Prathyusha,1,/users/punnam-prathyusha/badges
V Ajit Kumar,,Raju,1,/users/v-ajit-kumar-raju/badges
U Sagar,,Patra,1,/users/u-sagar-patra.ae469491/badges
Akash,,Parmar,1,/users/akash-parmar.a4238da8/badges
Subhashini,,Veeramani,1,/users/subhashini-veeramani/badges
Sai Swaroop,,Rayaprolu,1,/users/sai-swaroop-rayaprolu/badges
Umika,,Santoshini,1,/users/umika-santoshini/badges
Ankit,,Saurav,1,/users/ankit-saurav.e262d3e7/badges
Ronit,,Khurana,1,/users/ronit-khurana.b711b9d0/badges
Harsh,,Sonkar,1,/users/harsh-sonkar.aecee336/badges
Saurajit,,Das,1,/users/saurajit-das/badges
Khushboo,,Singh,1,/users/khushboo-singh.6812b6fc/badges
Monalin,,sahoo,1,/users/monalin-sahoo/badges
Anand,,Ghangoria,1,/users/anand-ghangoria/badges
TATSAT,,PANDEY,1,/users/tatsat-pandey/badges
Dinesh,,Babu S,1,/users/dinesh-babu-s.5fa4cfec/badges
Aishwarya,,Telkar,1,/users/aishwarya-telkar/badges
Ravi Kumar,,P,1,/users/ravi-kumar-p.377b0f2a/badges
Vaibhav,,Srivastava,1,/users/vaibhav-srivastava.e85954b2/badges
Yogeshwar,,Panneerselvam,1,/users/yogeshwar-panneerselvam/badges
PALACHARLA,,THATHAMMADORA,1,/users/palacharla-thathammadora/badges
Karthikraman,,S,1,/users/karthikraman-s/badges
Rahul,,Katara,1,/users/rahul-katara.1cefae97/badges
Snehal,,Bhogawade,3,/users/snehal-bhogawade/badges
SIVA,REDDY,PADALA,1,/users/psivareddy/badges
Subhasish,,Mukhopadhyay,1,/users/subhasishmukhopadhyay/badges
Gurnish,,Kohli,1,/users/gurnish-kohli/badges
Dharmender,,Chauhan,1,/users/dharmender-chauhan/badges
Hariram,,Siyama Sekaran,1,/users/iamharistr/badges
Arjun,,N,1,/users/arjun-n.ebe55a9c/badges
Aakash,,Verma,1,/users/aakash-verma.4e957d29/badges
Shruti,,Jain,1,/users/shruti-jain.14bca13b/badges
SAYANTAN,,CHOUDHURY,1,/users/sayantan-choudhury.b82e773a/badges
sandhyarani,,barik,1,/users/sandhyarani-barik.37f39bf8/badges
BOTTA,,SUVARSHA,1,/users/botta-suvarsha/badges
Jayati,,Varshney,1,/users/jayati-varshney/badges
Souvik,,Senapati,1,/users/souvik_senapati/badges
KAAVIA,,M S,1,/users/kaavia-m-s/badges
Ramani,,Govindaraju,1,/users/ramani-govindaraju/badges
Koustav,,Chatterjee,1,/users/koustav-chatterjee.e99ead21/badges
Gautam,,Singh,1,/users/gautam-singh.d630dd1b/badges
Pujitha,,Munjeti,1,/users/pujitha-munjeti.556c8a91/badges
Rajasree,,Thirumurugan,1,/users/rajasree-thirumurugan/badges
Ashwin,,Kumar K,2,/users/ashwin-kumar-k.57712896/badges
GOWTHAM,,P,1,/users/gowtham-p.afe03178/badges
Preeti,,Pillay,1,/users/preeti-pillay/badges
Achyuth Kumar Reddy,,Banda,1,/users/achyuth-reddy-banda/badges
Maheen,,Shaikh,2,/users/maheen-shaikh.babaad5f/badges
Anjaly,,Muraleedharan,1,/users/anjaly-muraleedharan/badges
reddy,,purushotham,1,/users/reddy-purushotham.68973463/badges
Diksha,,Diksha,1,/users/diksha-diksha.2c4fa951/badges
Swetha,,KS,1,/users/swetha-ks.9f6caef1/badges
Gaurav,,Aggarwal,1,/users/gaurav-aggarwal.0477af1c/badges
Sandip Shankarrao,,Dhakate,1,/users/sandip-shankarrao-dhakate/badges
Akash,,Soni,1,/users/akash-soni.489b2191/badges
Sahukari,,Prasanna Kumari,1,/users/sahukari-prasanna-kumari/badges
Vinod,,Thadakaluri,1,/users/vinod-thadakaluri.05f07428/badges
Deepak,,Singh,1,/users/deepak-singh.1385ca48/badges
Pinjari,,Dastagiri,1,/users/pinjari-dastagiri.97eab10b/badges
Aradhana,,Singhal,1,/users/aradhana-singhal/badges
Sourav,,Ghosh,1,/users/sourav-ghosh.7f712b02/badges
Arpit,,Pareek,1,/users/arpit-pareek/badges
Nipun,,Kumar,1,/users/nipun-kumar.e9a1ae2f/badges
sindhu,,reddy,1,/users/sindhu-reddy.4a43fb90/badges
Hidayathullah,,Mohamed Jaleel,2,/users/hidayathullah-mohamed-jaleel/badges
MANIKANDAN,,B,1,/users/manikandanb/badges
ashish,,mishra,1,/users/ashish-mishra.5152cb80/badges
Satwiki,,De,1,/users/satwiki-de.12597394/badges
Mithra Elsa,,Thomas,2,/users/mithra-elsa-thomas.e115fd2b/badges
Chirag,,Bamania,1,/users/chirag-bamania/badges
Akirsha,,Reji,1,/users/akirsha-reji/badges
Prabhjot Kaur,,Kalsi,1,/users/prabhjot-kaur-kalsi/badges
Kodyaram,,Navya,1,/users/kodyaram-navya.0ee3c85f/badges
Hemant,,Patil,1,/users/hemant-patil.7ca1e823/badges
Komal,,Dave,2,/users/komal-dave.2295084f/badges
Sudharsan,,Raj V,1,/users/sudharsan-raj-v/badges
Abhipriya,,De,1,/users/abhipriya-de/badges
Yashika,,Adlak,1,/users/yashika-adlak/badges
Maria,,Babu k,1,/users/maria-babu-k/badges
pranitha,,maddi,1,/users/pranitha-maddi.155bad9c/badges
Nikhil Sai,,Soma,1,/users/nikhil-sai-soma.cc7c3dc1/badges
Thanneru,,Ranga Narayana Swamy,1,/users/thanneru-ranga-narayana-swamy/badges
yasaswini,,kosanam,1,/users/yasaswini-kosanam/badges
Lakshmi,,Lavanya,1,/users/lakshmi-lavanya.16ea51fe/badges
Gayatri,,polisetty,1,/users/gayatri-polisetty.956fa508/badges
Saibharath,,Mallypally,2,/users/saibharath-mallypally.7de73abe/badges
Yukta,,Kakde,2,/users/yukta-kakde/badges
Kavya,,Goluguri,1,/users/kavya-goluguri/badges
Bodanapu,,Charvitha,1,/users/bodanapu-charvitha/badges
Ashish,Simon,Verma,1,/users/ashish-verma.5a1be574/badges
Abhilasha,,Jha,1,/users/abhilasha-jha.235a0c86/badges
adarsh,,dev,1,/users/adarsh-dev.a8a4a0a9/badges
Miayanka,,Aggarwal,1,/users/miayanka-aggarwal/badges
Dinesh,,G D,1,/users/dinesh-g-d.cd0f2ceb/badges
Neha,,Kshirsagar,1,/users/neha-kshirsagar.3604e51f/badges
Vijay,,Priyan R,1,/users/vijay-priyan-r.f7391ebd/badges
Syeda,,Rana,1,/users/syeda-rana.bf5922cd/badges
SUGNANA,,SHIVAMURTHY,1,/users/sugnana-shivamurthy/badges
Gajula,,Kumar,1,/users/gajula-kumar/badges
Sivarama Krishnan,,Prushothaman,1,/users/sivarama-krishnan-prushothaman.4c0f1f46/badges
Prashanti,,adluri,1,/users/abhiram-prashu/badges
Masthanvali,,Shaik,1,/users/masthanvali-shaik.c1499218/badges
Mounika,,Yemula,1,/users/mounika-yemula/badges
Tashin,,Thomas,1,/users/tashin-thomas.ae0696a1/badges
Haridhar,,B,1,/users/haridhar-b/badges
Dhurgashree,,I,1,/users/dhurgashree-i.be5202ac/badges
Kishan,,Kumar,1,/users/kishan-kumar.41271d5f/badges
SHANTANU,,BHATTACHARYA,1,/users/shantanu-bhattacharya.691613e9/badges
Ravi,,Aggarwal,1,/users/ravi-aggarwal.e0d16068/badges
Avinash,,Kumar,1,/users/avinash-kumar.f55dc5ce/badges
Arun,,Sunny,1,/users/arun-sunny.12d50a3f/badges
Dnyanesh,,Gote,1,/users/dnyanesh-gote.7a7b516e/badges
Vijay,,.,5,/users/vijay.b7150ac2/badges
Aman,,Raj,1,/users/aman-raj.af7db892/badges
KOTHAPALLY SHIVANI,,.,1,/users/kothapally-shivani/badges
Mondem,,Kumar yadav,1,/users/mondem-kumar-yadav/badges
Samit,,Mondal,1,/users/samit-mondal.053b8f39/badges
Omkar,,Bhor,1,/users/omkar-bhor.8543f0fd/badges
Mohd Daneyal Hasan,,Lari,1,/users/mohd-daneyal-hasan-lari/badges
Prudhvi,,Potharaju,1,/users/prudhvi-potharaju/badges
Kavya,,Angirekula,1,/users/kavya-angirekula/badges
Shivani,,YN,1,/users/shivani-yn/badges
Ratnesh,,Vyas,1,/users/ratnesh-vyas/badges
Manish,,sharma,1,/users/manish-sharma.b9dda414/badges
ramesh,,pandian,1,/users/ramesh-pandian.df0172e9/badges
Pabbati,,Priyanka,1,/users/pabbati-priyanka/badges
Sachin,,Singh,1,/users/sachin-singh.677e055a/badges
Mayuresh,,Choudharkar,1,/users/mayuresh-choudharkar/badges
Prajjal,,Roy,1,/users/prajjal-roy.2bc3785f/badges
Uma,,Mutyala,1,/users/uma-mutyala/badges
Saranya,,D,1,/users/saranya-d.b6e299ae/badges
kiruba shankar,,L,1,/users/kiruba-shankar-l/badges
surinder,,kaur,1,/users/surinder-kaur.97574094/badges
Mounesh,,Pattar,1,/users/mounesh-pattar.b7896cbd/badges
Praveen,,Kumar,1,/users/praveen-kumar.84a1a9a9/badges
Yamuna,,Gurugubilli,1,/users/yamuna-gurugubilli/badges
Sreedevi,,S,1,/users/sreedevi-s.b79e1253/badges
Senthilchandrasekar,,Thangaraj,2,/users/senthilchandrasekar-thangaraj/badges
Rajamanohari,,PM,1,/users/rajamanohari-pm/badges
Soumyajit,,Das,1,/users/soumyajit-das.e03f5361/badges
Praveen,,Sreepada,1,/users/praveen-kumar.445c35db/badges
gunavathi,,s,1,/users/gunavathi-s.b5170d78/badges
Apoorva,,Sree,1,/users/apoorva-sree.69d03467/badges
ARUNKUMAR,,K,1,/users/arunkumar-k.7916ecb2/badges
Devi,,Penaganti,1,/users/devi-penaganti/badges
Rahul,,Bhairamatti,1,/users/rahul-bhairamatti/badges
Shristy,,Priyadarshini,1,/users/shristy-priyadarshini.432eaeb9/badges
Mayursinh,,Raulji,1,/users/mayursinh-raulji/badges
Srikanth,,Kasa,1,/users/srikanth-kasa.04da5ef1/badges
Manas,,Dey,1,/users/manas-dey.c8cc74e5/badges
Sabarenathan,,D,1,/users/sabarenathan-d/badges
SUBBAREDDY,,CHANGA,2,/users/subbareddy-changa.37c6532f/badges
Rekha,,Pandey,1,/users/rekha-pandey.c1758bcb/badges
Rahul,,R,1,/users/rahul-r.b41336c0/badges
Abhishek,,Varun,1,/users/abhishek-varun.6ea54a54/badges
K S,,Soorya,2,/users/k-s-soorya.e8565bca/badges
Aarthi,,Subramani,1,/users/aarthi-subramani.5523b2ed/badges
Vishal,,Gupta,1,/users/vishal-gupta.638b33f0/badges
Suraj,,Das,1,/users/suraj-das.6615becf/badges
Bhavin,,Neema,1,/users/bhavin-neema/badges
vipin,,jain,1,/users/vipin-jain.07acf614/badges
Revathi,,Nandam,1,/users/revathi-nandam/badges
Siddhesh,,Padwal,1,/users/siddhesh-padwal/badges
SINDU,,BALAMURUGAN,1,/users/sindu-balamurugan/badges
Sujina,,Mutyala,1,/users/sujina-mutyala/badges
Sachin,,Yadav,1,/users/sachin-yadav.4b25e793/badges
Akshay,,Bramhankar,1,/users/akshay-bramhankar/badges
Jugu Dannie,,Sundar,1,/users/jugu-sundar/badges
VS,,Dharshan,1,/users/vs-dharshan/badges
Soumyodipta,,Ganguly,1,/users/soumyodipta-ganguly/badges
Ajay,,Singh,1,/users/ajay-singh.26737519/badges
Aadesh,,Gulumbe,1,/users/aadesh-gulumbe/badges
SUMAYYA,,V A,1,/users/sumayya-v-a/badges
Mihir,,Gaikwad,1,/users/mihir-gaikwad/badges
Jadhav,,Devidas,1,/users/jadhav-devidas/badges
Shalini,,Nair,1,/users/shalini-nair.404007cc/badges
Archana,,Vasumathy,1,/users/archana-vasumathy/badges
Sworaj,,Sahoo,1,/users/sworaj-sahoo/badges
Yash,,Rana,1,/users/yash-rana.bfe30474/badges
Saket,,Raina,1,/users/saket-raina/badges
Bathrinath,,Sekar,1,/users/bathrinath-sekar/badges
Abhishek,,Dubey,1,/users/abhishek-dubey.f4249f44/badges
msd,,Crm,1,/users/msd-crm/badges
Kuladeep,,Kondala,1,/users/kuladeep-kondala/badges
Kanchan,,Pawar,1,/users/kanchan-pawar.1b71e232/badges
Arindam,,Dey,1,/users/arindam-dey.c761a661/badges
Manish,,Kumar,1,/users/manish-kumar.759a51d5/badges
sayandutta097@gmail.com,,Datta,1,/users/sayandutta097-gmail-com-datta/badges
RAMJI B,,23CS139,1,/users/ramji-b-23cs139/badges
Harisha,,Loya,1,/users/harisha-loya/badges
Sanjana,,Thotakura,2,/users/sanjana-thotakura/badges
Sherlin,,Shaji,1,/users/sherlin-shaji.1121258d/badges
Durga,,Thakur,1,/users/durga-thakur.fbb6d43e/badges
Jince,,George,1,/users/jince-george.ef508ecc/badges
Saranya,,Ambalavanan,1,/users/saranya-ambalavanan/badges
Gopal,,Negi,1,/users/gopal-negi/badges
Vani,,Jinka,1,/users/vani-jinka/badges
Yogashree,,Samal,1,/users/yogashree-samal.e042b866/badges
Aditya,,Raj,1,/users/aditya-raj.de7f9bf5/badges
Gaurav,,Kumar,1,/users/gaurav-kumar.fc5407e0/badges
Sai Bhavani Saniya,,Konjeti,1,/users/sai-bhavani-saniya-konjeti.f2b5cd28/badges
Selva Saravanan,,S,1,/users/selva-saravanan-s/badges
Jayesh,,Patil,1,/users/jayesh-patil.eb8d5542/badges
Snehil,,Sharma,1,/users/snehil-sharma.18cb2924/badges
Bhavya,,Palla,1,/users/bhavya-palla/badges
Pratik,,Panda,1,/users/pratik-panda.e2728625/badges
Mr. Nitin,,Bhadane,1,/users/mr-nitin-bhadane/badges
Avinash,,Mishra,1,/users/avinash-mishra.25c9873a/badges
Kumar Sanu,,Lal,1,/users/kumar-sanu-lal.3e603180/badges
Ayisha Farhin,,S,1,/users/ayisha-farhin-s/badges
Anumula,,SaiRam,1,/users/anumula-sairam.bf666f10/badges
Saksham,,Uniyal,1,/users/saksham-uniyal.43e5bddf/badges
Khush,,Tiwari,1,/users/khush-tiwari/badges
Ankita,,Verma,1,/users/ankita-verma.70a0c93e/badges
Harsh,,Bedarkar,1,/users/harsh-bedarkar.e4ae4b43/badges
Harmanjit,,Singh,1,/users/harmanjit-singh.4e6122e0/badges
Aditya,,Pola,1,/users/aditya-pola.ebf67e19/badges
Venuka Rani,,Lokanadham,1,/users/venuka-rani-lokanadham.18b1dfb7/badges
Himanshu,,Pandey,1,/users/himanshu-pandey.959419c5/badges
Vivek,Kumar,Agrawal,1,/users/vivek-agrawal.810144c2/badges
Shivam,,Thorat,1,/users/shivam-thorat.d313fee0/badges
Ashish,,Verma,1,/users/ashish-verma.321f9606/badges
NAVEENA,,PININTI,1,/users/naveena-pininti/badges
Shubham,,Patil,1,/users/shubham-patil.8b7347e7/badges
JAYA SAI CHANDER,,BONTHU,1,/users/jaya-sai-chander-bonthu.8bb58c95/badges
Bommepalli,,Shanthi,1,/users/bommepalli-shanthi.af0c8904/badges
Vankireddy,,Niharika,1,/users/vankireddy-niharika/badges
Dhruv,,Sinha,1,/users/dhruv-sinha.0682eb57/badges
Gourav,,.,1,/users/gourav.217eb97e/badges
Nikhil,,Kashyap,1,/users/nikhil-kashyap.5217848b/badges
Sanket,,Dhabale,1,/users/sanket-dhabale.53014cd9/badges
Nidhi,,Chourasia,1,/users/nidhi-chourasia.b63fd0be/badges
Sreekanth,,R,1,/users/sreekanth-r.d5afa6ad/badges
Rajvee,,Khatiwala,1,/users/rajvee-khatiwala/badges
Syed,,Mubeena,1,/users/syed-mubeena.db68e10e/badges
Lasya Priya,,Nallathimmagari,1,/users/lasya-priya-nallathimmagari/badges
Sreelal,,Hamsavahanan,1,/users/sreelal-hamsavahanan/badges
Suravi,,Modak,1,/users/suravi-modak/badges
Manik,,Soni,1,/users/manik-soni.b9cc3f61/badges
Venkata Narendra,,Kalva,1,/users/venkata-narendra-kalva/badges
Deepika,,Edakkoth,1,/users/deepika-edakkoth/badges
Bhushan,,Rakshe,1,/users/bhushan-rakshe.492e1b11/badges
Amandeep,Singh,Virdi,1,/users/amandeep-virdi.a23e6b1b/badges
Sanjukta,,Banerjee,1,/users/sanjukta-banerjee.b60ed99c/badges
Anuja,,George,1,/users/anuja-george.3757fcb5/badges
Venkatesh,,Polisetty,1,/users/venkatesh-polisetty.023e2b64/badges
Omkar,,Cherekar,1,/users/omkar-cherekar.5edcff1b/badges
Kunal,,Mitra,1,/users/kunal-mitra.b0d91cc1/badges
Deepak,,Palangadan,1,/users/deepak-palangadan.6ad41580/badges
Narendra,,Harariya,1,/users/narendra-harariya.f92f6667/badges
vishvani,,jilukara,1,/users/vishvani-jilukara.110494d6/badges
Rabindra,,Paikaray,1,/users/rabindra-paikaray/badges
Yasaswi,,Ippili,1,/users/yasaswi-ippili.c5867056/badges
Hema Naga Rama Bhavani,,Velagala,1,/users/hema-naga-rama-bhavani-velagala/badges
ashu,,singh,1,/users/ashu-singh.0974c041/badges
Shanu,,Preethi,1,/users/shanu-preethi/badges
Maanya,,K V,1,/users/maanya-k-v/badges
Kalaiselvam,,S,1,/users/kalaiselvam-s.e5918cbe/badges
Ayushri,,Jain,1,/users/ayushri-jain/badges
Ankit,,Jha,1,/users/ankit-jha.fa1e46e8/badges
Pulkit,,Shukla,1,/users/pulkit-shukla.e789ad7c/badges
Mohammed,,Basheer K,1,/users/mohammed-basheer-k/badges
Manas Ranjan,,Mishra,1,/users/manas-ranjan-mishra/badges
Sampath Lavanya,,Kommana,1,/users/sampath-lavanya/badges
M,,Raghu Kiran,1,/users/m-raghu-kiran/badges
Dangeti,,Sai Gayatri Vishwesh,1,/users/dangeti-sai-gayatri-vishwesh/badges
KAILASH NARAYAN,,KIRADU A,1,/users/kailash-narayan-kiradu-a/badges
SRI RAM,,SOMA,1,/users/sri-ram-soma/badges
Manjunath,,M S,1,/users/manjunath-m-s.aa70e53b/badges
C,,Namita,1,/users/c-namita.23c82e3f/badges
Abhishek,,Singh,1,/users/abhishek-singh.a20158f6/badges
Sayooj,,K C,1,/users/sayooj-k-c.b4dc05dd/badges
MURUGANANTHAM,,PANDI,1,/users/muruganantham-pandi.9c56a69b/badges
vishal,,joga,1,/users/vishal-joga/badges
Yash,,Bansal,1,/users/itsyashbansal/badges
Kirti,,Shirwayya,1,/users/kirti-shirwayya/badges
Navami,,Gopan,1,/users/navami-gopan.b033e66c/badges
SOUMYARANJAN,,SAHOO,1,/users/soumyaranjan-sahoo.a74fb78e/badges
Saranya,,H,1,/users/saranya-h.296311c8/badges
Aryan,,Parashar,1,/users/aryan-parashar.561432c6/badges
Hepsi,,P,1,/users/hepsi-p/badges
Mahesh,,Mallisetty,1,/users/mahesh-mallisetty/badges
BISMAYA,,VIKASH,1,/users/bismaya-vikash/badges
Piyusha,,Pawar,3,/users/piyusha-pawar.15559a21/badges
Kavya,,Suvvada,1,/users/kavya-suvvada/badges
Marshall Britto,,Muthamil Selvan,1,/users/marshall-britto-muthamil-selvan/badges
Pragati,,Navale,2,/users/pragati-navale.41d28d76/badges
Himanshu,,Tiwari,1,/users/himanshu-tiwari.1af3320d/badges
Arnas,,Sinha,1,/users/arnas-sinha/badges
Harieni,,Gurumoorthy,1,/users/harieni-gurumoorthy/badges
Rajesh,,Shinde,1,/users/rajesh-shinde.9242c5b4/badges
Abinaya Sri,,V,1,/users/abinaya-sri-v.997b17d5/badges
Amalita,,Bose,1,/users/amalita-bose.5ab8b69e/badges
Kishorekumar,,Pattabiraman,1,/users/kishorekumar-pattabiraman/badges
RAMKUMAR,,K,1,/users/ramkumar-k.65676427/badges
Krishna,,Sankarasetty,2,/users/krishna-sankarasetty/badges
Urvashi,,Dhar,1,/users/urvashi-dhar.135f1561/badges
SANTHOSH KUMAR,,K,1,/users/santhosh-kumar-k.c47e7346/badges
Prathap,,P,1,/users/prathap-p.523cb657/badges
Aiswarya,,Vijayan Nair Amminiamma,1,/users/aiswarya-vijayan-nair-amminiamma.a8883694/badges
TOTAN,,Hazra,1,/users/totan-hazra.6127dca5/badges
Vinayan,,M,1,/users/vinayan-m.cdffbd3f/badges
Sanjay,,Singh,1,/users/sanjay-singh.fcb0f3b2/badges
Manas,,Munda,1,/users/manas-munda/badges
Rajesh,,Jammalamadaka,1,/users/rajesh-jammalamadaka/badges
Diti,,Saxena,1,/users/diti-saxena/badges
Manorakesh,,Chethi,1,/users/manorakesh-chethi/badges
Lious,,Baby,1,/users/lious-baby/badges
Tejas,,Vatave,1,/users/tejas-vatave/badges
raj,,hawaldar,1,/users/rajhawaldar/badges
Paras,,Lalchandani,1,/users/paras-lalchandani.d18dfff6/badges
Abinaya,,Sampath,1,/users/abinaya-sampath.9dbc668f/badges
Tusar,,Chakravarty,2,/users/tusar-chakravarty/badges
Annie,,Gharami,1,/users/annie-gharami.0befcc68/badges
ashwin,,bhat,1,/users/ashwin-bhat.acd20405/badges
Pavani,,Anne,1,/users/pavani-anne.5c1cfba0/badges
Pavani,,Vuppu,1,/users/pavani-vuppu/badges
Sandeep,,Patel K A,1,/users/sandeep-patel-k-a/badges
mohil,,dhadge,1,/users/mohil-dhadge/badges
Sushma,,Nandiyawar,1,/users/sushma-nandiyawar/badges
Kirankumar,,Doifode,1,/users/kirankumar-doifode/badges
Ganesh Prabu,,Baburaj,2,/users/ganeshprabubaburaj/badges
Sanjukta,,Dey,1,/users/sanjukta-dey.8dada84f/badges
ankur,,Sharma,1,/users/ankur-sharma.3dfe1b5a/badges
anamika,,tiwari,1,/users/anamika-tiwari.c7265375/badges
Pratham,,Jaiswal,2,/users/pratham-jaiswal.cb683f51/badges
Arulram,,Rajamanickam,2,/users/arulram-rajamanickam.8144828d/badges
Amrit,,Mishra,1,/users/amrit-mishra.2c655bde/badges
jishnu,,Balachandran,1,/users/jishnu-balachandran/badges
arun,,sharma,1,/users/arun-sharma.f2d784cd/badges
Tuttagunta,,Narasa Lakshmi Sreya,1,/users/tuttagunta-narasa-lakshmi-sreya/badges
SAUGATA,,CHATTERJEE,1,/users/saugata-chatterjee.9b4b0c80/badges
Anand,,Ranjan,1,/users/anand-ranjan.8e1f2598/badges
Prashant,,Kumar,1,/users/prashant-kumar.25be5032/badges
Dhruv,,Chawla,1,/users/dhruv-chawla.b6d55589/badges
Shrayans,,Jain,1,/users/shrayans-jain.8ae81b41/badges
Kirti,,Nama,1,/users/kirti-nama/badges
Mudrika,,Khemka,1,/users/mudrika-khemka/badges
Amar,,B M,1,/users/amar-b-m/badges
Balu,,Vanaraj,1,/users/balu-vanaraj.4ce7304b/badges
Jitendra,,Chaturvedi,1,/users/jitendra-chaturvedi.66a298cd/badges
Abhilash,,Nair,2,/users/abhilash-nair.e7333230/badges
Prem Kumar,,Gunasekaran,1,/users/prem-kumar-gunasekaran/badges
Prasanthi,,Marella,1,/users/prasanthi-marella/badges
Durgadutta,,Das,1,/users/durgadutta-das.e2613878/badges
KETAN,,VAIDYA,1,/users/ketan-vaidya.98362edf/badges
Sagar,,Kaushik,1,/users/sagar-kaushik.bc976537/badges
Kaviya,,A,1,/users/kaviya-a.3b5c1fb4/badges
Utkarsh,,Dhande,1,/users/utkarsh-dhande/badges
Anurag,,Mankar,1,/users/anurag-mankar.84fcd318/badges
Yash,,Chowdhary,1,/users/yash-chowdhary.77dcf950/badges
Himabindu,,Todupunuri,1,/users/himabindu-todupunuri/badges
Prakash,,Kushwah,1,/users/prakash-kushwah.cd0b6777/badges
Mithilesh,,Yadav,1,/users/mithilesh-yadav.a0ea5a46/badges
Venkata Ravi,,Yerragadda,1,/users/venkata-ravi-yerragadda/badges
Venkatesan,,M,1,/users/venkatesan-m.e30183ee/badges
Sivapriya,,Sundaramurthy,1,/users/sivapriya-sundaramurthy/badges
Hemanth,,Gaduparthi,1,/users/hemanth-g.a8eb5857/badges
Chennamareddygari,,Lahari,1,/users/chennamareddygari-lahari/badges
Asswin,,R,1,/users/asswin-2005/badges
Joel,,A,1,/users/joel-anthonysamy/badges
ANIL,,VHATKAR,1,/users/anil-vhatkar/badges
Ancy,,-,1,/users/ancy.285042ed/badges
Dhruv,,Jain,1,/users/dhruv-jain.6d56a2fd/badges
Vishal,,Raman,1,/users/vishal-raman/badges
Brunda,,HN,1,/users/brunda-hn.3a734c62/badges
V,,ATHITHYAN,1,/users/athithyan_v/badges
VIVEK,,T K,1,/users/vivek-t-k.dcbed25f/badges
Apeksha,,kamble,1,/users/apeksha-kamble.18a92a18/badges
Sai,,Naveen,1,/users/sai-naveen.cc978ea3/badges
Mann,,Bajpai,1,/users/mann-bajpai.2f307c57/badges
Ragulraj,,E,1,/users/ragulraj-e/badges
shafeeque,,msc,1,/users/shafeeque-msc/badges
Bharanidharan,,B,1,/users/bharanidharan-b.ffa76191/badges
Tushar,,Sharma,1,/users/tushar-sharma.ce319bad/badges
Lokesh,,Beri,1,/users/lokesh-beri/badges
Aman,,Mohammad,1,/users/aman-mohammad.115e071c/badges
Priya,,Sharma,1,/users/priya-sharma.9aa35b44/badges
Aditya,,Kumar,1,/users/adityakumar29/badges
SNEHA,,AJ,1,/users/sneha-aj/badges
manoj,,kumar,5,/users/manoj-kumar.86c74d79/badges
MANISH,,DASGUPTA,1,/users/manish-dasgupta.9b4a759f/badges
Abhishek,,Kulshrestha,2,/users/abhishek-kulshrestha.5d7278da/badges
Vishali,,Ramalingam,1,/users/vishali-ramalingam.1e55e22a/badges
Sayak,,Bose,1,/users/sayak-bose/badges
Amey,,Mhatre,2,/users/amey-mhatre.11128abf/badges
nandini,,sahu,1,/users/nandini-sahu.0af998d7/badges
Saswata,,Chatterjee,1,/users/saswata-chatterjee.763899ab/badges
Anshu,,Sharma,1,/users/anshu-sharma.efd71548/badges
Vishal,,Purane,1,/users/vishal-purane/badges
Diptendu,,Maiti,1,/users/diptendu-maiti.439691bb/badges
RAJEENDRAN,,U,2,/users/rajeendran-u/badges
purva,,deshbhratar,1,/users/purva-deshbhratar.3a8c35ae/badges
Roja,,Hanumantharaju,1,/users/roja-hanumantharaju/badges
Monisha,,B G,1,/users/monisha-b-g/badges
Gargi,,Ulman,1,/users/gargi-ulman.a899f6aa/badges
Immadi,,Srilekha,1,/users/immadi-srilekha/badges
Aditya,,Nair,1,/users/aditya-nair.00cb70c7/badges
Sandeep,,Shetty,1,/users/sandeep-shetty.3b571dd1/badges
Lokesh,,Reddy,1,/users/lokesh-reddy.9474ca16/badges
Prateek,,Pande,1,/users/prateek-pande.d152367f/badges
Palem,,Sai Keerthana,1,/users/palem-sai-keerthana/badges
vignesh,,waran,1,/users/vignesh-waran.dc4ff6c5/badges
Moses Jebakumar,,P,1,/users/moses-jebakumar-p.bc3b0e9e/badges
Maniarasi,,A,1,/users/maniarasi-a/badges
Arun Kishore,,Voleti,1,/users/arun-kishore-voleti/badges
Akshay,,Kare,1,/users/akshay-kare/badges
Shashi,,Kant,1,/users/shashi-kant.e04206f9/badges
Sravani,,Mallula,1,/users/sravani-mallula.e0cbb36f/badges
Anil Kumar,,Upadhyay,1,/users/anil-kumar-upadhyay/badges
Kavita,,Thakkar,2,/users/kavita-thakkar.e8b27df6/badges
Pratik,,Singh,1,/users/pratik-singh.517050e6/badges
Ashutosh,,Dash,1,/users/ashutosh-dash.482835f1/badges
Sumit,,Kumar,1,/users/sumit-kumar.8c37d04c/badges
Priyanka,,V K,2,/users/priyanka-v-k.426c3231/badges
Manu,,Raphy,3,/users/manu-raphy/badges
Rohit,,Bhardwaj,1,/users/rohit-bhardwaj.7949dd18/badges
Prakhar,,Shukla,1,/users/prakhar-shukla.ae3fa437/badges
Padmavathi,,Vasudevan,1,/users/padmavathi-vasudevan/badges
Nitheesh,,Banala,1,/users/nitheesh-banala/badges
Saurabh,,Pathak,1,/users/saurabh-pathak.412d9592/badges
Leela Naga Ramya,,Karri,1,/users/leela-naga-ramya-karri/badges
Ashifa,,M,1,/users/ashifa-m.7cccb31f/badges
Shubham,,Patawkar,2,/users/shubham-patawkar/badges
Rajshekhar,,Jagadi,1,/users/rajshekhar-jagadi/badges
Nilesh,,Shinkar,1,/users/nilesh-shinkar.36e6ceea/badges
Karthik,,MP,1,/users/karthik-mp/badges
Aiswarya,,K,1,/users/aiswarya-k/badges
Vivek,,Utture,1,/users/vivekjutture/badges
Varun,,Nair,1,/users/varun-nair.53a3097c/badges
Sourav,,De,1,/users/sourav_de/badges
Jaydeep,,Jain,1,/users/jaydeep-jain.681b1529/badges
Ashutosh,,Agrawal,1,/users/ashutosh-agrawal.6261a76f/badges
jaffi,,A,1,/users/jaffi-a/badges
Srinath,,Ganesh,2,/users/srinath-ganesh.32fcf2e6/badges
Adithya,,Gaurav,2,/users/adithya-gaurav.25b14c55/badges
Abhishek,,S R,1,/users/abhishek-s-r.ad997bd3/badges
Trupti,,Pattanayak,1,/users/trupti-pattanayak/badges
RAHUL,,SINGH,1,/users/rahul-singh.2e7e8e12/badges
snehanjali,,vangala,1,/users/snehanjali-vangala/badges
Alok,,Kumar,1,/users/alok-kumar.060923a9/badges
Ayes,,Mohanty,1,/users/ayes-mohanty.fc7c6ad2/badges
Abinaya,,Rathinam,1,/users/abinaya-rathinam/badges
Anshu kumar,,Gupta,1,/users/anshu-kumar-gupta/badges
Mithun,,Varshan S,1,/users/mithun-varshan-s/badges
Cherma,,Deepa,1,/users/cherma-deepa/badges
Smirthi,,Sundar,1,/users/smirthi-sundar.a6f78457/badges
Nitika,,Singh,1,/users/nitika-singh.c6b5aebd/badges
Nandini,,TM,1,/users/nandini-tm.a8b5bca1/badges
navakotla,,hema latha,1,/users/navakotla-hema-latha/badges
Soumili,,Rakshit,1,/users/soumili-rakshit.655e00bc/badges
Anjali,,Pradeep,1,/users/anjali-pradeep.39d23b2c/badges
Biprojit,,Dey,1,/users/biprojit-dey.90624b83/badges
Chintala,,Anusha,1,/users/chintala-anusha/badges
Pranav,,P,1,/users/pranav-p.34ea79fc/badges
Ritika,,Chaturvedi,1,/users/ritika-chaturvedi.fd037e57/badges
Moutharanya,,M,1,/users/moutharanya-m/badges
Devi,,T K,1,/users/devi-t-k/badges
Nupoor,,Bhandarkar,1,/users/nupoor-bhandarkar.4ebe977b/badges
Vineetha,,P,1,/users/vineetha-p.452be824/badges
Anubhuti,,Mishra,1,/users/anubhuti-mishra.0fd1635d/badges
Rahul,,Mishra,5,/users/imrahul2/badges
Mathew,,Peter,1,/users/mathew-peter.5c5e7c11/badges
Bhaskar,,Bhandari,1,/users/bhaskar-bhandari/badges
Priyanka,,Verma,1,/users/priyanka-verma.b58abbd5/badges
Araveeti,,varalakshmi,1,/users/araveeti-varalakshmi/badges
Vinoj,,Kumar,1,/users/vinoj-kumar.9a9bb421/badges
Hemanth,,Thatha,1,/users/hemanth-thatha/badges
Patlolla,,Jhansi Laxmi,1,/users/patlolla-jhansi-laxmi.834fb21a/badges
Yaswanth Prasad,,Gandi,1,/users/yaswanth-prasad-gandi/badges
Riyas,,KA,1,/users/riyas-ka/badges
Rithesh,,Kumble,2,/users/rithesh-kumble/badges
Tabassum,,Mujawar,1,/users/tabassum-mujawar.e67eb80c/badges
Alex,,Andrews,1,/users/alex-andrews.e12a7e06/badges
Nikhil,,Tawdare,1,/users/nikhil-tawdare/badges
harika,,cherukuri,1,/users/harika-cherukuri.b730c2ac/badges
Mounika,,Yannam,1,/users/mounika-yannam.0663bcab/badges
Gaurav,,Bhardwaj,1,/users/gaurav-bhardwaj.2beab1cf/badges
Majji,,Sankararao,1,/users/majji-sankararao/badges
Meghana,,Sorra,1,/users/meghana-sorra.659274e2/badges
Mugila,,Nachimuthu,1,/users/mugila-nachimuthu/badges
Srushti,,Khandade,3,/users/srushti-khandade/badges
Sangappa Vignesh,,Thamide,1,/users/sangappa-vignesh-thamide/badges
Atharva,,Patil,1,/users/atharva-patil.ffbc6570/badges
Manish,,Sharma,2,/users/manish-sharma-webdev/badges
Manisha,,Jha,1,/users/manisha-jha.7248c2f0/badges
Archit,,Sharma,3,/users/archit-sharma.7e6a5ba3/badges
Vikash,,Kumar,1,/users/vikash-kumar.67033eb2/badges
Rishi,,Garg,1,/users/rishi-garg.3850c550/badges
Rajesh kumar,,C V,2,/users/rajesh-kumar-c-v/badges
Likhitha,,Sai,1,/users/likhitha-sai.61a3d23f/badges
Rishika,,Singh,1,/users/rishika-singh.0c229156/badges
A Akshaya,,Masha,1,/users/a-akshaya-masha/badges
Libin M,,Biju,1,/users/libin-m-biju/badges
Shreya,,Kandela,1,/users/shreya-kandela.7289490d/badges
Madhura,,Das,1,/users/madhura-das/badges
Sathyaraj,,M M,1,/users/sathyaraj-m-m/badges
Rahul,,Shete,1,/users/rahul-shete.17cf11e1/badges
Punam,,Shete,1,/users/punam-shete.37f69791/badges
Mohd,,Aadil,1,/users/mohd-aadil.9cc3ab49/badges
Kavitha,,Gandikota,1,/users/kavitha-gandikota/badges
RAKESH,,MADDURI,1,/users/rakesh-madduri/badges
Peter,,Rajan,1,/users/peter-rajan.d6d401ee/badges
suchita,,jain,1,/users/suchita-jain.24211fe3/badges
RAMNANDAN,,ELAYAPERUMAL,1,/users/ramnandan-elayaperumal/badges
Rochishna,,Aloor,1,/users/rochishna-aloor/badges
Karthik,,S,1,/users/karthik-s.1202/badges
Kalpana,,Kumari,1,/users/kalpanakumari/badges
Devan,,Koorathodi,1,/users/devan-koorathodi/badges
NIDHIN,,SHAJI,1,/users/nidhin-shaji.ca32eb55/badges
Aravind,,Kumar S,2,/users/aravind-kumar-s.024fa0f4/badges
Prince,,Srivastava,1,/users/prince-srivastava.12b9f76b/badges
RITHIKA CHANDRA DEVI,,VEMULA,1,/users/rithika-chandra-devi-vemula/badges
Bhavika,,Thakre,1,/users/bhavika-thakre/badges
Revanth Krishna Sai,,Thota,1,/users/revanth-krishna-sai-thota/badges
Shamili,,M,1,/users/shamili-m.5215593f/badges
Omkar,,Udge,1,/users/omkar-udge/badges
Nayana,,M R,1,/users/nayana-m-r.fdeaa415/badges
Karumanchi,,Srikanth,1,/users/karumanchi-srikanth/badges
Mrityunjay,,Palled,1,/users/mrityunjay-palled/badges
Parvathy,,Geethakumari,1,/users/parvathy-geethakumari.a1c53719/badges
sharanu,,M,1,/users/sharanu-m/badges
NOSSAM VENKATA,YASWANTH,REDDY,1,/users/nossamyaswanth/badges
Saurabh,,Jain,1,/users/saurabh-jain.ccecb5a3/badges
Tejaswini,,Battina,1,/users/tejaswini-battina.f4a4becc/badges
Ankit,,Raj,1,/users/ankit-raj.91637fe2/badges
Neeraj,,Kumar Prajapati,1,/users/neeraj-kumar-prajapati.e4ed11e6/badges
Baranikumar,,Srinivasan,1,/users/baranikumar-srinivasan/badges
CHANDAN,,KUMAR,1,/users/chandan-kumar.70f8f77f/badges
B PAVAN,,KALYAN,1,/users/b-pavan-kalyan.262161c4/badges
Sonal,,Verma,1,/users/sonal-verma.6a3be86a/badges
Shivaprasadu,,G M,1,/users/shivaprasadu-g-m/badges
Mandala,,pavan,2,/users/mandala-pavan/badges
Kumanan,,A. K,1,/users/kumanan-a-k/badges
Priya,,Nandakumar,1,/users/priya-nandakumar.df493274/badges
midhlaj,,ap,2,/users/midhlaj-ap/badges
Jeevan,,Donikini,1,/users/jeevan-donikini/badges
Rahul,,Gupta,1,/users/rahul-gupta.8b4ce2af/badges
Aravind kumar,,Velagandula,1,/users/aravind-kumar-velagandula/badges
Shantanu,,Dutta,2,/users/shantanu.dutta/badges
Radha,,Chirania,1,/users/radha-chirania.d4ac4da1/badges
Lilu,,Antony,1,/users/lilu-antony/badges
Beena,,Nagarajan,1,/users/beena-nagarajan.04e8d040/badges
Ashish,,Tiwari,1,/users/ashish-tiwari.2ac0316e/badges
Pratyush,,Vashistha,1,/users/pratyush-vashistha/badges
Shivam,,Kumar,1,/users/shivam-kumar.92cba2d4/badges
Madhav,,Hatwalne,1,/users/madhav-hatwalne/badges
nanda,,kumar,1,/users/nanda-kumar.25aa107d/badges
TARAKA RAJESH,,U,1,/users/taraka-rajesh-u/badges
Rudraksh,,Pandey,2,/users/rudraksh-pandey.beb1da52/badges
Sathyan,,Pugazhendhi,1,/users/sathyan-pugazhendhi/badges
Kanishka,,*,1,/users/kanishka.534de47b/badges
sushmita,,pratapa,1,/users/sushmita-pratapa/badges
Sri Lakshmi Sai Krupa,,Vavilapalli,1,/users/sri-lakshmi-sai-krupa-vavilapalli/badges
srikar,,bandari,1,/users/srikar-bandari/badges
Ediga,,Hari Prasad Goud,1,/users/ediga-hari-prasad-goud/badges
Srinivas,,Shapuram,1,/users/srinivas-shapuram.e43e7022/badges
Lalu,,Prajapati,1,/users/lalu-prajapati.742ad934/badges
Vignesh,,Uthiravelu,1,/users/vignesh-uthiravelu.7bf12679/badges
Tarun,,Kumar,1,/users/tarun-kumar.cbf5f310/badges
Pramoda,,Eedpuganti,1,/users/pramoda-eedpuganti/badges
ANKITA,,SONI,1,/users/ankita-soni.0ea32204/badges
Arathi,,Jayachandran,1,/users/arathi-jayachandran/badges
Jeena,,John,1,/users/jeena-john.20e498dd/badges
Munazza,,Fathima,1,/users/munazza-fathima.c3b580a1/badges
Roslin,,Nivetha,1,/users/roslin-nivetha/badges
Swapnil,,Kolhe,1,/users/swapnil-kolhe.37a0804b/badges
Suraj,,Singh3,1,/users/suraj-singh3/badges
Vanga,,Nikhitha,1,/users/vanga-nikhitha/badges
ROHAN SUBASH,,M,1,/users/rohan-subash-m/badges
Harender,,Singh Negi,1,/users/harru-negi/badges
Parthib,Kumar,Sarkar,1,/users/parthib-kumar-sarkar/badges
Sathish Kumar,,Hangeriga,1,/users/sathish-kumar-hangeriga/badges
adyasha,,panda,1,/users/adyasha-panda.79c34977/badges
B,,Manikandan,1,/users/b-manikandan.03c5e730/badges
Amit,,Philips,1,/users/amit-philips/badges
Jyoti,,Thorat,1,/users/jyoti-thorat.aae197f8/badges
Dandu,,Shravya,1,/users/dandu-shravya/badges
Hansy Hannah,,Yosuva Abraham,1,/users/hansy-hannah-yosuva-abraham/badges
Harshil,,Gehlot,1,/users/harshil-gehlot.e7587f78/badges
Swathi,,Devasani,1,/users/swathi-devasani/badges
Manisha,,Sarap,1,/users/manisha-sarap/badges
Rajesh,,Kumar,1,/users/rajesh-kumar.ac35d18f/badges
Naveen,,Kudaka,1,/users/naveen-kudaka/badges
Randhi,,JaiKrishna,1,/users/randhi-jaikrishna/badges
Divita,,Batra,1,/users/divita-batra/badges
Niranjan,Rao,Annavarapu,1,/users/niranjan-rao-annavarapu/badges
Kushal,,Doshi,1,/users/kushal-doshi.4393ebd5/badges
Pragati,,Dhote,1,/users/pragati-dhote/badges
shubham,,dixit,3,/users/shubham-dixit.04e4b313/badges
MOHAMMAD JAVEED,,AHMAD,1,/users/mohammad-javeed-ahmad/badges
Anjietha,,Khanna,1,/users/anjietha-khanna.81a1862e/badges
RATHI DEAVI,,G,2,/users/rathi-deavi-g/badges
Jeya,,Praisline,1,/users/jeya-praisline/badges
Deepak,,Varshney,1,/users/deepak-varshney.4a769903/badges
Roshna,,P P,1,/users/roshna-p-p.3645086a/badges
Khushwant,,Bishnoi,1,/users/khushwant-bishnoi/badges
Shivam,,Yadav,1,/users/shivam-yadav.f32c9c73/badges
Manohar,,Shinde,1,/users/manohar-shinde/badges
Sajitha,,Johny,1,/users/sajitha-johny.9fd37e30/badges
Bhagya Lakshmi,,M S,1,/users/bhagya-lakshmi-m-s/badges
Nehal,,Narnaware,1,/users/nehal-narnaware/badges
Surekha,,Jonnalagadda,1,/users/surekha-jonnalagadda.4498be0d/badges
Kumar,,Subham,1,/users/kumar-subham.8b6db38f/badges
varada,,sumanth,1,/users/varada-sumanth.2b221720/badges
Pushkar,,Nagpure,1,/users/pushkar-nagpure/badges
Sachin,,Lute,1,/users/sachin-lute/badges
Pragati,,Goyal,1,/users/pragati-goyal.57983cf5/badges
SAKSHAM,,GOEL,1,/users/saksham-goel.c12afdc8/badges
SavithRaghuram,,Garlapati,1,/users/savithraghuram-g/badges
Biswakalyan,,Sahoo,1,/users/biswakalyan-sahoo/badges
Dhananjay,,Lakkawar,1,/users/dhananjay-lakkawar/badges
Rahul,,Kumar,1,/users/rahul-kumar.ab31d2c9/badges
Abel T,,Varghese,1,/users/abel-t-varghese.bf286e3f/badges
Rishvanth,,M,1,/users/rishvanth-m.f05ffa00/badges
Pinaki,,Bandyopadhyay,1,/users/pinaki-bandyopadhyay.0cf97da2/badges
Murali,,C,1,/users/murali-c.8610ba1c/badges
Vishal,,Das,1,/users/vishal-das.5a20aaf6/badges
Satwika,,Voruganti,1,/users/satwika-voruganti/badges
Suman,,Saurav,1,/users/suman-saurav.d3b7ec2c/badges
Alonae,,PRIYANKA,1,/users/alonae-priyanka/badges
Divjot,,Bal,1,/users/divjot-bal/badges
Surajit,,Mandal,1,/users/surajit-mandal.51dcb33c/badges
being,,vikas,1,/users/being-vikas/badges
Ashwini,,Bhutkar,1,/users/ashwini-bhutkar/badges
Haritha,,B,1,/users/haritha-b.10b22b22/badges
Saijal,,jain,1,/users/saijal-jain/badges
Madhusudhan,,reddy,1,/users/madhusudhan-reddy.91519b18/badges
Shubhangi,,Borde,1,/users/shubhangi-borde.3e52e882/badges
Isha,,Ghag,1,/users/isha-ghag/badges
Abhishek,,Kumar,1,/users/krabhishek/badges
Santwana,,Singh,1,/users/santwana-singh/badges
Saikumar,,Valishetti,1,/users/saikumar-valishetti/badges
swathi,,sangisetty,1,/users/swathi-sangisetty/badges
Rohit,,Jain,1,/users/rohit-jain.fb3ccbd6/badges
Kolli Divya,,Jyothi,2,/users/kolli-divya-jyothi/badges
Ankita,,shandilya,1,/users/ankita-shandilya.b8d195c1/badges
nishant,,pandey,1,/users/nishant-pandey.f490d227/badges
Geetha Rani,,Janapati,2,/users/geetha-rani-janapati/badges
Kshitiz,,Kalra,1,/users/kshitiz-kalra.6fdc2a5e/badges
Pranali,,Patil,1,/users/pranali-patil.39731a36/badges
Amar,,Gorad,1,/users/amar-gorad.dc5a4777/badges
Krishna,,Mishra,1,/users/krishna-mishra.f6a0d6ab/badges
Sathish Kumar,,R K,1,/users/sathish-kumar-r-k/badges
Hemalatha,,PANDHIRI,1,/users/hemalatha-pandhiri/badges
THANUSH,,S,1,/users/thanush-s.61a46300/badges
VISHALAKSHI,,S,1,/users/vishalakshi-s.cf492fe5/badges
Pankaj,,Batra,1,/users/pankaj-batra.868c06aa/badges
Sonveer,,Singh,1,/users/sonveer-singh.c666e9b1/badges
Puja,,Sharma,1,/users/puja-sharma.fe6e5abc/badges
Jonnala,Bala,Chandrika,1,/users/bala-chandrika-jonnala.69d83915/badges
Manas,,R,1,/users/manas-r.82ce3ca8/badges
Rajesh Sagar,,Kodipaka,1,/users/rajesh-sagar-kodipaka.e9ee7469/badges
Saransh,,Pandey,1,/users/saransh-pandey.448e6c01/badges
Anupam,,Das,1,/users/anupam-das.09582393/badges
Akshayamathi,,P,1,/users/akshayamathi-p/badges
Charanteja,,Yandrapati,1,/users/charanteja-yandrapati/badges
Prabhaker,,Cirium,1,/users/prabhaker-cirium/badges
Sham,,Raghavendrarao,1,/users/sham-raghavendrarao.a9a8963f/badges
vikram,,Konduru,1,/users/vikram-konduru.0cd812d4/badges
Raj,,Agrawal,1,/users/raj-agrawal.bea33c75/badges
Nikhil,,Patil,1,/users/nikhil-patil.dc98aa11/badges
Shalu,,Mishra,1,/users/shalu-mishra.75a4f312/badges
Akshay,,Borje,1,/users/akshay-borje/badges
Sathis Kumar,,Durairaj,1,/users/sathis-kumar-durairaj/badges
Gundumi,Sri Krishna,Sudhindra,1,/users/gundumi-sri-krishna-sudhindra/badges
Chris,,Samuel,1,/users/chris-samuel.821aa04b/badges
Rahul,,Adlakha,1,/users/rahul-adlakha.a60d3e36/badges
Prasad,,K P,1,/users/prasad-k-p/badges
Arun kumar,,Kammari,1,/users/arun-kumar-kammari/badges
Sushanta Kumar,,Rath,1,/users/sushanta-kumar-rath.888bc5c2/badges
Sandesh,Rajendra,Karande,1,/users/sandesh-karande/badges
Raju,,Shivareddy,1,/users/raju-shivareddy/badges
MEENADSHI,,M,1,/users/meenadshi-m.4ab10c6e/badges
saikumar,,paturi,1,/users/saikumar-paturi/badges
Prakarsh,,Kaushik,1,/users/prakarsh-kaushik.aa988e1a/badges
Navanth,,Pandrala,1,/users/navanth-pandrala/badges
Akshatha,,Aithal,1,/users/akshatha-aithal/badges
Ashutosh,,Misra,1,/users/ashutosh-misra.0d5ed15b/badges
Srilekha,,Goud,1,/users/srilekha-goud.15bd047e/badges
Pandiyaraj,,Sellakkannu,1,/users/pandiyaraj-sellakkannu/badges
Onkar,,Pawar,1,/users/onkar-pawar.604ebd16/badges
sathiyasheelan,,Shanmugam,1,/users/sathiyasheelan-shanmugam/badges
Manthan,,Patil,1,/users/manthan-patil.b58c41a8/badges
Gopi Reddy,,Thanugondla,1,/users/gopi-reddy-thanugondla.416343e0/badges
GANGA RESHMA,,D,1,/users/ganga-reshma-d/badges
Vaibhav,,There,1,/users/vaibhav-there/badges
Bhavya,,Sri,1,/users/bhavya-sri.a3edb900/badges
Atharva,,Gondhalekar,1,/users/atharva-gondhalekar.f9943266/badges
Nandhini,,Elango,1,/users/nandhini-elango.614710b5/badges
Keerthi,,Bardipuram,1,/users/keerthi-bardipuram/badges
Rudraraju,,Varma,1,/users/rudraraju-varma.4de3ec6c/badges
Poornima,,..,1,/users/poornima.dd8b4b04/badges
Meghnath,,Kar,1,/users/meghnath-kar/badges
Koundinya,,Tanguturi,1,/users/koundinya-tanguturi/badges
Ritika,,Sharma,1,/users/ritika-sharma.5a61b202/badges
TARUN,,RAIJADE,1,/users/tarun-raijade/badges
Ashok,,Peravali,1,/users/ashok-peravali/badges
Rumi,,Chaudhary,1,/users/rumi-chaudhary/badges
Vishnu,,Prasad k u,1,/users/vishnu-prasad-k-u.706481fc/badges
Ishan,,Goyal,1,/users/ishan-goyal.e27ab605/badges
Ayisha,,A,1,/users/ayisha-a.fa369619/badges
Swathi,,K,1,/users/swathi-k.28f9bcad/badges
Kommineni,,Sandhya,1,/users/kommineni-sandhya/badges
Bhavani,,Repalle,1,/users/bhavani-repalle/badges
Chegondi,,Tri Venkata Madhu Kumar,1,/users/chegondi-tri-venkata-madhu-kumar/badges
Shivtej,,Ingavale,2,/users/shivtej-ingavale/badges
Premsagar,,Cheviti,1,/users/premsagar-cheviti/badges
Saloni,,Pathak,1,/users/saloni-pathak.d4f52118/badges
Vinid Babu,,Boppana,1,/users/vinid-babu-boppana/badges
Viji,,KARUNAKARAN,1,/users/viji-karunakaran/badges
Harshit,,V,1,/users/harshit-v.404bddd7/badges
Murugan,,B,1,/users/murugan-b/badges
Ramya,,AR,1,/users/ramya-ar.2fdd3243/badges
sandeep,,challa,1,/users/sandeep-challa/badges
Ankur,,Kumar,1,/users/ankur-kumar.88cefa13/badges
Sri Venkata Lakshmi Narayana,,Atti,1,/users/sri-venkata-lakshmi-narayana-atti.638d949b/badges
Shanu,,Kumar,1,/users/shanu-kumar.3e44077c/badges
Gottimukkula,,Malathi,1,/users/gottimukkula-malathi/badges
Rojashree,,..,1,/users/rojashree/badges
Devesh,,Sorout,1,/users/devesh-sorout/badges
Kumar,,Harsh,1,/users/kumar-harsh.a20ca5ea/badges
A,,Viswanath,1,/users/a-viswanath/badges
Chinchulam Siva Hareesh,,Patnaik,1,/users/chinchulam-siva-hareesh-patnaik/badges
Deepika,,Khairnar,1,/users/deepika-khairnar/badges
Divya,,M,1,/users/divya-m.7658b525/badges
Jyoti,,Shrivastava,1,/users/jyoti-shrivastava.e5a1c4cb/badges
Asritha,,23,1,/users/asritha-23/badges
Surya,,Kinnera,1,/users/surya-kinnera/badges
Harshit,,Rao,1,/users/harshit-rao.da3d6bf8/badges
Vijay,,Kumar,2,/users/vijay-kumar.1126b5b0/badges
Sankha,,Biswas,1,/users/sankha-biswas.7dd49413/badges
Akhil,,Shamanth,1,/users/akhil-shamanth.bf234135/badges
Venkatramaiah,,Gurram,1,/users/venkatramaiah-gurram/badges
MUGESH KANNAN,,S,1,/users/mugesh-kannan-s/badges
Prasad,,Zope,1,/users/prasad-zope.0cf11cdf/badges
Nidhi,,Sahu,1,/users/nidhi-sahu.6f229ec5/badges
JEYA ATHITHYA,,S,1,/users/jeya-athithya-s/badges
ayushi,,gupta,1,/users/ayushi-gupta.8601b323/badges
Kaushal,,Kushwaha,1,/users/kaushal-kushwaha.c905f0d1/badges
Avantika,,Hatmode,1,/users/avantika-hatmode.ca4ad1c9/badges
JAIVARSHAN,,V,1,/users/jaivarshan-v/badges
Neha,,Wagh,1,/users/neha-wagh.421ff3df/badges
Shreya,,Shah,1,/users/shreya-shah.b20c6267/badges
vishal,,saini,1,/users/vishal-saini.7ddf68af/badges
Amlan,,Sharma,1,/users/amlan-sharma.1b72aa89/badges
P,,NaveenKumar,1,/users/p-naveenkumar/badges
KUNCHEPU,,SAI KAVYA,1,/users/kunchepu-sai-kavya.2e361c7f/badges
Abhay Kumar,,Gupta,1,/users/abhay-kumar-gupta.18a5d102/badges
Ashu,,Srivastava,1,/users/ashu-srivastava.4ec675a2/badges
Barun,,Sahay,1,/users/barun-sahay.9bed46d0/badges
Sharan,,Kumar A,2,/users/sharan-kumar-a.d4a4555b/badges
Chandrakanth,,Ponugoti,1,/users/chandrakanth-ponugoti/badges
Sai Kumar Reddy,,Billa,1,/users/sai-kumar-reddy-billa/badges
Dumne,,Jalendar,1,/users/dumne-jalendar.7568cac5/badges
Manan,,Shah,2,/users/manan-shah.86542ccf/badges
krishnamurthy,,batta,1,/users/krishnamurthy-batta.6e34f0c5/badges
Pratham,,Parikh,1,/users/pratham-parikh-15541/badges
Ritmbarah,,Arora,1,/users/ritmbarah-arora/badges
MUNNANGI,,TRIVENI,2,/users/munnangi-triveni.bb53fe52/badges
Yash Raj Singh,,Karnawat,1,/users/yash-raj-singh-karnawat/badges
Yarava Keerthi,,Reddy,1,/users/yarava-keerthi-reddy.887480aa/badges
Srishti,,Singh,1,/users/srishti-singh.e3bc96ca/badges
Saumya,,Mishra,1,/users/saumya-mishra.bc519d16/badges
Shreyasi,,Ghosh,1,/users/shreyasi-ghosh.fe1ee0fe/badges
Tapanand,,Dey,1,/users/tapanand-dey/badges
nidhi,,tumu,1,/users/nidhi-tumu/badges
AKASH,,bala,1,/users/akash-bala.7f1060ed/badges
sohrab,,ansari,1,/users/sohrab-ansari.04852359/badges
vishruti,,patel,1,/users/vishruti-patel.8656417e/badges
Jyotishree,,Behera,1,/users/jyotishree-behera/badges
Kumar,,Karuppusamy,1,/users/kumar-karuppusamy/badges
Swapnil,,Mukhopadhyay,1,/users/swapnil-mukhopadhyay/badges
shruti,,upadhyay,1,/users/shruti-upadhyay.5981d650/badges
Vishnu Vardhan Reddy,,Pallesi,1,/users/vishnu-vardhan-reddy-pallesi/badges
Vinay,,Pannem,1,/users/vinay-pannem.a0839da1/badges
kamatham,,teja,1,/users/kamatham-teja/badges
Abhinav,,Tiwari,1,/users/abhinav-tiwari.65d787a5/badges
Durga Bhavani venkata,,Sonti,1,/users/durga-bhavani-venkata-sonti/badges
Javed,,Akhtar,1,/users/javed-akhtar.c6cd8ecd/badges
Asfiya,,Khan,1,/users/asfiya-khan/badges
Srikanth,,Renduchintala,1,/users/srikanth-renduchintala/badges
Sumit,,Gupta,1,/users/sumit-gupta.b1af832c/badges
Rohit,,Suvarna,1,/users/rohit-suvarna.33724726/badges
Bhuvaneshwari,,R,1,/users/bhuvaneshwari-r.9ab57ee8/badges
Dhiraj,,Sahani,1,/users/dhiraj-sahani.29aa93fc/badges
Sai Pravallika,,Guntaka,1,/users/sai-pravallika-guntaka.f49fca75/badges
Bhavitha,,1530,1,/users/bhavitha-1530/badges
DRONIKA,,NIMMARAJU,1,/users/dronika-nimmaraju/badges
Baskaran,,Subramanian,1,/users/baskaran-subramanian.f292b391/badges
Gouri,,Aher,1,/users/gouri-aher/badges
Bhavanishankar,,Neerupudi,1,/users/bhavanishankar-neerupudi/badges
Durga Rajasekhara Reddy,,Tallapureddy,1,/users/durga-rajasekhara-reddy-tallapureddy/badges
Amrutha,,V ananthakrishnan,1,/users/amrutha-v-ananthakrishnan/badges
Yogesh,,Kasare,2,/users/yogesh-kasare/badges
Saket,,Kumar,1,/users/saket-kumar.c288675a/badges
Praveen,,Mishra,1,/users/praveen-mishra.654eed5d/badges
KANISHKHAA,,M S,1,/users/kanishkhaa-m-s/badges
Bhaskar,,Behera,1,/users/bhaskar-behera/badges
ramya,,shree,1,/users/ramya-shree.51e5eae4/badges
Chetan,,Garg,1,/users/chetan-garg.0f6efbef/badges
Jami,,Rohita,1,/users/jami-rohita/badges
Diana,,Das,2,/users/diana-das.c9f45653/badges
Mo,,Anwar,1,/users/mo-anwar.a47be019/badges
Lakshmi,,V,1,/users/lakshmi-v.f6328486/badges
Ashok Reddy,,Gade,1,/users/ashok-reddy-gade.2349a7da/badges
Jayasree,,Podenla,1,/users/jayasree-podenla/badges
Suman,,Paul,1,/users/suman-paul.70e48eb0/badges
Moumita,,Debanth,1,/users/moumita-debanth/badges
Sachin,,Gurnaney,1,/users/sachin-gurnaney.22debeb5/badges
padmanava,,Nayak,1,/users/padmanava-nayak/badges
Pamula,,Gayathri,1,/users/pamula-gayathri/badges
Namrata,,Sharma,1,/users/namrata-sharma.fa8bc4fb/badges
Arunraj,,Sridhar,1,/users/arunraj-sridhar/badges
Tharun,,Thej,1,/users/tharun-thej/badges
Akshay,,Chapekar,1,/users/akshay-chapekar.ccf5f892/badges
Pratiksha,,Sundecha,1,/users/pratiksha-sundecha/badges
Jothika,,T V,1,/users/jothika-t-v.366c552a/badges
bhalaji,,swaminathan,1,/users/bhalaji-swaminathan/badges
Pranoy,,Bej,4,/users/pranoy-bej/badges
Bestha hareesh,,Kumar,1,/users/bestha-hareesh-kumar/badges
udaya kumar,,Vallabhaneni,1,/users/udaya-kumar-vallabhaneni/badges
Payal,,Chinchkhede,1,/users/payal-chinchkhede/badges
Ram Kumar,,Karuppiah,1,/users/ram-kumar-karuppiah/badges
Aarti,,Madre,1,/users/aarti-madre/badges
Joby,,PO,1,/users/joby-po.dd5ad8de/badges
Vijayarangaraj,,S.S,4,/users/vijayarangaraj-s-s/badges
Srinivasa Rao,,Surla,1,/users/srinivasa-rao-surla/badges
Tanmay,,Shreshth,1,/users/tanmay-shreshth.09cd6c51/badges
Jatin,,Gupta,1,/users/jatin-gupta.5516d60c/badges
Raviteja,,Puppala,1,/users/raviteja-puppala/badges
Niff,,Kandathil Kurian,1,/users/niff-kandathil-kurian/badges
Rahul,,Ranjan,1,/users/rahul-ranjan.4816404e/badges
Arjun,,Satish,1,/users/arjun-satish.5e358c88/badges
Ashish,,Tomar,1,/users/ashish-tomar.f3fcb9d8/badges
Pakalapati,,Sree Harshitha,1,/users/pakalapati-sree-harshitha/badges
Naman,,Jain,1,/users/naman-jain.c86bd255/badges
Sanket,,Gaikwad,1,/users/sanket-gaikwad.2fcbb90f/badges
Surbhi,,Sambare,1,/users/surbhi-sambare/badges
Subrat,,Sahu,1,/users/subrat-sahu.94f293ba/badges
Rahul,,Dhepe,1,/users/rahul-dhepe/badges
Tushar,,Bhaisa,1,/users/tushar-bhaisa/badges
Shashank,,Paul,1,/users/shashank-paul/badges
Sukanya,,Janapala,1,/users/sukanya-janapala/badges
Mekala,,Ravi Kumar,1,/users/mekala-ravi-kumar/badges
Anurag,,Jain,1,/users/anurag-jain.ccba91e8/badges
Manish,,Mani,1,/users/manish-mani.fe2d62b1/badges
Keerthi Reddy,,Korivi,1,/users/keerthi-reddy-korivi/badges
Ramesh,,S,1,/users/ramesh-s.15bdbadc/badges
Hiranmayi,,Battina,1,/users/hiranmayi-battina.7a1ba1a9/badges
Shankaran,,Sunderarajan,1,/users/shankaran-sunderarajan/badges
Seethalakshmi,,R M,1,/users/seethalakshmi-r-m/badges
Santosh,,Kumar,1,/users/santosh-kumar.d03017e3/badges
Shantun,,Rubal,1,/users/shantun-rubal.d15128fc/badges
Rushikesh,,Zinjurke,1,/users/rushikesh-zinjurke.7e93b02e/badges
vodnala,,pooja,1,/users/vodnala-pooja/badges
Mayilraj,,Ramamoorthy,1,/users/mayilraj-ramamoorthy/badges
MANJU,,MOHAN,1,/users/manju-mohan.db92acf8/badges
Raiyan,,Zehen,1,/users/raiyan-zehen/badges
Atul,,Asija,1,/users/atul-asija/badges
Donga,,Ramya,1,/users/donga-ramya/badges
Yasin,,L,1,/users/yasin-l/badges
Aniruth,,Sabapathy,1,/users/aniruth-sabapathy/badges
Yogesh Kumar,,Minocha,1,/users/yogesh-kumar-minocha/badges
Aditya,,krishnan,1,/users/aditya-krishnan.3b46378d/badges
Naresh,,Kanakam,1,/users/naresh-kanakam.a9b0cd4b/badges
Adarsh,,G J,1,/users/adarsh-g-j/badges
Abdul,,Quadir,2,/users/abdul-quadir.0a3969cf/badges
Sritikana,,Mondal,1,/users/sritikana-mondal/badges
Narji,,Saikia,1,/users/narji-saikia/badges
Harshitha,,Aluru Naresh,1,/users/harshitha-aluru-naresh/badges
Subhashini,,Subhi,1,/users/subhashini-subhi.2443f527/badges
Nikhil,,Rastogi,1,/users/nikhil-rastogi.2dbe6457/badges
Nirmala,,S,1,/users/nirmala-s.c5121a3c/badges
Bhavika,,Samdani,1,/users/bhavika-samdani/badges
SANTHOSHKUMAR,,RADHAKRISHNAN,2,/users/santhoshkumar-radhakrishnan/badges
Md,,Ejaz,1,/users/md-ejaz.659b9625/badges
Rahul,,Yadav,1,/users/rahul-yadav.f2fbe5d6/badges
Kambhampati,,Venkata Durga Prasad,1,/users/kambhampati-venkata-durga-prasad/badges
Shreya,,Garg,1,/users/shreya-garg.2a44746a/badges
Agam,,Mishra,1,/users/agam-mishra.c23daee0/badges
Shubham,,Bhosale,1,/users/shubham-bhosale.9ff0a61e/badges
Roshan,,Tambe,1,/users/roshan-tambe.43064d60/badges
Nikesh,,kumar,1,/users/nikesh-kumar.018a5c2b/badges
ayyappa,,badeti,1,/users/ayyappa-badeti/badges
ushasri,,polagani,1,/users/ushasri-polagani.828434c5/badges
Karthikeyan,,Sampath,1,/users/karthikeyan-sampath.49d4b61e/badges
Santoshi,,Pande,1,/users/santoshi-pande/badges
Sindhura,,Peri,1,/users/sindhura-peri/badges
Ayushi,,Tayal,1,/users/ayushi-tayal/badges
Chitra,,Rajendiran,1,/users/chitra-rajendiran/badges
Raghav,,Jha,1,/users/raghav-jha.de879157/badges
JAYA,,SURYA,1,/users/jaya-surya.c73b97e8/badges
Shivani,,Sharma,1,/users/shivani-sharma.5a008016/badges
Zaki Mohammed,,Shaikh,1,/users/zaki-mohammed-shaikh.185a0f0b/badges
Nidhi,,Gupta,1,/users/nidhi-gupta.f29d4e7a/badges
Hamsaraj,,Shettigar,1,/users/hamsaraj-shettigar/badges
Ravisankar,,Vijayan,1,/users/ravisankar-vijayan.9cbaeff3/badges
Amritha,,Dinesh,1,/users/amritha-dinesh.7d14a045/badges
Viral,,Shah,1,/users/viral-shah.baa9e2a5/badges
Ubed,,Shaikh,1,/users/ubed-shaikh.2f9743e7/badges
Gaurav,,Kumar,1,/users/gaurav-kumar.2624e2b4/badges
Komma Sai,,Kumar,1,/users/komma-sai-kumar/badges
Rushabh,,Mane,1,/users/rushabh-mane/badges
Shivam,,Goyal,1,/users/shivam-goyal.b59dea2b/badges
Kamakshi,,Khawse,1,/users/kamakshi-khawse.e6ec7555/badges
DEBENDRA,,DHINDA,1,/users/debendra-dhinda/badges
MD Sajid,,Khan,2,/users/md-sajid-khan.19e06cb6/badges
Ashwin,,Bicholiya,4,/users/ashwin-bicholiya.c824023c/badges
Faheem,,Khan,1,/users/faheem-khan.4140e936/badges
Rajendra,Singh,Bhati,1,/users/rajendra-singh-bhati/badges
Bhoja Madhuri Sai,,Mallela,1,/users/bhoja-madhuri-sai-mallela/badges
Kumar,,Shivam,1,/users/kumar-shivam.50705fb7/badges
PAVAN KALYAN,,PULAGALA,1,/users/pavan-kalyan-pulagala/badges
Pooja,,Chavan,1,/users/pooja-chavan.6594c37e/badges
Dharani,,Devaraj,2,/users/dharani-devaraj.680a26e4/badges
Manasa,,V,1,/users/manasa-v.b3c95596/badges
Jeya Monika,,Kurinji kumaran,1,/users/jeya-monika-kurinji-kumaran/badges
S N,,Gokulnath,5,/users/s-n-gokulnath/badges
Shanmukh,,R,1,/users/shanmukh-r/badges
Harshita,,Ghate,1,/users/harshita-ghate.87819bd0/badges
Rasana,,Radhakrishnan,1,/users/rasana-radhakrishnan/badges
Vipul,,Kumar,2,/users/vipul-kumar.aacabcdc/badges
SELVAKUMAR,,PERIYASAMY,1,/users/selvakumar-periyasamy.fec70e9e/badges
Vaishnavi shahaji,,patil,1,/users/vaishnavi-shahaji-patil/badges
Priyanka,,Deshmukh,1,/users/priyanka-deshmukh.e663d344/badges
Raghavendra,,Pochampally,1,/users/raghavendra-pochampally/badges
Ishika,,Jindal,1,/users/ishika-jindal.c6467070/badges
Arun,,Vishnu,1,/users/arunmvishnu/badges
Vuppala,,Vaishnavi,1,/users/vuppala-vaishnavi/badges
Gunti,,Dileep,1,/users/gunti-dileep/badges
Syed,,Yesrib,2,/users/syed-yesrib/badges
Pratyush,,Kumar,4,/users/pratyush-kumar.59a47236/badges
Venkatesh,,Ravva,1,/users/venkatesh-ravva/badges
Ghazi,,Salahuddin,1,/users/ghazi-salahuddin.57614258/badges
Lalitha,,Ramalakshmi Prasanna Meduri,1,/users/lalitha-ramalakshmi-prasanna-meduri.f9042432/badges
ANIRUDDHA,,ADAK,1,/users/aniruddha-adak/badges
Dnyaneshvar,,Mali,1,/users/dnyaneshvar-mali/badges
Munmun,,Sharma,1,/users/munmun-sharma.89fb7e7a/badges
Divya,,S Nair,1,/users/divya-s-nair.84abf164/badges
venkata satyanarayana,,munagoti,1,/users/venkata-satyanarayana-munagoti/badges
Sudhir,,Vishwakarma,1,/users/sudhir-vishwakarma.fd9978f1/badges
Parameshwaran,,A,2,/users/parameshwaran-a/badges
Saleem Khan,,Mulla,1,/users/saleem-khan.7a1000ad/badges
Nivedita,,Sharma,1,/users/nivedita-sharma.8c6d9d27/badges
Adarsh,,Jha,1,/users/adarsh-jha.fc937aac/badges
Vamsi Krishna,,Devulapalli,1,/users/vamsi-krishna-devulapalli/badges
Rohith,,P,1,/users/rohith-p.6c848bf8/badges
Karri,,Satyanarayana,1,/users/karri-satyanarayana.a66138e7/badges
Mohammadajam,,Sunasara,1,/users/mohammadajam-sunasara/badges
Jayavignesh,,J,5,/users/jayavignesh-j/badges
Manideep,,Malyala,1,/users/manideep-malyala/badges
vineeta,,.,1,/users/vineeta/badges
Jebin,,J P,1,/users/jebin-j-p.22f9755e/badges
VENKATA,,VEDULA,2,/users/venkata-vedula16/badges
Sachin,,Kalebere,1,/users/sachin-kalebere.56515d87/badges
Ankit,,Gupta,1,/users/ankit-gupta.77311876/badges
Prita,,Dey,1,/users/prita-dey/badges
tamilselvi,,gowthaman,1,/users/tamilselvi-gowthaman/badges
Tarun,,Likhar,1,/users/tarun-likhar.6df0f43c/badges
swaathy,,shree,1,/users/swaathy-shree/badges
Yash,,Singhal,1,/users/yash-singhal.ab98634b/badges
Divya,,Balakrishnan,1,/users/divya-balakrishnan/badges
DARSHAN,,S,1,/users/darshan-s.5e82919d/badges
Irfan Khan,,Patan,1,/users/irfan-khan-patan/badges
Sparsh,,Batta,1,/users/sparsh-batta/badges
Kamal,,Javvadi,1,/users/kamal-javvadi/badges
Bharti,,Sharma,1,/users/bharti-sharma.c5e24706/badges
Bikram,,Dolai,1,/users/bikram-dolai.cb85008e/badges
Brajesh,,MEHRA,1,/users/brajesh-mehra.983df836/badges
Karthik,,Aruchsamy,2,/users/karthik-aruchsamy/badges
Neeraj,,Garg,1,/users/neeraj-garg.9d27dabb/badges
Sidharth,,S B,2,/users/sidharth-s-b/badges
Mudit,,Khater,1,/users/mudit-khater.c92ee122/badges
Abhimanyu,,Kumar,1,/users/abhimanyu-kumar.ce52978e/badges
Sukalyan,,Karmakar,1,/users/sukalyan-karmakar/badges
Souvik,,Patra,1,/users/souvik-patra.414e64d5/badges
Vishnupriya,,Varatharaj,1,/users/vishnupriya-varatharaj.119798ad/badges
Jojo,,Simon,2,/users/jojo-simon/badges
Veera Bhadra Rao,,Gudipudi,1,/users/veera-bhadra-rao-gudipudi/badges
Alby,,Antony,1,/users/alby-antony.05da2fad/badges
Anshu,,Raj,1,/users/araj0610/badges
Divya,,Murugan,1,/users/divya-murugan.d95e40f1/badges
Saimounika,,Yandamuri,2,/users/saimounika-yandamuri.020e1a54/badges
Saniya,,Tamboli,1,/users/saniya-tamboli.570c0c73/badges
Muthyamgari,,Manikyam,1,/users/muthyamgari-manikyam/badges
Lotus,,Priyadarsini,1,/users/lotus-priyadarsini.14258e44/badges
Vaibhav,,Auti,1,/users/vaibhav-auti.75c18b39/badges
Monish,,K,1,/users/monish-k.c5f248ad/badges
Rajesh,,Basina,1,/users/rajesh-basina/badges
Payali,,Priyadarshini,1,/users/payali-priyadarshini.0bfc5c73/badges
Nirmala,,Y,1,/users/nirmala-y/badges
nodagala,,chaitanyaprabhu,1,/users/nodagala-chaitanyaprabhu/badges
Dhanish,,Mohamed,1,/users/dhanish-mohamed/badges
Guru,,Prasad,1,/users/guru-prasad.12b3d08e/badges
Nikhil,,Choduboyena,1,/users/nikhil-choduboyena/badges
Arshad,,Syed,1,/users/arshad-syed.670d7e04/badges
Clare,,Jade,1,/users/clare-jade/badges
Agnita,,Das,1,/users/agnita-das/badges
Garima,,Gupta,1,/users/garima-gupta.ec62910e/badges
Aashish,,Agarwal,1,/users/aashish-agarwal.f04ef281/badges
Durga Prasad,,Nagamalla,1,/users/durga-prasad-nagamalla/badges
SAI,,RAHUL,1,/users/sai-rahul.a8074a0b/badges
Mayank Kumar,,Laxkar,1,/users/mayanklaxkar008/badges
Manoj,,Pulluru,1,/users/manoj-pulluru/badges
Ambuj,,Tiwari,1,/users/ambuj-tiwari.7880bd88/badges
Manikantta,,Atukuri,1,/users/manikantta-atukuri/badges
Ganesh,,Shirsath,1,/users/ganesh-shirsath.5984bc08/badges
Tarun,,Verma,1,/users/tarun-verma.eda83aa6/badges
Sandeepan,,.,3,/users/sandeepan/badges
Payank,,Jain,2,/users/payank-jain/badges
Pedireddi,,Dineshsai,1,/users/pedireddi-dineshsai/badges
Shubham,,Sharma,1,/users/shubham-sharma.45f08cbe/badges
Sagarika,,Mallick,1,/users/sagarika-mallick.ed4bdf58/badges
sachin,,kumar,1,/users/sachin-kumar.0fda90dd/badges
Abhijeet,,Singh,1,/users/abhijeet-singh.b0716373/badges
Nisarg,,Gharde,1,/users/nisarg-gharde/badges
Aakash,,Yerkal,1,/users/aakash-yerkal/badges
Rahul,,Sharma,1,/users/rahul-sharma.b82a88a9/badges
Prashant,,Kumar,1,/users/prashant-kumar.eb0ea909/badges
Krishna,,Chaudhari,1,/users/krishna-chaudhari.ea5bd0f3/badges
Shaziya,,Shaikh,1,/users/shaziya-shaikh.5d19b7c6/badges
karan,,kumar,1,/users/karan-kumar.2ac08595/badges
Mitali,,Sharma,1,/users/mitali-sharma.15ee4738/badges
Ramesh,,Podilapu,2,/users/ramesh-podilapu.3a33ce0c/badges
Bharath,,Kumar T,1,/users/bharath-kumar-t.689e99c2/badges
Ashwani,,Kumar,1,/users/ashwani-kumar.8a95ad1d/badges
Shravani,,Komirelli,1,/users/shravani-komirelli/badges
Mandapati,,Bhavani,1,/users/mandapati-bhavani/badges
Piyush,,Agarwal,5,/users/piyush_agarwal/badges
Sachin,,Gopalakrishnan,2,/users/sachin-gopalakrishnan/badges
KARTHIKEYAN,,I,1,/users/karthi-keyan.9589d8aa/badges
Dilip,,Sonavane,1,/users/dilip-sonavane/badges
Ekta,,Srivastava,1,/users/ekta-srivastava.b54d99b2/badges
Prosenjit,,Paul,1,/users/prosenjit-paul.61da7f4c/badges
Sharanya,,Bhat,1,/users/sharanya-bhat/badges
Prajwal,,Wandhare,1,/users/prajwal-wandhare.cad14951/badges
Mehul,,Jain,1,/users/mehul-jain.5238acd1/badges
Piyush,,Agarwal,1,/users/piyush-agarwal.7de4d038/badges
Jaya Durga,,S,1,/users/jaya-durga-s/badges
AJINESH,,D,1,/users/ajinesh-d/badges
K,,Yugavardhan,1,/users/k-yugavardhan/badges
Mohanavel,,Raja,1,/users/mohanavel-raja/badges
Athul,,S,1,/users/athul-s.abff9dfe/badges
C,,Sireesh,1,/users/c-sireesh/badges
Ujjwal,,Kumar,1,/users/ujjwal-kumar.93b5d23b/badges
Bhushan,,Patil,1,/users/bhushan-patil.5d8ea7c9/badges
Lalitha,,Ammanamanchi,1,/users/lalitha-ammanamanchi.3622cfa3/badges
Srinath,,Mandal,1,/users/srinath-mandal/badges
NAGA,,VIJAY,1,/users/naga-vijay.701bd4cd/badges
Vidit,,Shah,1,/users/vidit-shah.670439aa/badges
Tanzeer,,Ahamed,1,/users/tanzeer-ahamed/badges
Latika,,Jaju,1,/users/latika-jaju/badges
Ranjani,,Iyer,1,/users/iyer-ranjani-srikrishnan/badges
Vansh,,Budhwar,1,/users/vansh-budhwar/badges
Harsh,,Jain,1,/users/harsh-jain.fb90cb63/badges
Venkatesh,,Vankadari,2,/users/venkatesh-vankadari/badges
Ramchand,,Repalle,1,/users/ramchand-repalle/badges
Madhava,,Ganesh,1,/users/madhava-ganesh.239c318a/badges
SHAFEEQUR,,RAHMAN,1,/users/shafeequr-rahman/badges
Anindya,,Hazra,1,/users/anindya-hazra/badges
Basva,,Karthik,1,/users/basva-karthik/badges
Javed,,Kalapahad,1,/users/javed-kalapahad/badges
Satish kumar,,Narayanasamy,1,/users/satish-kumar-narayanasamy/badges
Rajesh,,Yadav,1,/users/rajesh-yadav.9ebd4218/badges
Shubham,,Gondane,1,/users/shubham-gondane.29f22c1c/badges
Harshil,,Shah,1,/users/harshil-shah.04b51888/badges
Mohd,,Azhan,1,/users/siddique-azhann/badges
SATHYANARAYANAN,,V,1,/users/sathyanarayanan-v.5421b0f7/badges
Aniruddha,,chakravorty,1,/users/aniruddha-chakravorty/badges
Rahul,,Raj,1,/users/rahul-raj.a9e02327/badges
Janani,,Vijayakumar,2,/users/janani-vijayakumar.efc1fd81/badges
Naman,,Sharma,1,/users/naman-sharma.428747dc/badges
Niteen,,*,1,/users/niteen/badges
Paritosh,,Thakre,1,/users/paritosh-thakre/badges
Kunal,,Singh,1,/users/kunal-singh.1fdbaa8c/badges
Nagam,,Sri Laya,1,/users/nagam-sri-laya/badges
Alugani,,Harshitha,1,/users/alugani-harshitha/badges
adhi,,harsha,1,/users/adhi-harsha/badges
azmath,,Khan,1,/users/azmath-khan.4350ef9e/badges
Abdul Meeraz,,Rachakula,1,/users/abdul-meeraz-rachakula/badges
Ram,,Jeevan,1,/users/ram-jeevan.5c82f18d/badges
Deepali,,Verma,1,/users/deepali-verma.5fec716f/badges
Chhavi,,Goel,1,/users/chhavi-goel.50ece499/badges
Vaibhav,,Ashtikar,1,/users/vaibhav-ashtikar.8148137e/badges
Mallikarjuna,,Appasani,1,/users/mallikarjuna-appasani.9844d1da/badges
saikumar,,kakarla,1,/users/saikumar-kakarla/badges
Priyanka,,Avula,1,/users/priyanka-avula/badges
Hemanth,,Zacharias,1,/users/hemanth-zacharias.0a011341/badges
Rishabh,,Gupta,1,/users/rishabh-gupta.5b8b78da/badges
Abhishek,,Shrestha,1,/users/abhishek-shrestha.6785089c/badges
Gouthami,,Baddam,1,/users/gouthami-baddam/badges
Aarti,,Ram,1,/users/aarti-ram/badges
Rashmi,,Pradhan,1,/users/rashmi-pradhan.e72ef9f7/badges
Bhavani,,Chennaiah,1,/users/bhavani-chennaiah/badges
Saravanan,,P,1,/users/saravanan-p.5a8c80a3/badges
Vijay Chandrashekar,,Kalyanshetti,1,/users/vijay-chandrashekar-kalyanshetti/badges
sreeja,,Balachandran,1,/users/sreeja-balachandran.2e1e32a9/badges
Shyam,,Kumar,1,/users/shyam-kumar.1806b9bf/badges
Lakshmi,,Ganesan,1,/users/lakshmi-ganesan/badges
Shruti,,Deshmukh,1,/users/shruti-deshmukh.ed3f51e3/badges
Sai Krishna,,Kasarla,1,/users/sai-krishna-kasarla/badges
Bhavana,,Dhama,1,/users/bhavana-dhama/badges
Zuheenisha,,Yousuf,1,/users/zuheenisha-yousuf/badges
Sangepu,,Vilas,1,/users/sangepu-vilas/badges
Priyanka,,Ghawghawe,1,/users/priyanka-ghawghawe/badges
Mothe,,Vahini,1,/users/mothe-vahini/badges
Y,,mohan reddy,1,/users/y-mohan-reddy/badges
Yash,,Parashar,5,/users/yash-parashar.ce5237ae/badges
Karthika,,Dhanabalan,1,/users/karthika-dhanabalan.88d0549a/badges
Dilipkumar,,M,2,/users/dilipkumar-m.fa06aeb1/badges
Python,,Django,1,/users/python-django/badges
Shaik,,Abid,1,/users/shaik-abid.a58198b6/badges
Ritam,,Kulshreshtha,1,/users/theritam/badges
Gaurang,,Khaneja,1,/users/gaurang-khaneja/badges
Sahil,,Suri,2,/users/sahil-suri.9d80a6ce/badges
Damera,,Satheesh Kumar,1,/users/damera-satheesh-kumar/badges
Nitesh Kumar,,Bhagat,1,/users/nitesh-kumar-bhagat/badges
Anshit,,Raj,1,/users/anshit-raj/badges
Manogna,,Badala,1,/users/manogna-badala/badges
Radhika,,Shinde,1,/users/radhika-shinde.1ea38afc/badges
Jayanthi,,velu,1,/users/jayanthi-velu.1e7d9412/badges
Suhas,,Venugopal,1,/users/suhas-venugopal/badges
Sritha,,Ts,1,/users/sritha-ts/badges
rahul,,raj,1,/users/rahul-raj.5b250eb6/badges
Banka,,Shilpa,1,/users/banka-shilpa/badges
Nilesh,,Devre,1,/users/nilesh-devre.e4b7f9ac/badges
Oshin,,*,1,/users/oshin.40cdd7ab/badges
Vani,,Gandepalli,1,/users/vani-gandepalli/badges
Vinay Kumar,,Penumarthi,1,/users/vinay-kumar-penumarthi/badges
Dharmendra,,Gupta,1,/users/dharmendra-gupta.1fc09b6b/badges
Shaik,,Baji Baba,1,/users/shaik-baji-baba.85593be5/badges
Ajith,,Kumar,1,/users/ajith-kumar.0e4f87af/badges
Pooja,,Gupta,1,/users/pooja-gupta.f2609b87/badges
Shubham,,Chaudhari,1,/users/shubham-chaudhari.eaf37cfa/badges
Vaibhav,,Agarwal,1,/users/vaibhav-agarwal.f3ec8b77/badges
Girik,,Koul,1,/users/girik-koul/badges
Maheesh,,Mellela,1,/users/maheesh-mellela/badges
Sushama,,Pathela,2,/users/sushama-pathela.11b96bfc/badges
Awantika,,Bajpai,2,/users/awantika-bajpai/badges
Mahamadzaki,,Patani,1,/users/mahamadzaki-patani/badges
Neeraj,,Ninawe,1,/users/neeraj-ninawe/badges
Venkatesh,,Krishnaraj,1,/users/venkatesh-krishnaraj/badges
pragati,,salunke,1,/users/pragati-salunke.dd01dda9/badges
Deepthi,,Harikrishnan,1,/users/deepthi-harikrishnan/badges
Sarumathi,,Venkatesan,1,/users/sarumathi-venkatesan/badges
Sonal,,Chincholia,1,/users/sonal-chincholia.c0f1dbdd/badges
Vishal,,Rathore,1,/users/vishal-rathore.6bedb173/badges
Rahul,,Kumar,1,/users/rahul-kumar.48db6084/badges
yeswanth,,bonela,1,/users/yeswanth-bonela.17aef216/badges
Monica,,Chandrasekaran,1,/users/monica-chandrasekaran.74943688/badges
Deep,,Shikha,1,/users/deep-shikha.ee6dd0f2/badges
Mariyam,,Ashai,1,/users/mariyam-ashai/badges
sreedhar reddy,,Guda,1,/users/sreedhar-reddy-guda.e6a3cde5/badges
Aniruddha,,Desai,1,/users/aniruddha-desai.087371f9/badges
Prashant,,mengane,1,/users/prashant-mengane/badges
Raju,,Kowdi,1,/users/raju-kowdi/badges
Varapathi,,Janakiram,1,/users/varapathi-janakiram/badges
Jagjot,,Singh,1,/users/jagjot-singh.579ff40a/badges
Shahanshah,,Nayyar,1,/users/shahanshah-nayyar/badges
Susmita,,Singh,1,/users/susmita-singh.8f56669c/badges
Priti,,Gulhane,1,/users/priti-gulhane/badges
Pratik,,Mahalle,1,/users/pratik-mahalle.2fc23d61/badges
Fahim,,Abbasi,1,/users/fahim-abbasi/badges
Satapathy,,Susrisusmitha,1,/users/satapathy-susrisusmitha/badges
Bhuvanendiran,,S,1,/users/bhuvanendiran-s.89a4b96a/badges
Ankit,,Verma,1,/users/ankit-verma.ed7a2418/badges
Venkatesh,,Pathina,1,/users/venkateshpathina/badges
Sahil,,Jain,1,/users/sahil-jain.8ddbcef9/badges
Manisha,,Kommalapati,1,/users/manisha-kommalapati/badges
Nandkishore,,Verma,1,/users/nandkishore-verma.922e1620/badges
Ankita,,Pise,1,/users/ankita-pise.02c3869e/badges
Vignan,,Tumma,1,/users/vignan-tumma/badges
Aieshwarya,,Shedji,1,/users/aieshwarya-shedji.00983322/badges
Deepti,,Bhardwaj,1,/users/deepti-bhardwaj.6844ff7e/badges
Sai Harshith,,Kondadasula,1,/users/sai-harshith-kondadasula/badges
Shivani,,Vengala,1,/users/shivani-vengala/badges
Omteja,,Yallapragada,1,/users/omteja04/badges
Rashmi,,Shrawak,1,/users/rashmi-shrawak/badges
mythili,,sundar,1,/users/mythili-sundar/badges
Manikanta,,Bathinedi,1,/users/manikanta-bathinedi/badges
Akash,,Chekka,1,/users/akash-chekka/badges
Laxmi,,Dawane,1,/users/laxmi-dawane/badges
Yogesh,,Jarkad,1,/users/yogesh-jarkad/badges
Shiromani,,Mulgir,1,/users/shiromani-mulgir.3596e254/badges
Guljari Rao,,Gautam,1,/users/guljari-rao-gautam/badges
Varun,,Jajoo,1,/users/varun-jajoo.068a2cfd/badges
NALAJALA,,HARISH,1,/users/nalajala-harish/badges
shweta,,kushwaha,1,/users/shweta-kushwaha.ed4ea115/badges
Shashi,,Verma,1,/users/shashi-verma.3dad0490/badges
Mohammed,Sameena,Sultana,1,/users/sameena-sultana-mohammed/badges
Kusum,,Pandey,1,/users/kusum-pandey.2c3b52eb/badges
Sri Swetha,,Bokka,1,/users/sri-swetha-bokka/badges
Mallagoni,,Shiva Priya,1,/users/mallagoni-shiva-priya.edf047ff/badges
Renuka,,S,1,/users/renuka-s.fce51226/badges
Faizan,,Khan,3,/users/faizan-khan.b4c61cce/badges
Praveen,,Kanamarlapudi,1,/users/praveen-kanamarlapudi/badges
Sangeeta,,Chalwadi,1,/users/sangeeta-chalwadi/badges
Muthukumar,,S,1,/users/muthukumar-s.40456f93/badges
Niranjan,,Singh,1,/users/niranjan-singh.becc3dbf/badges
Shubham,,Sourav,1,/users/shubham-sourav.a38b0b46/badges
Mujeebkhan,,Pathan,1,/users/mujeebkhan-pathan.76a2b11d/badges
Eeda,,Gunavardhan,1,/users/eeda-gunavardhan.0e904ece/badges
Naveen,,Kamalapuram,1,/users/naveen-kamalapuram/badges
Hamendra,,Tyagi,1,/users/hamendra-tyagi/badges
Sarvasuddi,,Kanaka Ratnam,1,/users/sarvasuddi-kanaka-ratnam.da5d008a/badges
Parmeshwar,,*,1,/users/parmeshwar/badges
Mangesh,,Gaikwad,1,/users/mangesh-gaikwad.436b4e88/badges
Sandeep,,Budruck,1,/users/sandeep-budruck.1dfa0f29/badges
Prashant,,Unnikrishnan,1,/users/prashant-unnikrishnan.6c3e8568/badges
Onkar,,Chavan,1,/users/onkar-chavan.c05e4379/badges
Prasada Reddy,,Bachu,1,/users/prasada-reddy-bachu/badges
Azad,,Ahmad Malik,1,/users/azad-ahmad-malik/badges
Kajal,,Nagare,1,/users/kajal-nagare/badges
Khush,,Gandhi,1,/users/khush-gandhi.ece5d40c/badges
Vinay,,Bhivgade,1,/users/vinay-bhivgade/badges
Shuvam,,Das,1,/users/shuvam-das.74264d6f/badges
Atluri,,SRI SWAPNA,1,/users/atluri-sri-swapna.1bc9a981/badges
Sai Jeevan,,Thippaipalli,1,/users/sai-jeevan-thippaipalli/badges
Muhammad,,Azharuddin,1,/users/muhammad-azharuddin.39fe5e00/badges
Atharva,,Patil,1,/users/atharva-patil.daacce6d/badges
Pankaj,,Yadav,1,/users/pankaj-yadav.6bbab5da/badges
Gautham,,Shervegar,2,/users/gauthamshervegar/badges
Pratiksha,,Gawale,1,/users/pratiksha-gawale/badges
Keerthana,,V,1,/users/keerthana-v.20933744/badges
Urmila,,Ungatla,1,/users/urmila-ungatla/badges
Piyush,,Verma,1,/users/piyush-verma.df6b99d1/badges
Naman,,Puri,1,/users/naman-puri.9d23ebd6/badges
Ramireddy,,Kumar,1,/users/ramireddy-kumar/badges
Dishant,,Modh,1,/users/dishant-modh/badges
Nunna,,Namratha,1,/users/nunna-namratha/badges
Abdullah,,Shahid,1,/users/abdullah-shahid.4d797e6d/badges
Madanachari,,Kammara,1,/users/madanachari-kammara/badges
Arvind,,.,1,/users/arvind.cd338196/badges
Aakash Kumar,,Singh,2,/users/aakash-kumar-singh.0a478c41/badges
NIKHIL,,Ambala,1,/users/nikhil-ambala/badges
Mamidala,,Vaishnavi,1,/users/mamidala-vaishnavi.9cd6eb44/badges
Sumanth,,U,1,/users/sumanth-u/badges
DEESHMA,,DEEPAK,1,/users/deeshma-deepak/badges
Nithishkumar,,Kulandaivel,1,/users/nithishkumar-kulandaivel/badges
Haritha,,N,1,/users/haritha-n.3807549c/badges
Haripriya,,K,1,/users/haripriya-k.cfc61a2f/badges
pranali,,thorat,1,/users/pranali-thorat.23f4c803/badges
Deepika,,Arumugam,1,/users/deepika-arumugam.4169fc9f/badges
Dharmesh,,Rautela,1,/users/dharmesh-rautela/badges
Anushree,,Rakhunde,1,/users/anushree-rakhunde/badges
Nikita,,Sangal,1,/users/nikita-sangal/badges
Sourav,,Golui,1,/users/sourav-golui/badges
Hema Siva Pavani,,Pappala,1,/users/hema-siva-pavani-pappala.ed659c82/badges
Yogesh,,Kumar,1,/users/yogesh-kumar.e40ce5e2/badges
Sumant,,Alla,1,/users/sumant-alla/badges
SHIVA,,KOLAGANI,1,/users/shiva-kolagani/badges
PATHINA ANIL,,KUMAR,1,/users/pathina-anil-kumar.3f603ec0/badges
KEDARI,,VANDANA,1,/users/kedari-vandana/badges
Mathivanan,,S N,1,/users/mathivanan-s-n/badges
Debopriyo,,Mukherjee,1,/users/debopriyo-mukherjee/badges
Bhavana,,Pulidindi,1,/users/bhavana-pulidindi/badges
VENKATAPAVAN KUMAR,,GUDLURU,1,/users/venkatapavan-kumar-gudluru.b785611b/badges
MADHAN,,KUMAR M E,1,/users/madhan-kumar-m-e/badges
Raviteja,,Pothala,1,/users/raviteja-pothala/badges
Sitaramulu,,Matsa,1,/users/sitaramulu-matsa/badges
Kalyani,,Kondavaradala,1,/users/kalyani-kondavaradala/badges
Murali Krishna,,Burugapalli,3,/users/murali-krishna-burugapalli/badges
dhanasekar,,palanisami,1,/users/dhanasekar-palanisami/badges
Amit,,kumar,1,/users/amit-kumar.282339b5/badges
Vaishnavi,,Udtha,1,/users/vaishnavi-udtha/badges
Nitish,,Seth,1,/users/nitish-seth/badges
cheekoti,,saiteja,1,/users/cheekoti-saiteja/badges
Mahalakshmi,,R,1,/users/mahalakshmi-r.16fa0e1f/badges
Khamhiti,,Alluri,1,/users/khamhiti-alluri/badges
Mizba,,Fathima S A,1,/users/mizba-fathima-s-a/badges
Shweta,,Salunkhe,1,/users/shweta-salunkhe.85a32b81/badges
Tagore Srinath Reddy,,Palle,1,/users/tagore-srinath-reddy-palle/badges
Saptaparni,,Sarkar,1,/users/saptaparni-sarkar/badges
Manoj,,Nair,1,/users/manoj-nair.8057348c/badges
Rajesh Kumar,,Venu,1,/users/rajesh-kumar-venu.42abf297/badges
ganesh,,kadam,1,/users/ganesh-kadam.effed168/badges
Gattu,,Lakshmi Venkata Sai Jaswanth,1,/users/gattu-lakshmi-venkata-sai-jaswanth.8848e2e5/badges
GOPAGONI,,NAVEEN,1,/users/gopagoni-naveen.d644f452/badges
Dishani,,Roychowdhury,1,/users/dishani-roychowdhury/badges
kiran,,thokal,1,/users/kiran-thokal/badges
Akansha,,Gahlot,1,/users/akansha-gahlot/badges
Mayank,,.,1,/users/mayank-gl/badges
MD,,FAIZ,1,/users/md-faiz.ce7d6fe6/badges
Priya Sharan,,Gupta,1,/users/priya-sharan-gupta.44198530/badges
Sourabh,,Chanchawat,1,/users/sourabh-chanchawat/badges
Rishikesh Varma,,upparapalli,1,/users/rishikesh-varma-upparapalli/badges
Jagadeesh,,Puppala,1,/users/jagadeesh-puppala/badges
Vidyashree,,R,1,/users/vidyashree-r.19632f6b/badges
Utkarsh,,_,1,/users/utkarsh-_/badges
Jayasurya,,E,1,/users/jayasurya-e/badges
Jayasri,,Kammari,1,/users/jayasri-kammari/badges
Anwar Sahil,,Roddam,1,/users/anwar-sahil-roddam/badges
CHANDRAKUMAR,,V,1,/users/chandrakumar-v/badges
Jitesh,,Khilosia,1,/users/jitesh-khilosia/badges
Preeti,,Raj,1,/users/preeti-raj.d756f7d7/badges
Man,,Singh,1,/users/man-singh.031f16ee/badges
tarun,,dudeja,1,/users/tarun-dudeja.453c1d62/badges
Kevin,,Pereira,1,/users/kevin-pereira.c570dca5/badges
Tanmoy,,Das,1,/users/tanmoy-das.c8d3c99c/badges
Ganesh,,Subbiah,2,/users/ganesh-subbiah.e1fa2202/badges
Kaviyarasan,,Andi,1,/users/kaviyarasan-andi/badges
Varun,,Bharti,1,/users/varun-bharti.74222ac0/badges
Sneha,,K S,1,/users/sneha-k-s.215a610c/badges
Jeeva,,Saminathan,1,/users/jeeva-saminathan/badges
Tanumoy,,Bose,2,/users/tanumoy-bose.95a7f9d4/badges
Raju,,Nalla,2,/users/raju-nalla.137957b8/badges
Umar,,Mohammad,1,/users/umar-mohammad.2dcda987/badges
sonika,,mallick,1,/users/sonika-mallick/badges
Darshan,,Jadhav,1,/users/darshan-jadhav.e718e2df/badges
Vignesh,,Goparaj,1,/users/vignesh-goparaj/badges
Naresh Kumar,,Veeranala,1,/users/naresh-kumar-veeranala/badges
Sanchena,,Murugesan,1,/users/sanchena-murugesan/badges
Akshit,,Saxena,1,/users/akshit-saxena.5079fd89/badges
Mamta,,Kothari,1,/users/mamta-kothari/badges
Kavya,,Nangireddy,1,/users/kavya-nangireddy.83f7efaf/badges
Vijayalakshmi,,Velavalapalli,1,/users/vijayalakshmi-velavalapalli.5d6f6d70/badges
Narendra,,Narvaneni,1,/users/narendra-narvaneni/badges
Lalitha Rani,,Palakodeti,1,/users/lalitha-rani-palakodeti/badges
bhargav,,2001,2,/users/bhargav-2001/badges
Sameer,,Sharma,1,/users/sameer-sharma.bd993924/badges
Sathish Kumar,,S,1,/users/sathish-kumar-s.e885fef3/badges
Pentakota,,Yogesh Sairam,1,/users/pentakota-yogesh-sairam/badges
Adarsh,,Kumar,1,/users/adarsh-kumar.80019f32/badges
Ramkumar,,Pasupureddy,1,/users/ramkumar-pasupureddy/badges
Arun Kumar,,Narsingoju,1,/users/arun-kumar-narsingoju/badges
Vijay Bala,,A,1,/users/vijay-bala-a/badges
Hari Kishore,,Jegan,1,/users/hari-kishore-jegan/badges
nitin,,Pokhriyal,1,/users/nitin-pokhriyal/badges
HEMASRI,,CHETTIM CHETTY (RA2211003011092),1,/users/hemasri-chettim-chetty-ra2211003011092/badges
Gresey,,Patidar,1,/users/gresey-patidar.e9394c14/badges
Jogesh,,Kumar Agrawal,1,/users/jogesh-kumar-agrawal/badges
Basangari,,Dinesh Reddy,1,/users/basangari-dinesh-reddy/badges
Shruthi,,Reddy,1,/users/shruthi-reddy.0940b6d9/badges
Sujit,,Das,1,/users/sujit-das.83e1d3fd/badges
sirisha,,GOPISETTI,1,/users/sirisha-gopisetti.01fdac7c/badges
Shreyanshi,,Sinha,1,/users/shreyanshi-sinha/badges
Saloni,,Chaudhari,1,/users/saloni-chaudhari.c369f85c/badges
MONE,,SREELEKHA,1,/users/mone-sreelekha/badges
MANASA,,AREPALLI,1,/users/manasa-arepalli/badges
Kathula,,Vyshnavi,1,/users/kathula-vyshnavi/badges
Abhirup,,Tapadar,1,/users/abhirup-tapadar/badges
Pritam,,ROY,1,/users/pritam-roy.8097b780/badges
Vasundhara,,Jangam,3,/users/vasundhara-jangam/badges
Abhinaya,,Enugula,1,/users/abhinaya-enugula/badges
Kavya,,S,1,/users/kavya-s.5167ea1b/badges
Hymavathi,,Hymavathi,1,/users/hymavathi-hymavathi/badges
Puhabi,,Basu,2,/users/puhabi-basu/badges
Piyush,,Garg,1,/users/piyushgarg/badges
Gajula,,Omkar,1,/users/gajula-omkar/badges
Kakumanu,,Tejasri,1,/users/kakumanu-tejasri.28d54b7c/badges
Rajat,,Gerwal,1,/users/rajat-gerwal/badges
Yashi,,Agarwal,1,/users/yashi-agarwal.8568d75e/badges
AKASH,,BADHE,3,/users/akash-badhe.f3f012b1/badges
Kalpana,,Elumalai,1,/users/kalpana-elumalai/badges
salma,,sultana,1,/users/salma-sultana.e54bce96/badges
ADRIJA,,GHOSH,1,/users/adrija-ghosh.e9305ed5/badges
Khantil,,Pujara,1,/users/khantil-pujara/badges
Jitender,,Kumawat,1,/users/jitender-kumawat/badges
KUSUMA,,SANKEERTHI,1,/users/kusuma-sankeerthi/badges
"Ghosh,",,Nivedita,1,/users/ghosh-nivedita/badges
Dhanraj,,Rathi,1,/users/dhanraj-rathi/badges
sumit,,negi,1,/users/sumit-negi.6f06d4f1/badges
Harshith Kumar,,Paka,1,/users/harshith-kumar-paka/badges
Naveen,,Jami,1,/users/naveen-jami.ee090500/badges
Gabriela,,Jennifer,1,/users/gabriela-jennifer.7184ced2/badges
Rambabu,,Mg,1,/users/rambabu-mg/badges
Md Rifaqat,,Nawaz,1,/users/md-rifaqat-nawaz/badges
MeghaShyam,,Yellapu,1,/users/meghashyam-yellapu.713aea14/badges
Bhavanasi,,Yaswanth Ajay,1,/users/bhavanasi-yaswanth-ajay/badges
Neha,,Lahoti,1,/users/neha-lahoti.8e30b6e3/badges
Shruti,,Kakade,1,/users/shruti-kakade.3accbd72/badges
EKAMBARAM,,VINDHYA,1,/users/ekambaram-vindhya/badges
Uprant,,Kumar,1,/users/uprant-kumar.25047b94/badges
Gayatri,,Gandikota,1,/users/gayatri-gandikota/badges
Trinanjan,,Majumder,1,/users/trinanjan-majumder.536b9684/badges
MADHUMITHAA,,K C,1,/users/madhumithaa-k-c/badges
Pavithira,,M,1,/users/pavithira-m.98bb9261/badges
Vigneshwari,,Gaddam,3,/users/vigneshwari-gaddam/badges
Dharani,,Kovvuri,3,/users/dharani-kovvuri.86e9a183/badges
KARTHIC,,E,1,/users/karthic-e/badges
Venkatesh Reddy,,Nossam,1,/users/venkatesh-reddy-nossam.39313749/badges
Rupal,,Singh,1,/users/rupal-singh.3dce4ab7/badges
Anand,,Padmanabhan,1,/users/anand-padmanabhan.4916a493/badges
vamsikrishna,,pamuru,1,/users/vamsikrishna-pamuru/badges
Sushma,,Pinjala,1,/users/sushma-pinjala.21e388c6/badges
Ravichandra,,k,1,/users/ravichandra-k.5da6ef55/badges
Mohit,,_,1,/users/mohit-_.f45f2397/badges
Kumar,,Abhinav,1,/users/kumar-abhinav.b01d8480/badges
M,,Divya,1,/users/m-divya.f5f17654/badges
pavan,,donur,1,/users/pavan-donur/badges
Hema,,Kabaleeswaran,1,/users/hema-kabaleeswaran/badges
Vinay Kumar,,Veeramallu,1,/users/vinay-kumar-veeramallu.560dd33c/badges
Saran,,Sundar,1,/users/saran-sundar.0f443364/badges
Sabbana,,Harika,1,/users/sabbana-harika.5f0ec1e5/badges
Neha,,Bansal,1,/users/neha-bansal.435affa6/badges
Sabyasachi,,Samantasinghar,1,/users/sabyasachi-samantasinghar/badges
RICHARD,,SUNNY,1,/users/richard-sunny/badges
Manish,,Kumar,1,/users/manish-kumar.4162dcc5/badges
Piyush,,Ramteke,2,/users/piyush-ramteke.9140b852/badges
Vinayak M,,Hiregoudar,1,/users/vinayak-m-hiregoudar/badges
Gangumalla,,Satya Sri,1,/users/gangumalla-satya-sri/badges
Venkata Revanth,,Bondalapati,3,/users/venkata-revanth-bondalapati.79ffa753/badges
Sandeep,,P S,2,/users/sandeepps1299/badges
Sanket,,Desai,1,/users/sanket-desai.13d41c8f/badges
burru,,karthik,1,/users/burru-karthik.b5faf370/badges
Parvez,,Rahaman,1,/users/parvez-rahaman.d542a333/badges
Ravi,,Souram,1,/users/ravi-souram/badges
Yamini,,Dommeti,1,/users/yamini-dommeti/badges
KARTHIKEYAN,,PALANISAMI,1,/users/karthikeyan-palanisami/badges
Venkatesh,,Srinivasan,1,/users/venkatesh-srinivasan.0ce91a8a/badges
geetha,,challa,1,/users/geetha-challa.e934620d/badges
Srilakshmi,,S,1,/users/srilakshmi-s.de9f3f6a/badges
Ayesha Begum,,Shaik,1,/users/ayesha-begum-shaik.24c9ad4b/badges
Ashish,,Sharma,1,/users/ashish-sharma.5bd3e21f/badges
Ansh,,Pandey,1,/users/ansh-pandey.9058a5aa/badges
Pritam,,Sadhu,1,/users/pritam-sadhu.1e01e689/badges
Ratiranjan,,Behera,1,/users/ratiranjan-behera.42c47d40/badges
GAYATRI,,NEHE,1,/users/gayatri-nehe.32ba751b/badges
BHUPALAM,,TEJASWINNI,1,/users/bhupalam-tejaswinni/badges
Deepa,,Anburaj,1,/users/deepa-anburaj/badges
Jagadeesh,,S,1,/users/jagadeesh-s.eaca83d7/badges
Hemshankar,,Ganesan,1,/users/hemshankar-ganesan.1b05ff84/badges
akash,,patra,1,/users/akash-patra.4d7a79b6/badges
Yogeshwaran,,P,1,/users/yogeshwaran-p.96574b79/badges
Samant,,Kumar,1,/users/samant-kumar.b9a039e1/badges
Md Aryan,,Khan,1,/users/md-aryan-khan.fe896777/badges
Akashdeep,,Gupta,1,/users/akashdeep-47/badges
Nadeem Ahemad,,Malek,5,/users/nadeem-ahemad-malek/badges
Chennamalraj,,M,1,/users/chennamalraj-m.7ce6b788/badges
ARUN,,S,1,/users/arun-s.25bdf377/badges
Thyagaraju,,B,1,/users/thyagaraju-b.9d8a7b0c/badges
Mitesh,,Shah,1,/users/mitesh-shah.04e3a2d6/badges
srilekhya,,lanka,1,/users/srilekhya-lanka.39132d69/badges
Dependra,,Singh,1,/users/dependra-singh/badges
Digant,,Kulkarni,1,/users/digant-kulkarni/badges
Sajal,,Mukherjee,1,/users/sajal-mukherjee.712b1115/badges
Arun,,N,3,/users/arun-n.6b013e2f/badges
Pushpa,,Nimje,1,/users/pushpa-nimje/badges
Nanthakumar,,Rajagopal,1,/users/nanthakumar-rajagopal.0ffec3c9/badges
Vignesh,,Lagishetti,1,/users/vignesh-lagishetti/badges
Manohar,,Bharti,1,/users/manohar-bharti.99f6fb2c/badges
Swagata,,Chaudhuri,1,/users/swagat-chaudhuri/badges
Ankit,,Gupta,1,/users/ankit-gupta.429b8386/badges
lakshmi,,jamithireddy,1,/users/lakshmi-jamithireddy.dbf10e5d/badges
Priyanshi,,Gupta,1,/users/priyanshi-gupta.4ec2b2fe/badges
Jyothishwar,,Reddy,1,/users/jyothishwar-reddy/badges
Priyanshi,,Yadav,1,/users/priyanshi-yadav.f1c3cfa6/badges
Sudeshna,,Bhattacharjee,2,/users/sudeshna-bhattacharjee.31760478/badges
Akshaya,,Myla,1,/users/akshaya-myla/badges
Manikandan,,M,1,/users/manikandan-m.725cac98/badges
Chandrakala,,Lingala,1,/users/chandrakala-lingala/badges
RITHIKA,,LOGANATHAN,1,/users/rithika-loganathan/badges
sirisha,,eslavath,1,/users/sirisha-eslavath/badges
Nilavo,,Chatterjee,1,/users/nilavo-chatterjee/badges
Rajendra Sai,,Talari,1,/users/rajendra-sai-talari.c15628c4/badges
Anurag,,Rohikar,1,/users/anurag-rohikar/badges
Yash,,Bhawarkar,1,/users/yash-bhawarkar/badges
Adeeb,,Jamil,1,/users/adeeb-jamil.3d27e48f/badges
Varsha,,Wagh,1,/users/varsha-wagh.755d16ef/badges
Manish,,choudhary,1,/users/manish-choudhary.56abca11/badges
Saurabh,,Thorat,1,/users/saurabh-thorat.96ea0aad/badges
Amit,,Sharma,1,/users/amit-sharma.2091c813/badges
Mahesh,,Deekonda,1,/users/mahesh-deekonda.065cab28/badges
Aman,,patidar,1,/users/aman-patidar.a8537595/badges
Divya,,Sundara,1,/users/divya-sundara/badges
Savarana,,Sathiyanarayanan,1,/users/savarana-sathiyanarayanan/badges
Seema,,A,1,/users/seema-a.637bf2cc/badges
Akshay,,Chaudhari,3,/users/akshay-chaudhari.895a3396/badges
Mohamed,,Rasith,1,/users/mohamed-rasith.24eff5fd/badges
Vineeth,,Joyson,1,/users/vineeth-joyson/badges
Rashmi Priya,,Dharmaraju,1,/users/rashmi-priya-dharmaraju/badges
Niranjan Reddy,,Thalapareddy,3,/users/niranjan-reddy-thalapareddy/badges
Dheeru,,Bhardwaj,1,/users/dheeru-bhardwaj/badges
Sara,,Pani,1,/users/sara-pani.f7618b9e/badges
Manimala,,P,1,/users/manimala-p/badges
Nalini Kanta,,Sahoo,1,/users/nalini-kanta-sahoo/badges
Sai,,Sudheer,1,/users/sai-sudheer.18858f6e/badges
Lilesh,,Rathore,1,/users/lilesh-rathore/badges
Shambhavi,,Hiremath,1,/users/shambhavi-hiremath/badges
Harshada,,Garad,1,/users/harshada-garad.480c3327/badges
Bandana,,Sinha,1,/users/bandana-sinha/badges
andluru,,Akhila,1,/users/andluru-akhila/badges
karthikeyan,,S,1,/users/karthikeyan-s.1536be2c/badges
Sweta,,Sharma,1,/users/sweta-sharma.d3aa1149/badges
Vinitha,,Vijayan,1,/users/vinitha-vijayan.af6ab6d6/badges
Naresh,,Pothuraju,1,/users/naresh-pothuraju/badges
Srikanth,,Gorre,1,/users/srikanth-gorre.f73afb1f/badges
Arun,,Rawat,1,/users/arun-rawat.fbefd447/badges
Bedadala,,Ashok Kumar reddy,1,/users/bedadala-ashok-kumar-reddy/badges
Rajesh,,Adiga,1,/users/rajesh-adiga/badges
Balu Amareswar,,Valavala,1,/users/balu-amareswar-valavala/badges
Shaunak,,Sakhare,1,/users/shaunak-sakhare/badges
Kalyanie,,Lakshmanan,1,/users/kalyanie-lakshmanan/badges
DRAVIDA CHOZHAN,,B,1,/users/dravida-chozhan-b/badges
Sri Rakesh,,Tokala,1,/users/sri-rakesh-tokala/badges
Sri Sai Sahana,,V I,1,/users/sri-sai-sahana-v-i/badges
Anisetti,,Aravind,1,/users/anisetti-aravind/badges
Sumathi,,Selvaraj,1,/users/sumathi-selvaraj.39616e5c/badges
Sanath Kumar,,Raju,1,/users/sanath-kumar-raju/badges
Venkatesh,,P,1,/users/venkatesh-p.ef237281/badges
POONKODI,,A,1,/users/poonkodi-a/badges
Harshal,,Raipure,1,/users/harshal-raipure/badges
Bhavana,,Gorantla,1,/users/bhavana-gorantla/badges
Gowrishankar,,Saravanan,1,/users/gowrishankar-saravanan/badges
gayathri,,balakrishnan,1,/users/gayathri-balakrishnan.5aa30dd6/badges
Prashant,,Aghao,1,/users/prashant-aghao/badges
Veshali,,Mehta,1,/users/veshali-mehta.8c8b5c54/badges
Pranesh,,S,1,/users/pranesh-s.c486dc21/badges
Madan,,Lal,5,/users/madan-lal.080e0351/badges
Yuvashri,,J,1,/users/yuvashri-j.0626c3f0/badges
Ratnapriya,,Singh,1,/users/ratnapriya-singh/badges
PRASATH,,S,1,/users/prasath-s.883cfdb7/badges
Mohan Venkatesh,,Jagarapu,1,/users/mohan-venkatesh-jagarapu/badges
Pooja,,Hande,1,/users/pooja-hande.e2edf3da/badges
Sowmya,,Kanniyappan,1,/users/sowmya-kanniyappan/badges
Sahil,,Bichunavar,1,/users/sahil-bichunavar/badges
Yoshita,,Bhoir,1,/users/yoshita-bhoir.b00b40b4/badges
satish,,Reddy,1,/users/satish-reddy.298d80e3/badges
Macha,,Santhosh,1,/users/macha-santhosh/badges
Sai Subbarao,,Ravuri,1,/users/sai-subbarao-ravuri/badges
Ashish,,Mahobia,2,/users/ashish-mahobia/badges
Pallavi,Arun,Rakhade,1,/users/pallavi-rakhade/badges
SHIVAM,,TIWARI,1,/users/shivam-tiwari.e8040610/badges
Kriti,,Kumari,1,/users/kriti-kumari.5d27f189/badges
Saniya,,Ahuja,1,/users/saniya-ahuja/badges
Pawan,,Kumar,1,/users/pawan-kumar.6396661b/badges
Pitchaimuthu,,Chelladurai,2,/users/pitchaimuthu-chelladurai/badges
Zeeshan,,Singh,1,/users/zeeshan-singh/badges
Apeksha,,Jain,1,/users/apeksha-jain.bcc21a28/badges
Srikanth,,Kotipalli,1,/users/srikanth-kotipalli.adcae14e/badges
Mahesh,,Yalla,1,/users/mahesh-yalla.14431ada/badges
Srishti,,Raut,1,/users/srishti-raut/badges
Sai Chandana,,Cherukuri,1,/users/sai-chandana-cherukuri/badges
VENKATA NAGABHUSHANA REDDY,,BOMMAREDDY,1,/users/venkata-nagabhushana-reddy-bommareddy/badges
JaganMohan,,Reddy,1,/users/jaganmohan-reddy.1969130f/badges
neeharika,,manem,1,/users/neeharika-manem/badges
Suma,,Janumpally,1,/users/suma-janumpally/badges
Preethi,,Subramanian,1,/users/preethi-subramanian.b1990e32/badges
sonali,,mahato,1,/users/sonali-mahato.9243a89a/badges
Anil,,Ajmeera,1,/users/anilajmeera/badges
Deena,,Dickson,1,/users/deena-dickson/badges
Ameena,,Chandankeri,1,/users/ameena-chandankeri/badges
vijay,,korrai,1,/users/vijay-korrai/badges
Manjiri,,Larokar,1,/users/manjiri-larokar/badges
Ashish,Gangadhar,Lodhe,1,/users/ashish-lodhe.582e2c75/badges
Sanjai,,Mahesh,1,/users/sanjai-mahesh/badges
Ajitha,,S,1,/users/ajitha-s.b82df7a2/badges
Priyanka,,jadhav,1,/users/priyanka-jadhav.f4ea9681/badges
Chaitanya,,Thalloory,1,/users/thalloory-chaitanya/badges
Monica,,Jain,1,/users/monica-jain.fd1a7dac/badges
pranav,,sai,1,/users/pranav-sai.bd24bf06/badges
chukka,,LEELA,2,/users/chukka-leela/badges
Harsh,,Gidronia,1,/users/harsh-gidronia/badges
Muthu,,Baskar,1,/users/muthu-baskar/badges
Balaji,,M S,1,/users/balaji-m-s.6bbbcb78/badges
Durga,,Maya,1,/users/durga-maya/badges
Amal,,Manohar,1,/users/amal-manohar.26743218/badges
Bhupendra,,Sahu,1,/users/bhupendra-sahu.0f055b32/badges
Khushboo,,Nayak,1,/users/khushboo-nayak.e0847c60/badges
Mohit,,Kumar,1,/users/mohit-kumar.f14c8670/badges
PRIYANKA,,SINGH,1,/users/priyanka-singh.b359e5ae/badges
Gaea,,Titus E,1,/users/gaea-titus-e/badges
Aviral,,Khede,1,/users/aviral-khede.0852f315/badges
Bhamidipati,,Prathyusha,1,/users/bhamidipati-prathyusha/badges
JETTY,,BALA VEERA SWAMY,1,/users/jetty-bala-veera-swamy/badges
Sandeep,,Vishwakarma,1,/users/sandeep-vishwakarma.853659ff/badges
kirti,,kashyap,1,/users/kirti-kashyap.5170098b/badges
Surbhi,,Soni,1,/users/surbhi-soni.7472597f/badges
Ajay,,Kannan,1,/users/ajay-kannan.979dd636/badges
Sanjana,,Sabbani,1,/users/sanjana-sabbani/badges
Shrivatsa,,Rao,1,/users/shrivatsa-rao/badges
Saurabh,,Chauhan,1,/users/saurabh-chauhan.9b6cd006/badges
Ayushi,,Sharma,1,/users/ayushi-sharma.c199fc97/badges
Dhatchaiyine,,B M,2,/users/dhatchaiyine-b-m.74a168e8/badges
